,employ_id,employ_name,manager_name,manager_email,bu,6/21/2021 - 6/27/2021,6/28/2021 - 7/04/2021,2021-06-21 - 2021-06-27,2021-06-28 - 2021-07-04,2021-07-05 - 2021-07-11,2021-07-12 - 2021-07-18,2021-07-19 - 2021-07-25,2021-07-26 - 2021-07-29
0,102541,"Aziz, Azlan Abdul","Lim, Cheng Hwee",CH_Lim@amat.com,WWO,C,X1,,,,,,
1,103084,"Chow, Seng Wong","Peh, Wee Kok",Wee_Kok_Peh@amat.com,WWO,C,C,,,,,,
2,103773,"Shanmuganathan, Ponnambalam","Fleishell, Ann",Ann_Fleishell@amat.com,EEG,C,,,,,,,
3,104540,"Gan, Pin Gian","Hee, Jyh Chyang",Dominic_Hee@amat.com,SPG,C,C,,,,,,
4,104605,"Chia, Soon Kiat","Chai, Meng Yih",Meng_Yih_Chai@amat.com,WWO,X1,X2,,,,,,
5,105939,"Lim, Yin Wei","See, Guan Huei",gilbert_see@amat.com,SPG,C,C,,,,,,
6,106387,"Bhat, Sanjay","Jindal, Vibhu",Vibhu_Jindal@amat.com,SPG,X1,C,,,,,,
7,106513,"Wong, Kam Seng","Gvili, Sharon",Sharon_Gvili@amat.com,QUA,,C,,,,,,
8,106703,"Jupudi, Ananthkrishna","Tsai, Cheng-Hsiung",Matt_Tsai@amat.com,SPG,C,C,,,,,,
9,108124,"Xie, Yong Liang (???)","Zhou, Li",Li_Zhou@amat.com,WWO,C,C,,,,,,
10,108245,"Yeo, Hwee Na Juliana","Chan, Jenny",Jenny_Chan_HR@amat.com,HRM,,C,,,,,,
11,108314,"R Subramaniam, Muralidhar","Bhat, Sanjay",Sanjay_Bhat@amat.com,SPG,X1,C,,,,,,
12,108410,"Ytac, Sherwin","Soh, Kian Seng",Damien_Soh@amat.com,SPG,C,C,,,,,,
13,108511,"Lee, Yang Ming","Charn, Tze Howe",TzeHowe_Charn@amat.com,AIT,C,C,,,,,,
14,109569,"Cheng, Khor Wui","Ng, Jin Kiat",JinKiat_Ng@amat.com,CTO,C,C,,,,,,
15,110464,"Borjal, Laurence G","Santos, Sherwin",Sherwin_Santos@amat.com,WWO,C,X1,,,,,,
16,110472,"Jamora, John Apostol","Leong, Kok Meng",KokMeng_Leong@amat.com,WWO,C,C,,,,,,
17,110635,"Fortuna, Christopher Joy","Lim, Cheng Hwee",CH_Lim@amat.com,WWO,X1,X2,,,,,,
18,110736,"Cai, Steve","Chin, Derrick",Derrick_Chin@amat.com,CSD,C,C,,,,,,
19,111057,"Gunasekaran, Arun Kumar","Lim, Wei Yang",WeiYang_Lim@amat.com,WWO,,C,,,,,,
20,111179,"Lim, Ai Ling","Abdallah, Bilal",Bilal_Abdallah@amat.com,WWO,C,,,,,,,
21,111450,"Budhi Subramani, Dinesh","Zhou, Li",Li_Zhou@amat.com,WWO,C,C,,,,,,
22,111559,"Chong, David","Chia, Soon Kiat",Soon_Kiat_Chia@amat.com,WWO,C,C,,,,,,
23,111570,"Ramasamy, Selvakumar","Quah, Han Oon",Oliver_Quah@amat.com,AGS,X1,X2,,,,,,
24,111634,"Koh, Bok Lim","Chan, Steven",Steven_Chan@amat.com,WWO,X1,C,,,,,,
25,111635,"Koh, Chin Beng","Kok, Roy",Roy_Kok@amat.com,WWO,C,C,,,,,,
26,111636,"Peh, Wee Kok","Chan, Steven",Steven_Chan@amat.com,WWO,C,C,,,,,,
27,111955,"Tio, Ephraim","Lim, Cheng Hwee",CH_Lim@amat.com,WWO,C,X1,,,,,,
28,111959,"Tan, Hock Meng","Ng, Sai kheong",Sai_kheong_Ng@amat.com,WWO,C,C,,,,,,
29,111973,"Lau, Chee Kiu","Santos, Sherwin",Sherwin_Santos@amat.com,WWO,C,C,,,,,,
30,111980,"Hay, Garry","Chin Soon, Yap",Chin_Soon_Yap@amat.com,WWO,X1,X2,,,,,,
31,111984,"Tan, Lian Huat","Chia, Soon Kiat",Soon_Kiat_Chia@amat.com,WWO,C,C,,,,,,
32,112117,"Chi, Sik Hin","Papanu, James S",Jim_Papanu@amat.com,SPG,C,C,,,,,,
33,112404,"Lau, Chin Seng","Hee, Jyh Chyang",Dominic_Hee@amat.com,SPG,C,C,,,,,,
34,112417,"Leonor, Ramir","Quah, Han Oon",Oliver_Quah@amat.com,AGS,X1,X2,,,,,,
35,112644,"Rosario, John","Leonor, Ramir",Ramir_Leonor@amat.com,AGS,C,,,,,,,
36,112724,"Soon, Khim Tiong","Bhat, Sanjay",Sanjay_Bhat@amat.com,SPG,C,C,,,,,,
37,112771,"Tresvalles, Gilbert","Leonor, Ramir",Ramir_Leonor@amat.com,AGS,,C,,,,,,
38,112898,"Ocampo, Roy L","Lim, Cheng Hwee",CH_Lim@amat.com,WWO,X1,X2,,,,,,
39,112899,"Lim, Sooi Hwa","Chia, Soon Kiat",Soon_Kiat_Chia@amat.com,WWO,X1,C,,,,,,
40,112929,"Mohd Salleh, Mohd Sharin","Munirathnan Ganesan, Saravanan",Saravanan_Ganesan@amat.com,WWO,C,X1,,,,,,
41,112949,"Bin Aton, Johari","Koh, Jeff",Jeff_Koh@amat.com,WWO,C,X1,,,,,,
42,112950,"Shan, Saravanan","Leong, Kok Meng",KokMeng_Leong@amat.com,WWO,X1,C,,,,,,
43,112952,"Macatangay, Christopher","Koh, Jeff",Jeff_Koh@amat.com,WWO,C,C,,,,,,
44,112955,"Sanchez, Julius","Leong, Kok Meng",KokMeng_Leong@amat.com,WWO,C,C,,,,,,
45,112961,"Koh, Hwee Song","Koh, Jeff",Jeff_Koh@amat.com,WWO,C,C,,,,,,
46,112962,"Santos, Sherwin","Lousma, Matthew O",Matthew_Lousma@amat.com,WWO,X1,C,,,,,,
47,112981,"Ko, Ing Hock","Mohd Hassan, Abu Talib",Mohd_Hassan@amat.com,WWO,C,C,,,,,,
48,112984,"Anos, Solino","Ee, Tian Chor",TianChor_Ee@amat.com,WWO,X1,X2,,,,,,
49,112985,"Tan, Wee Yen","Leng, Wai Keong",WaiKeong_Leng@amat.com,WWO,X1,C,,,,,,
50,112994,"Hashim, Mohd Suradi","Leong, Kok Meng",KokMeng_Leong@amat.com,WWO,C,C,,,,,,
51,112996,"Lee, Kim Chye","Kurkcu, Nihat",Nihat_Kurkcu@amat.com,WWO,C,C,,,,,,
52,112999,"Ellana, Armando","Ng, Sai kheong",Sai_kheong_Ng@amat.com,WWO,C,C,,,,,,
53,113007,"Chee Wah, Lee","Wong, Kim Soon",KimSoon_Wong@amat.com,WWO,C,C,,,,,,
54,113021,"Mu, Aan Wooi","Peh, Wee Kok",Wee_Kok_Peh@amat.com,WWO,C,X1,,,,,,
55,113022,"Magendren, Kaliapan","Chin Soon, Yap",Chin_Soon_Yap@amat.com,WWO,X1,X2,,,,,,
56,113023,"Foo, Siak Meng","Chin Soon, Yap",Chin_Soon_Yap@amat.com,WWO,X1,C,,,,,,
57,113024,"Ranchez, Jimmy Julius P","Santos, Sherwin",Sherwin_Santos@amat.com,WWO,X1,X2,,,,,,
58,113028,"Tan, Benson","Ng, Sai kheong",Sai_kheong_Ng@amat.com,WWO,C,C,,,,,,
59,113029,"Natividad, Herman B","Soh, Boon Tiang",BoonTiang_Soh@amat.com,WWO,C,C,,,,,,
60,113051,"Mohd Hassan, Abu Talib","Chai, Meng Yih",Meng_Yih_Chai@amat.com,WWO,C,C,,,,,,
61,113053,"Lirazan, Rodolfo","Ee, Tian Chor",TianChor_Ee@amat.com,WWO,C,C,,,,,,
62,113056,"Teo, Kevin","Lee, Taras",Taras_Lee@amat.com,WWO,C,,,,,,,
63,113175,"Wei, Junqi (???)","Hoerner, Bridger E",Bridger_Hoerner@amat.com,SPG,X1,C,,,,,,
64,113185,"Kader Moideen, Mustaq Hussain","Wong, Kim Soon",KimSoon_Wong@amat.com,WWO,C,C,,,,,,
65,113256,"Yi, Wei","Kunnakkat, Sonny",Sonny_Kunnakkat@amat.com,WWO,,C,,,,,,
66,113258,"Aquino, Kristine Chester L","Wong, Kim Soon",KimSoon_Wong@amat.com,WWO,C,X1,,,,,,
67,113259,"Perez, Jefferson E","Rodriguez, Juan A",Juan_Manufacturing_Rodriguez@amat.com,WWO,C,C,,,,,,
68,113280,"Castillo, Joseph M","Chia, Soon Kiat",Soon_Kiat_Chia@amat.com,WWO,C,C,,,,,,
69,113305,"Chan, Nan Fatt","Lee, Taras",Taras_Lee@amat.com,WWO,C,C,,,,,,
70,113316,"Pareja Ordonez, Oliver","Leonor, Ramir",Ramir_Leonor@amat.com,AGS,,C,,,,,,
71,113385,"Ghim Aik, Oh","Chia, Soon Kiat",Soon_Kiat_Chia@amat.com,WWO,X1,C,,,,,,
72,113392,"Lee, Fook Lam","Mohd Hassan, Abu Talib",Mohd_Hassan@amat.com,WWO,C,C,,,,,,
73,113393,"Yeo, Yong Hui","Santos, Sherwin",Sherwin_Santos@amat.com,WWO,C,X1,,,,,,
74,113394,"Lim, Ah Huat","Mohd Hassan, Abu Talib",Mohd_Hassan@amat.com,WWO,C,C,,,,,,
75,113395,"Tham, Kok Tim","Mohd Hassan, Abu Talib",Mohd_Hassan@amat.com,WWO,C,C,,,,,,
76,113400,"Seah, Javien Jin Ping","Tan, Brian",Brian_Tan@amat.com,AGS,C,,,,,,,
77,113478,"Mah, Wee Heng","Lonier, Robert A",Robert_Lonier@amat.com,QUA,C,C,,,,,,
78,113503,"Munirathnan Ganesan, Saravanan","Campbell, Rory M",Rory_M_Campbell@amat.com,WWO,C,C,,,,,,
79,113504,"Chiam, June Hwee Kiang","Maberry, Kelly M",Kelly_Maberry@amat.com,HRM,C,,,,,,,
80,113509,"Liakat Ali, Muhammad Ridzal","Munirathnan Ganesan, Saravanan",Saravanan_Ganesan@amat.com,WWO,X1,C,,,,,,
81,113510,"Thobias, Lanin Micheal","Leng, Wai Keong",WaiKeong_Leng@amat.com,WWO,C,C,,,,,,
82,113524,"To, Chun Yu","Soh, Kian Seng",Damien_Soh@amat.com,SPG,X1,X2,,,,,,
83,113525,"Kumar, Sanjay","Chin Soon, Yap",Chin_Soon_Yap@amat.com,WWO,C,C,,,,,,
84,113527,"Chang, King Leou","Mohd Hassan, Abu Talib",Mohd_Hassan@amat.com,WWO,C,X1,,,,,,
85,113541,"Kader Meera, Abdul Malik","Chia, Soon Kiat",Soon_Kiat_Chia@amat.com,WWO,C,C,,,,,,
86,113560,"Salim, Norsolehin Bin","Chia, Soon Kiat",Soon_Kiat_Chia@amat.com,WWO,C,C,,,,,,
87,113561,"Tan, Lee Soon","Santos, Sherwin",Sherwin_Santos@amat.com,WWO,C,X1,,,,,,
88,113575,"Chin Soon, Yap","Chan, Steven",Steven_Chan@amat.com,WWO,X1,X2,,,,,,
89,113615,"Villaflor, Edwin Santiago","Soh, Boon Tiang",BoonTiang_Soh@amat.com,WWO,C,C,,,,,,
90,113620,"Lim, Chow Koon","Leong, Kok Meng",KokMeng_Leong@amat.com,WWO,C,C,,,,,,
91,113621,"Bin Hussain Shah, Omar","Santos, Sherwin",Sherwin_Santos@amat.com,WWO,X1,X2,,,,,,
92,113622,"Dela Cruz, Arnold","Chin Soon, Yap",Chin_Soon_Yap@amat.com,WWO,X1,X2,,,,,,
93,113623,"Ramos, Jay Majarreis","Wong, Kim Soon",KimSoon_Wong@amat.com,WWO,C,C,,,,,,
94,113624,"Lim, Ting Yu","Leong, Kok Meng",KokMeng_Leong@amat.com,WWO,C,C,,,,,,
95,113625,"Koh, Chee Keong","Chin Soon, Yap",Chin_Soon_Yap@amat.com,WWO,C,C,,,,,,
96,113634,"Zhou, Li","Lee, Taras",Taras_Lee@amat.com,WWO,C,C,,,,,,
97,113653,"Djoko Nugroho, Vincentius","Soh, Boon Tiang",BoonTiang_Soh@amat.com,WWO,C,C,,,,,,
98,115046,"Lee, Leng keaw thomas","Peh, Wee Kok",Wee_Kok_Peh@amat.com,WWO,X1,C,,,,,,
99,115051,"Ng, Sai kheong","Liu, George",George_Liu@amat.com,WWO,C,C,,,,,,
100,115059,"Noor ali, Nazir ali bin","Chin Soon, Yap",Chin_Soon_Yap@amat.com,WWO,X1,X2,,,,,,
101,115063,"Dhamodharan, Kamaraj","Santos, Sherwin",Sherwin_Santos@amat.com,WWO,X1,C,,,,,,
102,115084,"Yu, Glenn","Chin Soon, Yap",Chin_Soon_Yap@amat.com,WWO,C,C,,,,,,
103,115086,"Tan, Kok Beng","Santos, Sherwin",Sherwin_Santos@amat.com,WWO,C,C,,,,,,
104,115305,"Poo, Ching lee","Peh, Wee Kok",Wee_Kok_Peh@amat.com,WWO,C,C,,,,,,
105,115321,"Ong, Heng seng","Lim, Cheng Hwee",CH_Lim@amat.com,WWO,C,C,,,,,,
106,115336,"Mohamoad, Yazid bin","Leong, Kok Meng",KokMeng_Leong@amat.com,WWO,C,C,,,,,,
107,115341,"Chua, Eng tiong","Vallinayagam, Shaji P",Shaji_Vallinayagam@amat.com,WWO,C,,,,,,,
108,115402,"Villareal, Lyndon","Leonor, Ramir",Ramir_Leonor@amat.com,AGS,,C,,,,,,
109,115412,"Sukri, Farid idros","Peh, Wee Kok",Wee_Kok_Peh@amat.com,WWO,X1,C,,,,,,
110,115413,"Mohamad razali, Noordin bin","Peh, Wee Kok",Wee_Kok_Peh@amat.com,WWO,C,C,,,,,,
111,115414,"Bin isnin, Nooralfian","Santos, Sherwin",Sherwin_Santos@amat.com,WWO,X1,X2,,,,,,
112,115419,"Eng, Boon chai","Chin Soon, Yap",Chin_Soon_Yap@amat.com,WWO,C,C,,,,,,
113,115482,"Moh, Chek khoon","Leong, Kok Meng",KokMeng_Leong@amat.com,WWO,X1,C,,,,,,
114,115484,"Mohamed noordin, Mohamed zafarrulah","Santos, Sherwin",Sherwin_Santos@amat.com,WWO,C,X1,,,,,,
115,115517,"Sum, Yue hoe","Nadig, Divya V",Divya_Nadig@amat.com,AGS,X1,C,,,,,,
116,115520,"Lee, Ze leang","Ee, Tian Chor",TianChor_Ee@amat.com,WWO,C,C,,,,,,
117,115848,"Rehnu, Thanadayuthapany","Ee, Tian Chor",TianChor_Ee@amat.com,WWO,C,C,,,,,,
118,115882,"Toh, Kok Hwee","Ng, Sai kheong",Sai_kheong_Ng@amat.com,WWO,C,C,,,,,,
119,116021,"Tan, Poh chin","Saw, Peck-Leng",Peck_Leng_Saw@amat.com,FIN,X1,C,,,,,,
120,116034,"Lim, Sok kee","Shee, Steven",Steve_Shee@amat.com,FIN,C,C,,,,,,
121,116118,"Ong, Boon Hong","Ee lin, Ong",Teresa_Ong@amat.com,AGS,,C,,,,,,
122,116145,"Gautam, Ribhu","Bhat, Sanjay",Sanjay_Bhat@amat.com,SPG,X1,X2,,,,,,
123,116206,"Babu, Sarath","Jupudi, Ananthkrishna",Ananth_Jupudi@amat.com,SPG,C,C,,,,,,
124,116250,"Tan, Ticher","Chin, Derrick",Derrick_Chin@amat.com,CSD,C,C,,,,,,
125,116326,"Tan, Meng hui vincent","Rodriguez, Juan A",Juan_Manufacturing_Rodriguez@amat.com,WWO,C,,,,,,,
126,116439,"Chia, Bok khim","Lim, Teow Beng",Teow_Beng_Lim@amat.com,WWO,X1,C,,,,,,
127,116475,"Yeo, Huang-Po Derrick","Tsou, James (???)",James_Tsou@amat.com,GIS,,X1,,,,,,
128,116828,"Ratnapala, Chanishka niduk","Ang, Kok Wah",Kok_Wah_Ang@amat.com,QUA,X1,X2,,,,,,
129,116859,"Choragudi, Praveen","Bhat, Sanjay",Sanjay_Bhat@amat.com,SPG,X1,X2,,,,,,
130,116923,"Ang, Thian huat desmond","Koo, Bono",Bono_Koo@amat.com,EEG,C,C,,,,,,
131,116959,"Woon, Amanda","Kurkcu, Nihat",Nihat_Kurkcu@amat.com,WWO,C,C,,,,,,
132,117273,"Chim, Chee Ming","Neibauer, Brian D",Brian_Neibauer@amat.com,QUA,C,,,,,,,
133,117276,"Mohamad Iskandar, Mohamad Fadillah","Quah, Han Oon",Oliver_Quah@amat.com,AGS,C,,,,,,,
134,117288,"Lim, Cheng Hwee","Liu, George",George_Liu@amat.com,WWO,X1,C,,,,,,
135,117292,"Lim, Teng Kooi","Mohamad Iskandar, Mohamad Fadillah",Mohd_Fadillah@amat.com,AGS,C,C,,,,,,
136,117293,"Loh, Kher Chong","Chan, Timothy",Timothy_Chan@amat.com,SPG,,C,,,,,,
137,119012,"Sowmithri, C k","Kurkcu, Nihat",Nihat_Kurkcu@amat.com,WWO,C,C,,,,,,
138,119075,"Kurkcu, Nihat","Ong, KC",KC_ong@amat.com,WWO,X1,,,,,,,
139,119182,"Rajasundaram, Wiselin","Goel, Vaneet K",Ben_Goel@amat.com,WWO,C,C,,,,,,
140,119551,"Agarwal, Prashant","Babu, Sarath",Sarath_Babu@amat.com,SPG,C,,,,,,,
141,119850,"Mardivirin, Pascal Daniel","Kurkcu, Nihat",Nihat_Kurkcu@amat.com,WWO,C,,,,,,,
142,119916,"Tan, Lee sar","Fichbein Kleiner, Rachel",Rachel_Fichbein@amat.com,HRM,C,C,,,,,,
143,120208,"Low, Queency (Huey Lan)","Lim, Ai Ling",Ai_Ling_Lim@amat.com,WWO,C,,,,,,,
144,120478,"Hoi, Siew Kit","Hoerner, Bridger E",Bridger_Hoerner@amat.com,SPG,C,X1,,,,,,
145,120549,"Chai, Shuang Huei","Wong, Kim Soon",KimSoon_Wong@amat.com,WWO,C,C,,,,,,
146,120602,"Koh, Tuck Foong","Goh, Clinton",Clinton_Goh@amat.com,SPG,C,C,,,,,,
147,120622,"Lianto, Prayudi","See, Guan Huei",gilbert_see@amat.com,SPG,C,C,,,,,,
148,120647,"Bhoyar, Sankesha","Rastegar, Abbas",Abbas_Rastegar@amat.com,SPG,C,C,,,,,,
149,120830,"Leo Raja, Lourduraj Christofer","Wyly, Kristopher S",Kristopher_Wyly@amat.com,WWO,X1,C,,,,,,
150,120888,"Abdullah, Muhammad Haqbil","Leng, Wai Keong",WaiKeong_Leng@amat.com,WWO,C,C,,,,,,
151,120918,"Ramalinggam, Ilamaaran","Leng, Wai Keong",WaiKeong_Leng@amat.com,WWO,X1,X2,,,,,,
152,120923,"Lam, Zadig","Mittal, Sanjiv",Sanjiv_Mittal@amat.com,AGS,C,C,,,,,,
153,120927,"ESWARAPRASAD, GANDHI","Leng, Wai Keong",WaiKeong_Leng@amat.com,WWO,C,C,,,,,,
154,120989,"Yusof, Yasier","Koh, Jeff",Jeff_Koh@amat.com,WWO,C,C,,,,,,
155,121012,"Wang, Zongbin","Seutter, Sean",Sean_Seutter@amat.com,SPG,X1,X2,,,,,,
156,121066,"Williams, Matthew P","Sithamparanathan, S.Kunalan",SKunalan_Sithamparanathan@amat.com,WWO,C,C,,,,,,
157,121145,"Gopal, Sri Rengan","Lim, Cheng Hwee",CH_Lim@amat.com,WWO,C,C,,,,,,
158,121165,"Song, Jiao","Chen, Nuno Yen-Chu",NunoYenChu_Chen@amat.com,SPG,X1,C,,,,,,
159,121170,"Lim Hoi Sim, Vendy","Munirathnan Ganesan, Saravanan",Saravanan_Ganesan@amat.com,WWO,X1,C,,,,,,
160,121244,"Lee, Pei Ching","Char, Ming Sun",Ming_Sun_Char@amat.com,WWO,,C,,,,,,
161,121380,"Lim, Wei Yang","Orr, Steven A",Steven_Orr@amat.com,WWO,C,C,,,,,,
162,143560,"Sidek, Mohamed Esa","Ang, Kok Wah",Kok_Wah_Ang@amat.com,QUA,C,C,,,,,,
163,143631,"Karthikeyan, Natarajan","Ang, Kok Wah",Kok_Wah_Ang@amat.com,QUA,C,C,,,,,,
164,143682,"Fernandez, Avinash Joseph","Gujral, Mohit",Mohit_Gujral@amat.com,QUA,,C,,,,,,
165,143849,"Lee, Christopher","Lam, Zadig",Zadig_Lam@amat.com,AGS,C,C,,,,,,
166,143925,"Shanmugham, Saravanan","Ramasamy, Selvakumar",Selvakumar_Ramasamy@amat.com,AGS,C,C,,,,,,
167,143957,"Lian Hwee, Hau","Sowmithri, C k",C_k_Sowmithri@amat.com,WWO,X1,X2,,,,,,
168,144075,"Loh, Jesson","Peh, Wee Kok",Wee_Kok_Peh@amat.com,WWO,C,C,,,,,,
169,144152,"Toh, William","Nguyen, To-Anh T",To-Anh_Nguyen@amat.com,LEG,C,C,,,,,,
170,153538,"See, Guan Huei","Sundarrajan, Arvind",Arvind_Sundarrajan@amat.com,SPG,,C,,,,,,
171,153548,"Goh, Clinton","Hoerner, Bridger E",Bridger_Hoerner@amat.com,SPG,X1,,,,,,,
172,153825,"Yong, Choon Hong","Soh, Kian Seng",Damien_Soh@amat.com,SPG,C,C,,,,,,
173,153953,"Huang, Alvin","Chin Soon, Yap",Chin_Soon_Yap@amat.com,WWO,C,C,,,,,,
174,153955,"Balatbat, Rommel","Peh, Wee Kok",Wee_Kok_Peh@amat.com,WWO,C,C,,,,,,
175,154014,"Fairulnizam B.  Mohd Iskandar, Mohamad","Ramasamy, Selvakumar",Selvakumar_Ramasamy@amat.com,AGS,C,C,,,,,,
176,154034,"Sunthiramohan, Muraly","Leong, Kok Meng",KokMeng_Leong@amat.com,WWO,X1,X2,,,,,,
177,154081,"Asmuni, Muhammad Aizuddin","Chia, Soon Kiat",Soon_Kiat_Chia@amat.com,WWO,C,X1,,,,,,
178,154191,"Beh, Chin Hui","Chin Soon, Yap",Chin_Soon_Yap@amat.com,WWO,X1,C,,,,,,
179,154201,"waran, Maheswaran","Ng, Sai kheong",Sai_kheong_Ng@amat.com,WWO,C,C,,,,,,
180,154249,"Tan, Chee Hong","Peh, Wee Kok",Wee_Kok_Peh@amat.com,WWO,C,C,,,,,,
181,154257,"Caviente, Canlobo Alfie","Koh, Jeff",Jeff_Koh@amat.com,WWO,C,C,,,,,,
182,154317,"Ramamoorthy, Balaji","Leong, Kok Meng",KokMeng_Leong@amat.com,WWO,C,X1,,,,,,
183,154361,"Ng, Sharon","Hee, Jyh Chyang",Dominic_Hee@amat.com,SPG,X1,C,,,,,,
184,154436,"Zhang, Yubin","Wang, Ben Zongbin",Zongbin_Wang@amat.com,SPG,C,X1,,,,,,
185,154486,"Ismail, Che Salman","Soh, Kian Seng",Damien_Soh@amat.com,SPG,C,C,,,,,,
186,154566,"Supparamainam, Kalaiselvan","Ramasamy, Selvakumar",Selvakumar_Ramasamy@amat.com,AGS,X1,C,,,,,,
187,154644,"Xue Hui, Lai","Tan, Brian",Brian_Tan@amat.com,AGS,,X1,,,,,,
188,154647,"Chua, Ee Chin Shervin","Hoerner, Bridger E",Bridger_Hoerner@amat.com,SPG,,C,,,,,,
189,154707,"Kumar, Sathis","Ramasamy, Selvakumar",Selvakumar_Ramasamy@amat.com,AGS,X1,C,,,,,,
190,155007,"Chia, Calvin Tze Hwee","Leong, Kok Meng",KokMeng_Leong@amat.com,WWO,X1,C,,,,,,
191,155045,"Ang, Mohammad Faizal Bin Aermie","Soon, Khim Tiong",KhimTiong_Soon@amat.com,SPG,C,C,,,,,,
192,155101,"George, Victor","Leong, Kok Meng",KokMeng_Leong@amat.com,WWO,C,C,,,,,,
193,155148,"Ngui, Chang Yong","Ng, David_FSO",David_Ng@amat.com,AGS,X1,C,,,,,,
194,155231,"Han, Keong Yoong","Ramasamy, Selvakumar",Selvakumar_Ramasamy@amat.com,AGS,X1,X2,,,,,,
195,155235,"Wang, Xinxin","Hoi, Siew Kit",SiewKit_Hoi@amat.com,SPG,X1,C,,,,,,
196,155328,"Fu, Zhi Yan","Koh, Jeff",Jeff_Koh@amat.com,WWO,C,C,,,,,,
197,155338,"Lo, Kenny Kin Bin","Chin Soon, Yap",Chin_Soon_Yap@amat.com,WWO,X1,X2,,,,,,
198,155339,"Bin Abdul Rahman, Mohamed Nazirudeen","Koh, Bok Lim",Bok_Lim_Koh@amat.com,WWO,C,C,,,,,,
199,155351,"Kwok, Chun Hing","Peh, Wee Kok",Wee_Kok_Peh@amat.com,WWO,C,C,,,,,,
200,155363,"Chen, He Cai","Zhou, Li",Li_Zhou@amat.com,WWO,C,C,,,,,,
201,155375,"Su, Jun-Liang","Hazlehurst, Richard",Richard_Hazlehurst@amat.com,SPG,C,C,,,,,,
202,155384,"A l Mathuvanan, Haaritaas","Mohamad Iskandar, Mohamad Fadillah",Mohd_Fadillah@amat.com,AGS,C,C,,,,,,
203,155404,"Kang, Kian Huat","Chin Soon, Yap",Chin_Soon_Yap@amat.com,WWO,C,X1,,,,,,
204,155476,"Munusamy, Rames","Leng, Wai Keong",WaiKeong_Leng@amat.com,WWO,C,C,,,,,,
205,155518,"Sivadhramani, Viswanath","Soon, Khim Tiong",KhimTiong_Soon@amat.com,SPG,C,C,,,,,,
206,155566,"Bin Baseer, Muhammad Amin","Ramasamy, Selvakumar",Selvakumar_Ramasamy@amat.com,AGS,,C,,,,,,
207,155642,"Lim, Yong Xiang","Wang, Ben Zongbin",Zongbin_Wang@amat.com,SPG,X1,X2,,,,,,
208,155709,"Zheng, Fei Fei","Chin Soon, Yap",Chin_Soon_Yap@amat.com,WWO,C,C,,,,,,
209,155779,"Jaison, Paniselvam","Ee, Tian Chor",TianChor_Ee@amat.com,WWO,X1,X2,,,,,,
210,155941,"Suo, Peng","YONG, Andy",Andy_Yong@amat.com,SPG,C,C,,,,,,
211,155981,"Vivero, Jonald","Leong, Kok Meng",KokMeng_Leong@amat.com,WWO,C,C,,,,,,
212,155990,"De Guzman Cris, Michael","Leng, Wai Keong",WaiKeong_Leng@amat.com,WWO,X1,X2,,,,,,
213,156138,"Thiyagarajan, Krishna Jothi","Leng, Wai Keong",WaiKeong_Leng@amat.com,WWO,C,C,,,,,,
214,156218,"Gurusamy, Arunkumar","Ee, Tian Chor",TianChor_Ee@amat.com,WWO,C,X1,,,,,,
215,156266,"Sithamparanathan, S.Kunalan","Kunnakkat, Sonny",Sonny_Kunnakkat@amat.com,WWO,C,C,,,,,,
216,156424,"Ravindran, Vilsan","Xie, Yong Liang (???)",Joe_Xie@amat.com,WWO,C,X1,,,,,,
217,156434,"Fung, Peter","Ypma, Keith Edward",Keith_Ypma@amat.com,SPG,C,C,,,,,,
218,156454,"Goh, Madeline Wee Ting","Tan, Poh chin",Poh_Chin_Tan@amat.com,FIN,C,C,,,,,,
219,156471,"Beng Teong, Sim","Leng, Wai Keong",WaiKeong_Leng@amat.com,WWO,C,C,,,,,,
220,156500,"Liu, Shuwei","Zerrade, Azeddine",Azeddine_Zerrade@amat.com,SPG,X1,C,,,,,,
221,156525,"Junio, Joward","Ee, Tian Chor",TianChor_Ee@amat.com,WWO,C,C,,,,,,
222,156594,"Lim, Edwin Collins","Koh, Jeff",Jeff_Koh@amat.com,WWO,C,C,,,,,,
223,156626,"Chan, Yok Tin","Lim, Kah Pin",Kah_Pin_Lim@amat.com,FIN,C,,,,,,,
224,156705,"Tham, Yen Hsiang","Dietz, Jim",James_Dietz@amat.com,CTO,,C,,,,,,
225,156796,"Subramaniam K, Siva","Leng, Wai Keong",WaiKeong_Leng@amat.com,WWO,C,C,,,,,,
226,156826,"Chiong, Kok Khim Kelvin","Ng, Sai kheong",Sai_kheong_Ng@amat.com,WWO,C,C,,,,,,
227,156988,"Bin Samad, Dwi Rahmawan Saputra","Peh, Wee Kok",Wee_Kok_Peh@amat.com,WWO,C,C,,,,,,
228,156989,"Goh, Jia Han","Ng, Kim Hai",Kimhai_Ng@amat.com,WWO,C,C,,,,,,
229,156990,"Vasundaran, Laljin","Chin Soon, Yap",Chin_Soon_Yap@amat.com,WWO,X1,X2,,,,,,
230,157002,"Bin Alwi, Hairul","Koh, Bok Lim",Bok_Lim_Koh@amat.com,WWO,C,C,,,,,,
231,157005,"THIYAGARAJAN, BALSAMY","Leng, Wai Keong",WaiKeong_Leng@amat.com,WWO,X1,C,,,,,,
232,157172,"Le, Dat T","Li, Mei (??)",Mei_Li@amat.com,FIN,X1,X2,,,,,,
233,157174,"Balamurugan, Chinthadurai","Leng, Wai Keong",WaiKeong_Leng@amat.com,WWO,X1,X2,,,,,,
234,157253,"Tan, Boon Chye","Soh, Boon Tiang",BoonTiang_Soh@amat.com,WWO,C,C,,,,,,
235,157256,"Shanmugaraj, Duraipandi","Ng, Sai kheong",Sai_kheong_Ng@amat.com,WWO,C,C,,,,,,
236,157279,"Hoe, Jason","Mohd Hassan, Abu Talib",Mohd_Hassan@amat.com,WWO,C,C,,,,,,
237,157311,"Satri, Muhammad Syamil","Mohamad Iskandar, Mohamad Fadillah",Mohd_Fadillah@amat.com,AGS,C,,,,,,,
238,157312,"Chew, Bui Kian","Ee, Tian Chor",TianChor_Ee@amat.com,WWO,C,C,,,,,,
239,157509,"Yeo, Ching Hu","Munirathnan Ganesan, Saravanan",Saravanan_Ganesan@amat.com,WWO,C,C,,,,,,
240,157692,"Leng, Wai Keong","Kok, Roy",Roy_Kok@amat.com,WWO,X1,C,,,,,,
241,157722,"Chen, Chang Kuei","Lim, Wei Yang",WeiYang_Lim@amat.com,WWO,C,C,,,,,,
242,157738,"Ponusamy, Denesh Kumar","Ng, Sai kheong",Sai_kheong_Ng@amat.com,WWO,C,C,,,,,,
243,157776,"Soe, Nyan Thar","Koh, Jeff",Jeff_Koh@amat.com,WWO,X1,C,,,,,,
244,157837,"Ho, Tien Hong","Mohd Hassan, Abu Talib",Mohd_Hassan@amat.com,WWO,C,C,,,,,,
245,157895,"Sorio, Leonil","Koh, Jeff",Jeff_Koh@amat.com,WWO,C,C,,,,,,
246,157988,"Teo, Sheng Jie","Zhou, Li",Li_Zhou@amat.com,WWO,C,C,,,,,,
247,158029,"Bin Mohd Fadzil, Mohd Afzan","Ramasamy, Selvakumar",Selvakumar_Ramasamy@amat.com,AGS,C,C,,,,,,
248,158270,"Loo, Kooi Tatt Jason","Leng, Wai Keong",WaiKeong_Leng@amat.com,WWO,X1,C,,,,,,
249,158313,"Deveza, Michael","Santos, Sherwin",Sherwin_Santos@amat.com,WWO,X1,C,,,,,,
250,158516,"Ramesh, Pushpanathan","Ng, Sai kheong",Sai_kheong_Ng@amat.com,WWO,C,C,,,,,,
251,158558,"Deng, Guang Yong Felix","Goh, Clinton",Clinton_Goh@amat.com,SPG,C,C,,,,,,
252,158577,"Othman, Mohamad Hedhir","Soh, Boon Tiang",BoonTiang_Soh@amat.com,WWO,C,C,,,,,,
253,158604,"Jantan, Muhammad Harithzan","Leng, Wai Keong",WaiKeong_Leng@amat.com,WWO,C,C,,,,,,
254,158868,"LEE, SENG GUAN","Ee, Tian Chor",TianChor_Ee@amat.com,WWO,C,C,,,,,,
255,158875,"Yew, Kok Wai","Koh, Jeff",Jeff_Koh@amat.com,WWO,C,C,,,,,,
256,158907,"Lai, Wah Yi","Kitowski, Raphael",Raphael_Kitowski@amat.com,SPG,,C,,,,,,
257,158973,"Boh, Kelvin","Wei, Junqi (???)",Junqi_Wei@amat.com,SPG,C,C,,,,,,
258,159072,"Chen, Nuno Yen-Chu","Hoerner, Bridger E",Bridger_Hoerner@amat.com,SPG,C,C,,,,,,
259,159150,"Pow, Darius","Xie, Yong Liang (???)",Joe_Xie@amat.com,WWO,C,C,,,,,,
260,159353,"GOH, HEE HUAT","Peh, Wee Kok",Wee_Kok_Peh@amat.com,WWO,C,X1,,,,,,
261,159365,"Gollahalli Venkatachalam, Tamilarasu","Sivaraj, Ganesh",Ganesh_Sivaraj@amat.com,WWO,X1,C,,,,,,
262,159388,"Liew, Wooi Leong","Sivaraj, Ganesh",Ganesh_Sivaraj@amat.com,WWO,,C,,,,,,
263,159450,"Pang, Choon Huat","Chia, Soon Kiat",Soon_Kiat_Chia@amat.com,WWO,X1,X2,,,,,,
264,159494,"Dhayalan, Kumar","Munirathnan Ganesan, Saravanan",Saravanan_Ganesan@amat.com,WWO,C,C,,,,,,
265,159503,"Chan, Josiah","Teo, Kevin",Kevin_Teo@amat.com,WWO,,C,,,,,,
266,160144,"Chaik, Wai Chung","Peh, Wee Kok",Wee_Kok_Peh@amat.com,WWO,X1,C,,,,,,
267,160148,"Wong, Koon Seong","Peh, Wee Kok",Wee_Kok_Peh@amat.com,WWO,C,C,,,,,,
268,160149,"Chieng, Yew Liong","Chin Soon, Yap",Chin_Soon_Yap@amat.com,WWO,C,X1,,,,,,
269,160187,"Ong, Siok Ming","Sundarrajan, Arvind",Arvind_Sundarrajan@amat.com,SPG,,C,,,,,,
270,160304,"Chow, Poh Loy","Le, Nam",Nam_Le@amat.com,SPG,C,C,,,,,,
271,160306,"Liew, San Choy","Le, Nam",Nam_Le@amat.com,SPG,C,,,,,,,
272,160307,"Wong, Thim Choong","Le, Nam",Nam_Le@amat.com,SPG,X1,X2,,,,,,
273,160316,"Loke, Kok Wei","Le, Nam",Nam_Le@amat.com,SPG,C,C,,,,,,
274,160456,"Xiao, Wen","Zerrade, Azeddine",Azeddine_Zerrade@amat.com,SPG,C,X1,,,,,,
275,160559,"Koh, Tow Wei","Koh, Jeff",Jeff_Koh@amat.com,WWO,C,C,,,,,,
276,160651,"Wu, Xinyu","Peh, Wee Kok",Wee_Kok_Peh@amat.com,WWO,X1,X2,,,,,,
277,160662,"Mat Nasir, Muhammad Hanafi","Chia, Soon Kiat",Soon_Kiat_Chia@amat.com,WWO,C,X1,,,,,,
278,160694,"Rao, JianYang","Munirathnan Ganesan, Saravanan",Saravanan_Ganesan@amat.com,WWO,C,C,,,,,,
279,160797,"Chan, DingWei","Koh, Bok Lim",Bok_Lim_Koh@amat.com,WWO,C,C,,,,,,
280,160863,"Voon, Hsien Yoong John","Ramasamy, Selvakumar",Selvakumar_Ramasamy@amat.com,AGS,X1,,,,,,,
281,160970,"wong, Ying Zhuo Davib (Leewong ying zhuo)","Mohd Hassan, Abu Talib",Mohd_Hassan@amat.com,WWO,C,C,,,,,,
282,160978,"Mathavan, Mohandas","Munirathnan Ganesan, Saravanan",Saravanan_Ganesan@amat.com,WWO,X1,X2,,,,,,
283,160979,"Lee, Shawn","Koh, Jeff",Jeff_Koh@amat.com,WWO,C,C,,,,,,
284,160995,"Dion, Hia","Chia, Soon Kiat",Soon_Kiat_Chia@amat.com,WWO,C,C,,,,,,
285,161028,"Lee, Chin Yong","Lim, Teow Beng",Teow_Beng_Lim@amat.com,WWO,C,X1,,,,,,
286,161035,"Liu, Ye","Sun, Cheng",Cheng_Sun@amat.com,SPG,C,C,,,,,,
287,161105,"Tan, Kok Yew","Sivaraj, Ganesh",Ganesh_Sivaraj@amat.com,WWO,X1,C,,,,,,
288,161124,"Bin Zulkipli, Muhammad Sahril","Peh, Wee Kok",Wee_Kok_Peh@amat.com,WWO,X1,C,,,,,,
289,161234,"Singh, Jacjit","Derderian, Mark A",Mark_Derderian@amat.com,WWO,C,C,,,,,,
290,161291,"Bin Hussin, Mohammed Taqrik","Koh, Jeff",Jeff_Koh@amat.com,WWO,C,C,,,,,,
291,161342,"Cheng, Bryan Ting On","Chua, Eng tiong",Rick_Chua@amat.com,WWO,C,,,,,,,
292,161407,"Bin Ismail, Muhammad Syarifuddin","Sivaraj, Ganesh",Ganesh_Sivaraj@amat.com,WWO,X1,X2,,,,,,
293,161414,"Bin Suati, Muhammad Raizan","Chin Soon, Yap",Chin_Soon_Yap@amat.com,WWO,X1,C,,,,,,
294,161459,"Ooi, Jiin Xiong","Chin Soon, Yap",Chin_Soon_Yap@amat.com,WWO,X1,X2,,,,,,
295,161498,"Khoo, Kah Leng","Lim, Joyce",Joyce_Lim@amat.com,WWO,,X1,,,,,,
296,161576,"Ibnu Jamal, Jadulhakim","Mohd Hassan, Abu Talib",Mohd_Hassan@amat.com,WWO,C,C,,,,,,
297,161691,"Mohamed Juma’at, Mohamed Jumali","Koh, Jeff",Jeff_Koh@amat.com,WWO,C,C,,,,,,
298,161770,"Varghese, Binni","Xiao, Wen",Wen_Xiao@amat.com,SPG,C,C,,,,,,
299,161775,"Tan, Kok Chong","Leong, Kok Meng",KokMeng_Leong@amat.com,WWO,C,C,,,,,,
300,161875,"Mohamed Firman, Mohamed Irfan","Ng, Sai kheong",Sai_kheong_Ng@amat.com,WWO,C,C,,,,,,
301,162026,"Izzat Bin Abdul Rashid, Muhammad","Peh, Wee Kok",Wee_Kok_Peh@amat.com,WWO,C,C,,,,,,
302,162027,"Shafeeq, Abdul","Sivaraj, Ganesh",Ganesh_Sivaraj@amat.com,WWO,C,C,,,,,,
303,162047,"Lim, Chiang Loh","Leng, Wai Keong",WaiKeong_Leng@amat.com,WWO,C,C,,,,,,
304,162091,"Goh, Sze Yong","Leong, Kok Meng",KokMeng_Leong@amat.com,WWO,C,C,,,,,,
305,162105,"Venkidusamy, Ganesh","Leong, Kok Meng",KokMeng_Leong@amat.com,WWO,X1,C,,,,,,
306,162239,"Ong, Heng Guan","Jamil, Irfan",Irfan_Jamil@amat.com,SPG,C,C,,,,,,
307,162273,"Cordova, Alex","Leonor, Ramir",Ramir_Leonor@amat.com,AGS,,C,,,,,,
308,162321,"Soh, Boon Tiang","Chai, Meng Yih",Meng_Yih_Chai@amat.com,WWO,C,C,,,,,,
309,162425,"Tan, Kenneth (???)","Lim, Cheng Hwee",CH_Lim@amat.com,WWO,C,C,,,,,,
310,162428,"BIN BASIRAN, RAFLI","Mohd Hassan, Abu Talib",Mohd_Hassan@amat.com,WWO,C,C,,,,,,
311,162477,"Chong, Kee Boon","Soh, Boon Tiang",BoonTiang_Soh@amat.com,WWO,C,C,,,,,,
312,162478,"Chin, Hock Yong","Lim, Teow Beng",Teow_Beng_Lim@amat.com,WWO,C,C,,,,,,
313,162627,"Mohamad Razali, Muhamad Khir","Mohd Hassan, Abu Talib",Mohd_Hassan@amat.com,WWO,C,X1,,,,,,
314,162721,"Chan, Jenny Lian Hoe","Tan, Lee sar",Lee_Sar_Tan@amat.com,HRM,X1,,,,,,,
315,162750,"Espejo, Van Algene Estioco","Leonor, Ramir",Ramir_Leonor@amat.com,AGS,C,,,,,,,
316,162874,"Guan, Kuang Ren","Leng, Wai Keong",WaiKeong_Leng@amat.com,WWO,X1,C,,,,,,
317,162917,"Kang, Zhang","Wei, Junqi (???)",Junqi_Wei@amat.com,SPG,X1,C,,,,,,
318,163022,"Yue, Cui","Song, Jiao",Jessica_JiaoSong@amat.com,SPG,X1,X2,,,,,,
319,163355,"Koh, Weijun Darrel","Ng, Kim Hai",Kimhai_Ng@amat.com,WWO,C,C,,,,,,
320,163426,"Lim, Kok Keong Stanley","Sudijono, John",John_Sudijono@amat.com,SPG,,C,,,,,,
321,163470,"Raut, Trupti Shashikant","Rosa, Michel A",Mike_Rosa@amat.com,SPG,C,,,,,,,
322,163471,"Rafi, Mohamed","Sudijono, John",John_Sudijono@amat.com,SPG,C,C,,,,,,
323,163492,"Chia, Kian Koon","Kuah, Wee Hian",Wee_Hian_Kuah@amat.com,AGS,C,,,,,,,
324,163500,"Khairuddin, Ahmad","Soon, Khim Tiong",KhimTiong_Soon@amat.com,SPG,C,C,,,,,,
325,163583,"Elumalai, Karthik","Jupudi, Ananthkrishna",Ananth_Jupudi@amat.com,SPG,C,C,,,,,,
326,163601,"Shamsudin, Abdul Fattah","Ramasamy, Selvakumar",Selvakumar_Ramasamy@amat.com,AGS,,C,,,,,,
327,163606,"Abdul Aziz, Abu Uzaeid Usman","Mohamad Iskandar, Mohamad Fadillah",Mohd_Fadillah@amat.com,AGS,,C,,,,,,
328,163698,"Yaoying, Zhong","Hoi, Siew Kit",SiewKit_Hoi@amat.com,SPG,X1,X2,,,,,,
329,163756,"Seow, Desmond","Ryan, Conor",Conor_Ryan@amat.com,AGS,C,C,,,,,,
330,163855,"Pabroquez, Arlene","Seah, Chee Kheong",Victor_Seah@amat.com,CSD,C,C,,,,,,
331,164143,"Yoong, Herng Yau","Xiao, Wen",Wen_Xiao@amat.com,SPG,C,C,,,,,,
332,164220,"Cheong, Sarah","Ang, Kok Wah",Kok_Wah_Ang@amat.com,QUA,C,,,,,,,
333,164240,"Chin, Derrick","Hambleton, Scott A",Scott_Hambleton@amat.com,CSD,C,C,,,,,,
334,164468,"Wang, Aylwin","Lim, Cheng Hwee",CH_Lim@amat.com,WWO,C,X1,,,,,,
335,164882,"Kader Maideen, Mohamed Thaqif","Low, Queency",Queencyhl_Low@amat.com,WWO,C,,,,,,,
336,164893,"Solaimuthu, Navaneetham","Tesic, Lisa C",Lisa_Tesic@amat.com,WWO,C,C,,,,,,
337,164912,"Urlam, Harsha","Mardivirin, Pascal Daniel",Pascal_Mardivirin@amat.com,WWO,,C,,,,,,
338,165135,"Shaharuddin, Ahmad Akmal","Mohamad Iskandar, Mohamad Fadillah",Mohd_Fadillah@amat.com,AGS,C,C,,,,,,
339,165243,"Guo, Jingyi","Sowmithri, C k",C_k_Sowmithri@amat.com,WWO,C,X1,,,,,,
340,165255,"Jayasurya, Rahul","Kang, Eunsook (???)",Eunsook_Kang@amat.com,GIS,C,C,,,,,,
341,165306,"Tan, Chin Wei","Elumalai, Karthik",Karthik_Elumalai@amat.com,SPG,C,C,,,,,,
342,165401,"Wong, Shao Kit","Xie, Yong Liang (???)",Joe_Xie@amat.com,WWO,C,C,,,,,,
343,165538,"Kodumuri, Sai Kumar","Babu, Sarath",Sarath_Babu@amat.com,SPG,C,C,,,,,,
344,165568,"Ng, Eng Huat","Russell, Dougie",Dougie_Russell@amat.com,AGS,C,C,,,,,,
345,165618,"Romero Navarre, Tomas","Rodriguez, Juan A",Juan_Manufacturing_Rodriguez@amat.com,WWO,C,X1,,,,,,
346,165731,"Yap, Chin Po (YapChin Po)","Toh, William",William_Toh@amat.com,LEG,C,C,,,,,,
347,165862,"Loo, Yih Liang","Lim, Ai Ling",Ai_Ling_Lim@amat.com,WWO,C,,,,,,,
348,165945,"Teo, Erica","Li, Zhen",Zhen_Li@amat.com,AIT,C,C,,,,,,
349,165982,"Wong, Fei Yong","Mohamad Iskandar, Mohamad Fadillah",Mohd_Fadillah@amat.com,AGS,C,,,,,,,
350,166222,"Khoo, Tracy Ai Lee","Lee, Melvin",Melvin_Lee@amat.com,WWO,C,C,,,,,,
351,166226,"Jeslin, Poh","Seetoh, Raymond",Raymond_Seetoh@amat.com,WWO,,C,,,,,,
352,166244,"Tsang, Ka Mei","Pon, Joseph M",joe_pon@amat.com,CSD,C,C,,,,,,
353,166256,"XIAOFENG, YE (???)","Peh, Wee Kok",Wee_Kok_Peh@amat.com,WWO,C,C,,,,,,
354,166259,"Phan, Wai Kin","Rastegar, Abbas",Abbas_Rastegar@amat.com,SPG,C,C,,,,,,
355,166277,"Chan, Wei Qin","Lim, Cheng Hwee",CH_Lim@amat.com,WWO,C,C,,,,,,
356,166322,"CAI, XIAO (CAIXIAO)","Soon, Khim Tiong",KhimTiong_Soon@amat.com,SPG,C,X1,,,,,,
357,166325,"Kok, Roy","Liu, George",George_Liu@amat.com,WWO,C,C,,,,,,
358,166389,"ONG, TIAN HUANG","Peh, Wee Kok",Wee_Kok_Peh@amat.com,WWO,C,C,,,,,,
359,166475,"FangJie, LIM","Elumalai, Karthik",Karthik_Elumalai@amat.com,SPG,C,C,,,,,,
360,166513,"Kamsani, Hairil","Koh, Jeff",Jeff_Koh@amat.com,WWO,C,C,,,,,,
361,166525,"Ng, Kok Chun","Leong, Kok Meng",KokMeng_Leong@amat.com,WWO,C,C,,,,,,
362,166553,"Loy, Teck Poon","Ee, Tian Chor",TianChor_Ee@amat.com,WWO,C,C,,,,,,
363,166556,"Liang, XiaoLing","Leong, Kok Meng",KokMeng_Leong@amat.com,WWO,C,X1,,,,,,
364,166557,"Poh, WeiYi","Ee, Tian Chor",TianChor_Ee@amat.com,WWO,X1,C,,,,,,
365,166595,"Tan, Shui Yuan","Lim, Wei Yang",WeiYang_Lim@amat.com,WWO,C,C,,,,,,
366,166597,"Tan, Ngiap Han","Le, Nam",Nam_Le@amat.com,SPG,C,C,,,,,,
367,166609,"Orana, Johnathan","Ng, Kim Hai",Kimhai_Ng@amat.com,WWO,X1,X2,,,,,,
368,166857,"Hasan, Mohamed Isa","Chia, Soon Kiat",Soon_Kiat_Chia@amat.com,WWO,C,C,,,,,,
369,166865,"Lee, Teck Koon","Lam, Zadig",Zadig_Lam@amat.com,AGS,C,C,,,,,,
370,166885,"Tham, Yong Kin","Lim, Cheng Hwee",CH_Lim@amat.com,WWO,C,C,,,,,,
371,166923,"Yap, Eng soon","Sithamparanathan, S.Kunalan",SKunalan_Sithamparanathan@amat.com,WWO,C,C,,,,,,
372,167025,"Xie, Liangpeng","Lloyd, Scott G",Scott_Lloyd@amat.com,WWO,,C,,,,,,
373,167051,"Qiu, David JunJie","Xie, Yong Liang (???)",Joe_Xie@amat.com,WWO,X1,X2,,,,,,
374,167052,"Wu, Mengxue","Hoi, Siew Kit",SiewKit_Hoi@amat.com,SPG,C,X1,,,,,,
375,167053,"Wang, Ying","See, Guan Huei",gilbert_see@amat.com,SPG,C,C,,,,,,
376,167058,"Xiong, Lulu","Wang, Ben Zongbin",Zongbin_Wang@amat.com,SPG,X1,X2,,,,,,
377,170248,"LIM, MAVERICK WEN LONG","Peh, Wee Kok",Wee_Kok_Peh@amat.com,WWO,C,C,,,,,,
378,170257,"BIN AYUB, MUHAMMAD KHAIRUL HUDA","Leng, Wai Keong",WaiKeong_Leng@amat.com,WWO,C,C,,,,,,
379,170337,"Salleh, Sulaiman","Koh, Bok Lim",Bok_Lim_Koh@amat.com,WWO,X1,X2,,,,,,
380,170338,"Rasid, Muhammad Afiq","Koh, Bok Lim",Bok_Lim_Koh@amat.com,WWO,X1,C,,,,,,
381,170365,"PERUMALU, NAGARAJAN","Sivaraj, Ganesh",Ganesh_Sivaraj@amat.com,WWO,X1,X2,,,,,,
382,170395,"Ho, Jim","Xie, Yong Liang (???)",Joe_Xie@amat.com,WWO,X1,X2,,,,,,
383,170491,"Nguh, Yeong Jian","Lim, Teow Beng",Teow_Beng_Lim@amat.com,WWO,X1,X2,,,,,,
384,170531,"Ee, Tian Chor","Liu, George",George_Liu@amat.com,WWO,C,C,,,,,,
385,170546,"Cheng, Edwin","Koh, Bok Lim",Bok_Lim_Koh@amat.com,WWO,X1,X2,,,,,,
386,170551,"Cheng, Hsiao-Ying Shelly","Charn, Tze Howe",TzeHowe_Charn@amat.com,AIT,X1,C,,,,,,
387,170660,"Lai, Weng Mun Austin","Lim, Cheng Hwee",CH_Lim@amat.com,WWO,C,C,,,,,,
388,170803,"Devarajan, Mohankumar","Wyly, Kristopher S",Kristopher_Wyly@amat.com,WWO,C,C,,,,,,
389,170811,"Ng, Jin Kiat","Dietz, Jim",James_Dietz@amat.com,CTO,,C,,,,,,
390,170828,"Chen, Tian Seong Teeas","Ee, Tian Chor",TianChor_Ee@amat.com,WWO,C,C,,,,,,
391,170835,"Liew, De Xiang Max","Ng, Kim Hai",Kimhai_Ng@amat.com,WWO,X1,X2,,,,,,
392,170838,"Bin Mohamad Razali, Muhamad Nasir","Koh, Bok Lim",Bok_Lim_Koh@amat.com,WWO,C,C,,,,,,
393,170842,"SU, EMILY","Wang, Yingmin",Yingmin_Wang@amat.com,CTO,X1,,,,,,,
394,171068,"Lim, Roy","Chiam, June Hwee Kiang",june_chiam@amat.com,HRM,C,,,,,,,
395,171078,"Chong, Jye Lin","Toh, William",William_Toh@amat.com,LEG,C,C,,,,,,
396,171096,"JAGADEESH, ARUN","Sivaraj, Ganesh",Ganesh_Sivaraj@amat.com,WWO,X1,X2,,,,,,
397,171131,"Lee, Janice Sze Jie","Soon, Khim Tiong",KhimTiong_Soon@amat.com,SPG,C,C,,,,,,
398,171146,"Lau, Fu Long","Teo, Kevin",Kevin_Teo@amat.com,WWO,C,C,,,,,,
399,171177,"Teo, Wei Xuan Bryan","Lim, Wei Yang",WeiYang_Lim@amat.com,WWO,X1,X2,,,,,,
400,171223,"Aliwarga, Edita","Li, Zhen",Zhen_Li@amat.com,AIT,X1,X2,,,,,,
401,171242,"Sahib, Meera","Ng, Sai kheong",Sai_kheong_Ng@amat.com,WWO,C,C,,,,,,
402,171316,"Khoo, Ding Jie","Hong, Khai Hwa",Khai_Hwa_Hong@amat.com,SPG,C,X1,,,,,,
403,171464,"Mok, Danielle","Chan, Jenny",Jenny_Chan_HR@amat.com,HRM,C,,,,,,,
404,171487,"Tong, Shayna","Lim, Cheng Hwee",CH_Lim@amat.com,WWO,C,C,,,,,,
405,171494,"Zheng, Terence","Ee, Tian Chor",TianChor_Ee@amat.com,WWO,C,C,,,,,,
406,171512,"Lau, Darrell","Koh, Jeff",Jeff_Koh@amat.com,WWO,C,C,,,,,,
407,171630,"Chong, Hoi Jin","R Subramaniam, Muralidhar",Muralidhar_Subramaniam@amat.com,SPG,C,C,,,,,,
408,171670,"Chung, Ka Wai","Le, Nam",Nam_Le@amat.com,SPG,C,C,,,,,,
409,171699,"Abdul, Muhamad","Mohd Hassan, Abu Talib",Mohd_Hassan@amat.com,WWO,C,X1,,,,,,
410,171702,"Lim, Ben Khai","Leng, Wai Keong",WaiKeong_Leng@amat.com,WWO,C,C,,,,,,
411,171732,"Hoo, Jimmy","Chia, Soon Kiat",Soon_Kiat_Chia@amat.com,WWO,C,C,,,,,,
412,171788,"Sa adan, Muhammad Shahril Bin","Leng, Wai Keong",WaiKeong_Leng@amat.com,WWO,C,X1,,,,,,
413,171830,"Tan, Ching Loong","Mohamad Iskandar, Mohamad Fadillah",Mohd_Fadillah@amat.com,AGS,,C,,,,,,
414,171831,"MUHAMMAD, Azmin","Mohamad Iskandar, Mohamad Fadillah",Mohd_Fadillah@amat.com,AGS,C,C,,,,,,
415,171859,"Rengaraj, Arun","Bhat, Sanjay",Sanjay_Bhat@amat.com,SPG,C,,,,,,,
416,171887,"Dass, Taroon","Mohd Hassan, Abu Talib",Mohd_Hassan@amat.com,WWO,C,C,,,,,,
417,171985,"Ismail, Fairuz","Wong, Kim Soon",KimSoon_Wong@amat.com,WWO,X1,C,,,,,,
418,172022,"Kua, Mei San","Zhou, Li",Li_Zhou@amat.com,WWO,X1,X2,,,,,,
419,172034,"Bin Sabtu, Muhammad Syafizan","Leng, Wai Keong",WaiKeong_Leng@amat.com,WWO,X1,X2,,,,,,
420,172088,"Leong, Kok Meng","Liu, George",George_Liu@amat.com,WWO,X1,X2,,,,,,
421,172193,"Wang, Qifeng","Lim, Wei Yang",WeiYang_Lim@amat.com,WWO,C,C,,,,,,
422,172405,"Lim, Chu Ern","Mohamad Iskandar, Mohamad Fadillah",Mohd_Fadillah@amat.com,AGS,C,C,,,,,,
423,172409,"Selva Raju, Kaviya","Li, Zhen",Zhen_Li@amat.com,AIT,X1,X2,,,,,,
424,172428,"Hazlehurst, Richard","Jupudi, Ananthkrishna",Ananth_Jupudi@amat.com,SPG,C,C,,,,,,
425,172436,"Foo, Siang Hui","Mohd Hassan, Abu Talib",Mohd_Hassan@amat.com,WWO,X1,X2,,,,,,
426,172506,"Wong, Kim Soon","Chai, Meng Yih",Meng_Yih_Chai@amat.com,WWO,C,C,,,,,,
427,172526,"Neoh, Boon Teong","Mohamad Iskandar, Mohamad Fadillah",Mohd_Fadillah@amat.com,AGS,,C,,,,,,
428,172535,"Berasamy, Rhhutrashiny","Ramasamy, Selvakumar",Selvakumar_Ramasamy@amat.com,AGS,C,C,,,,,,
429,172643,"ROSLAN, MOHAMAD KHAIRUL ANUAR","Mohamad Iskandar, Mohamad Fadillah",Mohd_Fadillah@amat.com,AGS,,C,,,,,,
430,172666,"Kumar Rath, Santosh","YONG, Andy",Andy_Yong@amat.com,SPG,C,X1,,,,,,
431,172675,"Tang, Lih Fang","Ng, Jin Kiat",JinKiat_Ng@amat.com,CTO,C,C,,,,,,
432,172683,"SHANMUGAM, Vinodh","YONG, Andy",Andy_Yong@amat.com,SPG,C,C,,,,,,
433,172712,"Lim, Jia Min, Germaine","Seah, Chee Kheong",Victor_Seah@amat.com,CSD,X1,C,,,,,,
434,172843,"Bin Hashim, Mohd Zaki","Ramasamy, Selvakumar",Selvakumar_Ramasamy@amat.com,AGS,X1,C,,,,,,
435,172879,"Bin Anuar, Muhamad Azreen","Sithamparanathan, S.Kunalan",SKunalan_Sithamparanathan@amat.com,WWO,C,X1,,,,,,
436,172917,"Hong, Wan Yin","Ng, Jin Kiat",JinKiat_Ng@amat.com,CTO,,C,,,,,,
437,172918,"WU, Jiyan","Le, Nam",Nam_Le@amat.com,SPG,C,,,,,,,
438,172949,"Ong, Hao Ying","Lim, Teow Beng",Teow_Beng_Lim@amat.com,WWO,C,C,,,,,,
439,172967,"Ang, Wei Jing","Sowmithri, C k",C_k_Sowmithri@amat.com,WWO,X1,X2,,,,,,
440,172999,"Chen, Edwin","Tsou, James (???)",James_Tsou@amat.com,GIS,,C,,,,,,
441,173026,"Liyaw, Chong Xin","Lim, Cheng Hwee",CH_Lim@amat.com,WWO,C,C,,,,,,
442,173182,"Jiyi, Yao","Lim, Teow Beng",Teow_Beng_Lim@amat.com,WWO,C,X1,,,,,,
443,173268,"Bin Mohd Fadzil, Mohd Amirul","Ramasamy, Selvakumar",Selvakumar_Ramasamy@amat.com,AGS,,C,,,,,,
444,173271,"Chia, Meng Hui","Ng, Jin Kiat",JinKiat_Ng@amat.com,CTO,C,C,,,,,,
445,173310,"Bin Abdullah Samad, Abdul Hadi","Leng, Wai Keong",WaiKeong_Leng@amat.com,WWO,C,C,,,,,,
446,173341,"Chan, Jasmine","Lim, Cheng Hwee",CH_Lim@amat.com,WWO,C,C,,,,,,
447,173435,"Koh, Fei Yuan Louisa","Lim, Wei Yang",WeiYang_Lim@amat.com,WWO,C,C,,,,,,
448,173466,"Gian, Chui Kiong","Koh, Jeff",Jeff_Koh@amat.com,WWO,C,X1,,,,,,
449,173467,"Bin Selamat, Arif","Koh, Jeff",Jeff_Koh@amat.com,WWO,C,X1,,,,,,
450,173626,"Tan, Ye Ming","Lim, Cheng Hwee",CH_Lim@amat.com,WWO,C,C,,,,,,
451,173710,"Wu, Lei","Lim, Wei Yang",WeiYang_Lim@amat.com,WWO,X1,C,,,,,,
452,173717,"Azlan, Muhammad Afiq Bin","Ng, Sai kheong",Sai_kheong_Ng@amat.com,WWO,C,,,,,,,
453,173733,"Mindal Singh, Pearlvinder Kaur","Leong, Kok Meng",KokMeng_Leong@amat.com,WWO,C,C,,,,,,
454,173746,"Tan, Zhong Jie","Lim, Wei Yang",WeiYang_Lim@amat.com,WWO,C,C,,,,,,
455,173770,"Binte Sabtu, Diana","Leng, Wai Keong",WaiKeong_Leng@amat.com,WWO,C,C,,,,,,
456,173795,"Bin Abdul Rahman, Abdul Razak","Leong, Kok Meng",KokMeng_Leong@amat.com,WWO,C,C,,,,,,
457,173851,"Bin Abdul Latiff, Mohamad Hafis","Wong, Kim Soon",KimSoon_Wong@amat.com,WWO,C,C,,,,,,
458,174001,"bin Che Sani, Muhammad Khairi","Koh, Bok Lim",Bok_Lim_Koh@amat.com,WWO,X1,X2,,,,,,
459,174002,"Kean, Lam","Koh, Bok Lim",Bok_Lim_Koh@amat.com,WWO,C,C,,,,,,
460,174026,"Jing Nam, Lo","Leong, Kok Meng",KokMeng_Leong@amat.com,WWO,C,C,,,,,,
461,174027,"Bin Syed Ismail, Syed Muhammad","Santos, Sherwin",Sherwin_Santos@amat.com,WWO,X1,X2,,,,,,
462,174028,"Bin Hamid, Suhaimi","Ng, Kim Hai",Kimhai_Ng@amat.com,WWO,C,X1,,,,,,
463,174041,"Wang, Qian (WangQian)","Chin, Derrick",Derrick_Chin@amat.com,CSD,X1,X2,,,,,,
464,174141,"Bin Mohd Salleh, Alif Ridhwan","Ng, Sai kheong",Sai_kheong_Ng@amat.com,WWO,X1,X2,,,,,,
465,174154,"Binte Aminuddin, Ewanie","Santos, Sherwin",Sherwin_Santos@amat.com,WWO,X1,X2,,,,,,
466,174155,"Tan, Chu Boon","Soh, Boon Tiang",BoonTiang_Soh@amat.com,WWO,C,C,,,,,,
467,174178,"Sugumaran, Priyan Parvez","Leong, Kok Meng",KokMeng_Leong@amat.com,WWO,C,C,,,,,,
468,174191,"Bin Abdul Rahman, Abdur Razi in","Leng, Wai Keong",WaiKeong_Leng@amat.com,WWO,C,C,,,,,,
469,174229,"Soh, Kian Heng Jayden","Santos, Sherwin",Sherwin_Santos@amat.com,WWO,C,C,,,,,,
470,174243,"Lim, Siew Poh","Leng, Wai Keong",WaiKeong_Leng@amat.com,WWO,C,C,,,,,,
471,174246,"Rusley, Nor Syahirah","Leong, Kok Meng",KokMeng_Leong@amat.com,WWO,,X1,,,,,,
472,174335,"Sivaraj, Ganesh","Chan, Steven",Steven_Chan@amat.com,WWO,C,C,,,,,,
473,174351,"Chia, Ching Keat","Wang, Ben Zongbin",Zongbin_Wang@amat.com,SPG,C,X1,,,,,,
474,174454,"Sim, York Tiong","Gregory, Sean J",Sean_J_Gregory@amat.com,AGS,C,C,,,,,,
475,174704,"Dzul, Muhd","Wong, Kim Soon",KimSoon_Wong@amat.com,WWO,C,X1,,,,,,
476,174713,"Lim, Darryl","Munirathnan Ganesan, Saravanan",Saravanan_Ganesan@amat.com,WWO,X1,C,,,,,,
477,174742,"Sieng Shee Keong, Desmond","Peh, Wee Kok",Wee_Kok_Peh@amat.com,WWO,C,C,,,,,,
478,174772,"Bin Muhamad, Nur Tauhid","Zhou, Li",Li_Zhou@amat.com,WWO,C,X1,,,,,,
479,174777,"Lai, Rhen Hwa","Lim, Cheng Hwee",CH_Lim@amat.com,WWO,C,X1,,,,,,
480,174782,"Bin Rahmat, Noor Hakym","Munirathnan Ganesan, Saravanan",Saravanan_Ganesan@amat.com,WWO,C,C,,,,,,
481,174785,"Bin Abdul Samad, Muhammad Hamni","Koh, Bok Lim",Bok_Lim_Koh@amat.com,WWO,C,C,,,,,,
482,174848,"Ho, Grace","Chan, Timothy",Timothy_Chan@amat.com,SPG,C,,,,,,,
483,174951,"Yeng, Kok Wey","Chin, Derrick",Derrick_Chin@amat.com,CSD,C,C,,,,,,
484,175002,"Packir Moheiadeen, Shahul Hameed Abbas Bukari","Cortes, Jose S.",Jose_S_Cortes@amat.com,WWO,,C,,,,,,
485,175003,"Santos, Canlas Michael Justine","Munirathnan Ganesan, Saravanan",Saravanan_Ganesan@amat.com,WWO,C,C,,,,,,
486,175134,"Paul, Dominic","Santos, Sherwin",Sherwin_Santos@amat.com,WWO,,X1,,,,,,
487,175138,"Sim, Kim Seong","Lam, Zadig",Zadig_Lam@amat.com,AGS,C,C,,,,,,
488,175173,"Soriano, Adolfo D","Munirathnan Ganesan, Saravanan",Saravanan_Ganesan@amat.com,WWO,C,C,,,,,,
489,175248,"Chong Siong, Chieng","Ang, Kok Wah",Kok_Wah_Ang@amat.com,QUA,X1,X2,,,,,,
490,175249,"Bin Rahmat, Muhammad Fauzie","Munirathnan Ganesan, Saravanan",Saravanan_Ganesan@amat.com,WWO,C,C,,,,,,
491,175250,"Soh, Hui Ming Gary","Li, Zhen",Zhen_Li@amat.com,AIT,C,C,,,,,,
492,175261,"Gabriel, Selvakumar","Munirathnan Ganesan, Saravanan",Saravanan_Ganesan@amat.com,WWO,C,C,,,,,,
493,175262,"JEGABAR ALI, SHEIK MOHAMED","Munirathnan Ganesan, Saravanan",Saravanan_Ganesan@amat.com,WWO,C,C,,,,,,
494,175267,"Bin Isa, Abdul Fattaah","Koh, Jeff",Jeff_Koh@amat.com,WWO,C,C,,,,,,
495,175309,"Arivanantham, M Selvin","Munirathnan Ganesan, Saravanan",Saravanan_Ganesan@amat.com,WWO,C,X1,,,,,,
496,175328,"Arumugam Venkada, Ashok","Ang, Kok Wah",Kok_Wah_Ang@amat.com,QUA,X1,X2,,,,,,
497,175329,"Lim, Wei Jie","Leong, Kok Meng",KokMeng_Leong@amat.com,WWO,C,C,,,,,,
498,175609,"Tan, Ee Beng","Ng, Sai kheong",Sai_kheong_Ng@amat.com,WWO,C,C,,,,,,
499,175657,"JANG, CHUN IL","Lee, Teck Koon",Teck_Koon_Lee@amat.com,AGS,X1,X2,,,,,,
500,175671,"Thia, Zhi Wei","Ng, Kim Hai",Kimhai_Ng@amat.com,WWO,X1,C,,,,,,
501,175687,"Velusamy, Saravanakumar","Ng, Kim Hai",Kimhai_Ng@amat.com,WWO,X1,X2,,,,,,
502,175690,"Ng, Kim Hai","Lousma, Matthew O",Matthew_Lousma@amat.com,WWO,C,C,,,,,,
503,175692,"Sasi Kumar, Govindan","Munirathnan Ganesan, Saravanan",Saravanan_Ganesan@amat.com,WWO,C,C,,,,,,
504,175693,"Kurunthazha, Shyju","Munirathnan Ganesan, Saravanan",Saravanan_Ganesan@amat.com,WWO,C,C,,,,,,
505,175893,"Swe Liam, Ang","Chan, Steven",Steven_Chan@amat.com,WWO,C,C,,,,,,
506,175971,"Shahul Hameed, Mohamed Moosha Malik","Munirathnan Ganesan, Saravanan",Saravanan_Ganesan@amat.com,WWO,X1,C,,,,,,
507,175977,"Wong, Dickson","Chia, Soon Kiat",Soon_Kiat_Chia@amat.com,WWO,C,C,,,,,,
508,176009,"SYAFIAH, NUR","Lonier, Robert A",Robert_Lonier@amat.com,QUA,C,C,,,,,,
509,176010,"YEE, JIUN SHYAN","Xie, Yong Liang (???)",Joe_Xie@amat.com,WWO,C,C,,,,,,
510,176011,"Sarga, Tiban","Munirathnan Ganesan, Saravanan",Saravanan_Ganesan@amat.com,WWO,C,X1,,,,,,
511,176012,"Thanakody, Thanarajan","Munirathnan Ganesan, Saravanan",Saravanan_Ganesan@amat.com,WWO,C,C,,,,,,
512,176014,"MALAIKKOLUNDHU, ALAGESAN","Munirathnan Ganesan, Saravanan",Saravanan_Ganesan@amat.com,WWO,X1,C,,,,,,
513,176018,"Tuazon, Michael G.","Santos, Sherwin",Sherwin_Santos@amat.com,WWO,,X1,,,,,,
514,176021,"Tee, Jeff","Ng, Jin Kiat",JinKiat_Ng@amat.com,CTO,C,,,,,,,
515,176051,"Zane, Chua","Sun, Cheng",Cheng_Sun@amat.com,SPG,C,C,,,,,,
516,176053,"Rajasekaran, Prabu","Munirathnan Ganesan, Saravanan",Saravanan_Ganesan@amat.com,WWO,C,C,,,,,,
517,176055,"Tan, Jian Zhen","Lim, Teow Beng",Teow_Beng_Lim@amat.com,WWO,C,C,,,,,,
518,176069,"Bin Syed Abdul Aziz, Syed Muhammad Noh","Leng, Wai Keong",WaiKeong_Leng@amat.com,WWO,C,X1,,,,,,
519,176080,"Rasid, Muhammad Aslam","Koh, Bok Lim",Bok_Lim_Koh@amat.com,WWO,X1,C,,,,,,
520,176081,"Saleh, Muhammad Shaifudin","Koh, Bok Lim",Bok_Lim_Koh@amat.com,WWO,X1,C,,,,,,
521,176122,"Hirayama, Koji Jack","Zhou, Li",Li_Zhou@amat.com,WWO,C,X1,,,,,,
522,176175,"Jaffar, Nazir","Munirathnan Ganesan, Saravanan",Saravanan_Ganesan@amat.com,WWO,,X1,,,,,,
523,176199,"Bin Ahmad, Mohamad Fauzi","Mohd Hassan, Abu Talib",Mohd_Hassan@amat.com,WWO,C,C,,,,,,
524,176200,"Keuk, Hock Seng","Peh, Wee Kok",Wee_Kok_Peh@amat.com,WWO,C,C,,,,,,
525,176221,"Chua, Xing Juan","Ng, Jin Kiat",JinKiat_Ng@amat.com,CTO,,C,,,,,,
526,176222,"Ganasan, Sarrean Raj","Ng, Kim Hai",Kimhai_Ng@amat.com,WWO,X1,C,,,,,,
527,176233,"Kok Chun, Law","Chia, Soon Kiat",Soon_Kiat_Chia@amat.com,WWO,X1,C,,,,,,
528,176236,"Rai, Santhosh","Munirathnan Ganesan, Saravanan",Saravanan_Ganesan@amat.com,WWO,X1,X2,,,,,,
529,176237,"William George, Jeffiery Roy","Ramasamy, Selvakumar",Selvakumar_Ramasamy@amat.com,AGS,C,X1,,,,,,
530,176256,"Isnin, Yusri Bin","Peh, Wee Kok",Wee_Kok_Peh@amat.com,WWO,C,C,,,,,,
531,176264,"Koh, Melvin","Lim, Teow Beng",Teow_Beng_Lim@amat.com,WWO,X1,C,,,,,,
532,176301,"Tay, Zhi Wen, Desmond","Mohd Hassan, Abu Talib",Mohd_Hassan@amat.com,WWO,C,C,,,,,,
533,176337,"Kader Sultan, Mohamed Basurudeen","Peh, Wee Kok",Wee_Kok_Peh@amat.com,WWO,,X1,,,,,,
534,176540,"Yap, Chan Kok","Ng, Sai kheong",Sai_kheong_Ng@amat.com,WWO,,X1,,,,,,
535,64658,"Ho, Kevin","Kumar, Devender",Devender_Kumar@amat.com,GIS,C,C,,,,,,
536,64665,"Liu, Guang He","Kurkcu, Nihat",Nihat_Kurkcu@amat.com,WWO,C,C,,,,,,
537,64675,"Sia, Kok Lee","Char, Ming Sun",Ming_Sun_Char@amat.com,WWO,C,,,,,,,
538,64702,"Saw, Peck-Leng","Johnson, Christopher E",Eric_Finance_Johnson@amat.com,FIN,,C,,,,,,
539,67681,"Kim, Jong Min","Lee, Teck Koon",Teck_Koon_Lee@amat.com,AGS,C,C,,,,,,
540,67912,"Vinluan, Ricardo F","Soh, Kian Seng",Damien_Soh@amat.com,SPG,X1,X2,,,,,,
541,68454,"Loh, Kha Leong","Quah, Han Oon",Oliver_Quah@amat.com,AGS,,C,,,,,,
542,71936,"Ang, Kok Wah","Conley, Andrew",Andrew_Conley@amat.com,WWO,C,,,,,,,
543,73902,"Seah, Chee Kheong","Banholzer, Thomas J",Tom_Banholzer@amat.com,CSD,C,C,,,,,,
544,74432,"Johnson, Christopher E","Read, Charles",Charles_Read@amat.com,FIN,,C,,,,,,
545,79048,"Foo, Sei Wang Terence","Sithamparanathan, S.Kunalan",SKunalan_Sithamparanathan@amat.com,WWO,C,C,,,,,,
546,79144,"Tan, Chin Hock","Tesic, Lisa C",Lisa_Tesic@amat.com,WWO,X1,C,,,,,,
547,79182,"Chai, Meng Yih","Neo, Wee Chong",Wee_Chong_Neo@amat.com,WWO,X1,C,,,,,,
548,79509,"Hee, Jyh Chyang","Sundarrajan, Arvind",Arvind_Sundarrajan@amat.com,SPG,C,C,,,,,,
549,79955,"Soh, Kian Seng","Hee, Jyh Chyang",Dominic_Hee@amat.com,SPG,,C,,,,,,
550,79959,"Phang, Tze Kong","Lim, Wei Yang",WeiYang_Lim@amat.com,WWO,C,C,,,,,,
551,80178,"Mahfodz, Saipul Nizam","Ramasamy, Selvakumar",Selvakumar_Ramasamy@amat.com,AGS,C,,,,,,,
552,80686,"Lim, Teow Beng","Smith, David S",David_Smith@amat.com,WWO,C,C,,,,,,
553,80814,"Pang, Heok Cheng (???)","Cortes, Jose S.",Jose_S_Cortes@amat.com,WWO,X1,X2,,,,,,
554,81031,"See, Ek Chuan","Zhou, Li",Li_Zhou@amat.com,WWO,C,C,,,,,,
555,82576,"Sng, Jin Tiong","Ng, David_FSO",David_Ng@amat.com,AGS,,C,,,,,,
556,83493,"Tay, Guan Hung","Quah, Han Oon",Oliver_Quah@amat.com,AGS,C,,,,,,,
557,83867,"Tan, Kai Piang","Ryan, Conor",Conor_Ryan@amat.com,AGS,C,C,,,,,,
558,84571,"Neo, Wee Chong","Dorff, Brad W",Brad_Dorff@amat.com,WWO,C,C,,,,,,
559,86098,"Liew, Kai Liang","Castro, Joseph F",Joseph_Castro@amat.com,SPG,C,X1,,,,,,
560,86603,"Lee, Chee Kheong","Kurkcu, Nihat",Nihat_Kurkcu@amat.com,WWO,C,C,,,,,,
561,87259,"Chiu, Man Ming","Lim, Wei Yang",WeiYang_Lim@amat.com,WWO,C,C,,,,,,
562,87746,"Tay, Lee Guan","Seow, Desmond",Desmond_Seow@amat.com,AGS,C,,,,,,,
563,88049,"Kariakarfan, Vageswaran","Campbell, Douglas J",Douglas_Campbell@amat.com,WWO,C,,,,,,,
564,88969,"Leong, Weng Cheong","Zhou, Li",Li_Zhou@amat.com,WWO,C,,,,,,,
565,89133,"Garagan, Paulino E","Xie, Yong Liang (???)",Joe_Xie@amat.com,WWO,C,C,,,,,,
