employ_id,employ_name,manager_name,manager_id,Location,bu,2021-06-28,2021-06-29,2021-06-30,2021-07-01,2021-07-02,2021-07-03,2021-07-04,total
170546,"Cheng, Edwin","Koh, Bok Lim",111634,"Singapore,SGP",WWO,2,1,2,2,0,0,0,7
170491,"Nguh, Yeong Jian","Lim, Teow Beng",80686,"Singapore,SGP",WWO,2,2,2,1,2,2,2,13
170828,"Chen, Tian Seong Teeas","Ee, Tian Chor",170531,"Singapore,SGP",WWO,2,2,2,2,2,2,2,14
170835,"Liew, De Xiang Max","Ng, Kim Hai",175690,"Singapore,SGP",WWO,2,1,2,2,2,1,2,12
170838,"Bin Mohamad Razali, Muhamad Nasir","Koh, Bok Lim",111634,"Singapore,SGP",WWO,2,2,2,2,2,2,2,14
x0114589,"Subramaniam, Selvakumari","Yap, Chin Po (YapChin Po)",165731,"Singapore,SGP",LEG,2,2,2,2,2,2,2,14
171131,"Lee, Janice Sze Jie","Soon, Khim Tiong",112724,"Singapore,SGP",SPG,2,2,2,2,2,2,2,14
170842,"SU, EMILY","Wang, Yingmin",165460,"Singapore,SGP",CTO,1,1,2,1,0,0,2,7
171146,"Lau, Fu Long","Teo, Kevin",113056,"Singapore,SGP",WWO,2,2,2,2,2,2,2,14
113022,"Magendren, Kaliapan","Chin Soon, Yap",113575,"Singapore,SGP",WWO,2,2,1,2,2,2,2,13
171068,"Lim, Roy","Chiam, June Hwee Kiang",113504,"Singapore,SGP",HRM,2,2,2,2,2,2,2,14
170803,"Devarajan, Mohankumar","Wyly, Kristopher S",78682,"Singapore,SGP",WWO,2,2,2,2,2,2,2,14
x0114829,"Mohd Indra, Shaufy Sufyan Bin","Kang, Zhang",162917,"Singapore,SGP",SPG,2,2,2,2,2,2,2,14
171078,"Chong, Jye Lin","Toh, William",144152,"Singapore,SGP",LEG,2,2,2,2,2,2,2,14
171177,"Teo, Wei Xuan Bryan","Lim, Wei Yang",121380,"Singapore,SGP",WWO,2,2,2,2,1,2,2,13
171242,"Sahib, Meera","Ng, Sai kheong",115051,"Singapore,SGP",WWO,2,2,2,2,2,2,2,14
170660,"Lai, Weng Mun Austin","Lim, Cheng Hwee",117288,,WWO,2,2,2,2,2,2,2,14
171223,"Aliwarga, Edita","Li, Zhen",170848,"Singapore,SGP",AIT,2,1,1,2,1,2,2,11
171096,"JAGADEESH, ARUN","Sivaraj, Ganesh",174335,"Singapore,SGP",WWO,1,1,1,2,0,0,2,7
x0114587,"Wong, Siong Hua","Le, Nam",160305,"Singapore,SGP",SPG,2,2,2,2,2,2,2,14
171464,"Mok, Danielle","Chan, Jenny",162721,"Singapore,SGP",HRM,2,2,2,2,2,2,2,14
171316,"Khoo, Ding Jie","Hong, Khai Hwa",112319,"Singapore,SGP",SPG,2,2,2,1,2,2,2,13
171494,"Zheng, Terence","Ee, Tian Chor",170531,"Singapore,SGP",WWO,2,2,2,2,2,0,2,12
171487,"Tong, Shayna","Lim, Cheng Hwee",117288,"Singapore,SGP",WWO,2,2,2,2,0,2,2,12
171670,"Chung, Ka Wai","Le, Nam",160305,,SPG,1,1,2,1,2,2,0,9
171831,"MUHAMMAD, Azmin","Mohamad Iskandar, Mohamad Fadillah",117276,,AGS,2,2,2,2,2,0,2,12
171859,"Rengaraj, Arun","Bhat, Sanjay",106387,,SPG,2,1,2,1,2,1,0,9
171512,"Lau, Darrell","Koh, Jeff",111635,,WWO,0,2,2,2,2,2,2,12
171630,"Chong, Hoi Jin","R Subramaniam, Muralidhar",108314,,SPG,2,2,2,2,2,2,0,12
171699,"Abdul, Muhamad","Mohd Hassan, Abu Talib",113051,,WWO,2,2,1,2,2,2,2,13
171887,"Dass, Taroon","Mohd Hassan, Abu Talib",113051,,WWO,2,2,2,2,2,2,2,14
171732,"Hoo, Jimmy","Chia, Soon Kiat",104605,"Singapore,SGP",WWO,2,2,2,2,2,2,2,14
171985,"Ismail, Fairuz","Wong, Kim Soon",172506,"Singapore,SGP",WWO,2,2,2,2,2,2,2,14
171702,"Lim, Ben Khai","Leng, Wai Keong",157692,"Singapore,SGP",WWO,2,2,2,2,2,2,2,14
172034,"Bin Sabtu, Muhammad Syafizan","Leng, Wai Keong",157692,"Singapore,SGP",WWO,2,2,2,1,2,2,2,13
171788,"Sa'adan, Muhammad Shahril Bin","Leng, Wai Keong",157692,"Singapore,SGP",WWO,2,2,2,2,1,2,2,13
172022,"Kua, Mei San","Zhou, Li",113634,"Singapore,SGP",WWO,2,1,1,1,2,2,2,11
172193,"Wang, Qifeng","Lim, Wei Yang",121380,,WWO,2,2,2,2,2,2,2,14
172088,"Leong, Kok Meng","Liu, George",64665,,WWO,1,2,0,1,0,2,2,8
x0116485,"Koh, Remus","Wang, Ben Zongbin",121012,,SPG,2,2,1,2,2,2,2,13
172409,"Selva Raju, Kaviya","Li, Zhen",170848,,AIT,1,2,2,1,1,2,0,9
172436,"Foo, Siang Hui","Mohd Hassan, Abu Talib",113051,,WWO,2,1,2,1,2,2,2,12
x0116893,"Shen, Zheng","Soh, Kian Seng",79955,,SPG,2,2,2,1,2,2,2,13
172506,"Wong, Kim Soon","Chai, Meng Yih",79182,,WWO,2,2,2,2,0,2,2,12
172535,"Berasamy, Rhhutrashiny","Ramasamy, Selvakumar",111570,,AGS,2,0,2,2,2,2,2,12
172712,"Lim, Jia Min, Germaine","Seah, Chee Kheong",73902,,CSD,2,1,1,2,2,2,2,12
172843,"Bin Hashim, Mohd Zaki","Ramasamy, Selvakumar",111570,,AGS,1,1,2,2,2,1,1,10
172918,"WU, Jiyan","Le, Nam",160305,,SPG,2,2,2,2,2,2,2,14
172879,"Bin Anuar, Muhamad Azreen","Sithamparanathan, S.Kunalan",156266,,WWO,2,2,2,2,1,2,2,13
x0118741,"S/O Alakirisamy, Ragupathy","Koh, Jeff",111635,,WWO,2,2,2,2,2,2,2,14
x0118843,"Cheng, Ting","Wei, Junqi (???)",113175,,SPG,2,2,2,2,2,2,2,14
115084,"Yu, Glenn","Chin Soon, Yap",113575,"Singapore,SGP",WWO,2,2,2,2,2,2,2,14
64658,"Ho, Kevin","Kumar, Devender",109075,,GIS,2,2,2,2,2,2,2,14
113280,"Castillo, Joseph M","Chia, Soon Kiat",104605,"Singapore,SGP",WWO,2,2,2,2,2,2,2,14
113621,"Bin Hussain Shah, Omar","Santos, Sherwin",112962,"Singapore,SGP",WWO,2,2,2,1,1,2,1,11
113395,"Tham, Kok Tim","Mohd Hassan, Abu Talib",113051,"Singapore,SGP",WWO,2,2,2,2,2,2,2,14
113392,"Lee, Fook Lam","Mohd Hassan, Abu Talib",113051,"Singapore,SGP",WWO,2,2,2,1,2,2,2,13
113394,"Lim, Ah Huat","Mohd Hassan, Abu Talib",113051,"Singapore,SGP",WWO,2,2,2,2,2,2,2,14
88969,"Leong, Weng Cheong","Zhou, Li",113634,"Singapore,SGP",WWO,2,2,2,2,2,2,2,14
113560,"Salim, Norsolehin Bin","Chia, Soon Kiat",104605,"Singapore,SGP",WWO,2,2,2,2,2,2,2,14
113393,"Yeo, Yong Hui","Santos, Sherwin",112962,"Singapore,SGP",WWO,2,1,2,2,2,2,2,13
115086,"Tan, Kok Beng","Santos, Sherwin",112962,"Singapore,SGP",WWO,2,2,2,2,2,2,2,14
113561,"Tan, Lee Soon","Santos, Sherwin",112962,"Singapore,SGP",WWO,1,2,2,2,2,2,2,13
113258,"Aquino, Kristine Chester L","Wong, Kim Soon",172506,"Singapore,SGP",WWO,2,2,2,1,2,2,2,13
113007,"Chee Wah, Lee","Wong, Kim Soon",172506,"Singapore,SGP",WWO,2,2,2,2,2,2,2,14
113527,"Chang, King Leou","Mohd Hassan, Abu Talib",113051,"Singapore,SGP",WWO,2,1,2,2,2,2,2,13
113509,"Liakat Ali, Muhammad Ridzal","Munirathnan Ganesan, Saravanan",113503,"Singapore,SGP",WWO,2,2,2,2,2,2,2,14
113541,"Kader Meera, Abdul Malik","Chia, Soon Kiat",104605,"Singapore,SGP",WWO,2,2,2,2,2,2,2,14
154081,"Asmuni, Muhammad Aizuddin","Chia, Soon Kiat",104605,"Singapore,SGP",WWO,2,2,2,1,2,1,1,11
116923,"Ang, Thian huat desmond","Koo, Bono",81104,"Singapore,SGP",EEG,2,2,2,2,2,2,2,14
120208,"Low, Queency (Huey Lan)","Lim, Ai Ling",111179,"Singapore,SGP",WWO,1,1,2,2,1,2,2,11
79182,"Chai, Meng Yih","Neo, Wee Chong",84571,"Singapore,SGP",WWO,2,2,2,2,2,2,2,14
112994,"Hashim, Mohd Suradi","Leong, Kok Meng",172088,"Singapore,SGP",WWO,2,2,2,2,2,2,2,14
113053,"Lirazan, Rodolfo","Ee, Tian Chor",170531,"Singapore,SGP",WWO,2,2,2,2,2,2,2,14
113624,"Lim, Ting Yu","Leong, Kok Meng",172088,"Singapore,SGP",WWO,2,2,2,2,2,2,2,14
115336,"Mohamoad, Yazid bin","Leong, Kok Meng",172088,"Singapore,SGP",WWO,2,2,2,2,2,2,2,14
115482,"Moh, Chek khoon","Leong, Kok Meng",172088,"Singapore,SGP",WWO,2,2,2,2,2,2,2,14
115848,"Rehnu, Thanadayuthapany","Ee, Tian Chor",170531,"Singapore,SGP",WWO,2,2,2,2,2,2,2,14
154317,"Ramamoorthy, Balaji","Leong, Kok Meng",172088,"Singapore,SGP",WWO,2,1,2,1,2,2,2,12
155007,"Chia, Calvin Tze Hwee","Leong, Kok Meng",172088,"Singapore,SGP",WWO,2,2,2,2,2,2,1,13
155101,"George, Victor","Leong, Kok Meng",172088,"Singapore,SGP",WWO,2,2,2,2,2,2,2,14
119850,"Mardivirin, Pascal Daniel","Kurkcu, Nihat",119075,"Singapore,SGP",WWO,2,2,2,2,2,2,2,14
112404,"Lau, Chin Seng","Hee, Jyh Chyang",79509,"Singapore,SGP",SPG,2,2,2,2,2,2,2,14
113620,"Lim, Chow Koon","Leong, Kok Meng",172088,"Singapore,SGP",WWO,2,2,2,2,2,2,2,14
156525,"Junio, Joward","Ee, Tian Chor",170531,"Singapore,SGP",WWO,2,2,2,2,2,2,2,14
112981,"Ko, Ing Hock","Mohd Hassan, Abu Talib",113051,"Singapore,SGP",WWO,2,2,2,2,2,2,2,14
157837,"Ho, Tien Hong","Mohd Hassan, Abu Talib",113051,"Singapore,SGP",WWO,2,2,2,2,2,2,2,14
113385,"Ghim Aik, Oh","Chia, Soon Kiat",104605,"Singapore,SGP",WWO,2,2,2,2,2,2,2,14
156626,"Chan, Yok Tin","Lim, Kah Pin",104537,"Singapore,SGP",FIN,2,1,1,2,2,2,2,12
156454,"Goh, Madeline Wee Ting","Tan, Poh chin",116021,"Singapore,SGP",FIN,2,2,2,2,2,2,2,14
111559,"Chong, David","Chia, Soon Kiat",104605,"Singapore,SGP",WWO,2,2,2,2,2,2,2,14
81031,"See, Ek Chuan","Zhou, Li",113634,"Singapore,SGP",WWO,2,2,2,2,2,2,2,14
157312,"Chew, Bui Kian","Ee, Tian Chor",170531,"Singapore,SGP",WWO,2,2,2,2,2,2,2,14
155779,"Jaison, Paniselvam","Ee, Tian Chor",170531,"Singapore,SGP",WWO,2,2,2,2,2,2,1,13
159365,"Gollahalli Venkatachalam, Tamilarasu","Sivaraj, Ganesh",174335,"Singapore,SGP",WWO,2,2,2,2,2,2,2,14
159150,"Pow, Darius","Xie, Yong Liang (???)",108124,"Singapore,SGP",WWO,2,2,2,2,2,2,2,14
111973,"Lau, Chee Kiu","Santos, Sherwin",112962,"Singapore,SGP",WWO,2,2,2,2,2,2,2,14
104605,"Chia, Soon Kiat","Chai, Meng Yih",79182,"Singapore,SGP",WWO,2,1,2,1,1,2,2,11
80686,"Lim, Teow Beng","Smith, David S",67653,"Singapore,SGP",WWO,2,2,2,2,2,2,2,14
159450,"Pang, Choon Huat","Chia, Soon Kiat",104605,"Singapore,SGP",WWO,2,2,2,2,2,1,2,13
113175,"Wei, Junqi (???)","Hoerner, Bridger E",112311,"Singapore,SGP",SPG,2,2,2,2,2,2,2,14
116206,"Babu, Sarath","Jupudi, Ananthkrishna",106703,"Singapore,SGP",SPG,2,2,2,2,2,2,2,14
120478,"Hoi, Siew Kit","Hoerner, Bridger E",112311,"Singapore,SGP",SPG,2,2,2,1,2,2,2,13
120622,"Lianto, Prayudi","See, Guan Huei",153538,"Singapore,SGP",SPG,2,2,2,2,2,2,2,14
121165,"Song, Jiao","Chen, Nuno Yen-Chu",159072,"Singapore,SGP",SPG,2,2,2,2,2,0,2,12
155941,"Suo, Peng","YONG, Andy",166598,"Singapore,SGP",SPG,2,2,2,2,2,2,2,14
158558,"Deng, Guang Yong Felix","Goh, Clinton",153548,"Singapore,SGP",SPG,2,2,2,2,2,2,2,14
159072,"Chen, Nuno Yen-Chu","Hoerner, Bridger E",112311,"Singapore,SGP",SPG,2,2,2,2,2,2,2,14
86098,"Liew, Kai Liang","Castro, Joseph F",84221,"Singapore,SGP",SPG,2,2,1,1,2,2,1,11
113521,,,,,,2,2,2,2,2,2,2,14
154361,"Ng, Sharon","Hee, Jyh Chyang",79509,"Singapore,SGP",SPG,2,2,2,2,2,2,2,14
160662,"Mat Nasir, Muhammad Hanafi","Chia, Soon Kiat",104605,"Singapore,SGP",WWO,0,1,2,2,2,1,2,10
115063,"Dhamodharan, Kamaraj","Santos, Sherwin",112962,"Singapore,SGP",WWO,2,2,2,2,2,2,2,14
x095509,"Sin, Kwong Leong","Chin, Vui Khen (???)",70891,"Singapore,SGP",QUA,2,2,2,2,2,2,2,14
x095495,"Teh, Wilson","Chin, Vui Khen (???)",70891,"Singapore,SGP",QUA,2,2,2,2,2,2,2,14
x095500,"Leong, Shawn","Chin, Vui Khen (???)",70891,"Singapore,SGP",QUA,2,2,2,2,2,2,2,14
x095526,"Tang, Yong Chee","Chin, Vui Khen (???)",70891,"Singapore,SGP",QUA,2,2,2,2,2,2,2,14
x095506,"Tong, Moo Teng","Chin, Vui Khen (???)",70891,"Singapore,SGP",QUA,2,1,2,2,2,2,2,13
x095519,"Ken, Heng Kim Chye","Chin, Vui Khen (???)",70891,"Singapore,SGP",QUA,2,2,2,2,2,2,2,14
160970,"wong, Ying Zhuo Davib (Leewong ying zhuo)","Mohd Hassan, Abu Talib",113051,"Singapore,SGP",WWO,2,2,2,2,2,2,2,14
x095496,"Wong, Sunny","Chin, Vui Khen (???)",70891,"Singapore,SGP",QUA,2,2,2,2,2,2,2,14
x095508,"Ren, Jie","Chin, Vui Khen (???)",70891,"Singapore,SGP",QUA,2,2,2,2,2,1,2,13
100557,,,,,,1,0,1,1,0,0,0,3
79144,"Tan, Chin Hock","Tesic, Lisa C",73079,"Singapore,SGP",WWO,2,2,1,2,2,2,2,13
161028,"Lee, Chin Yong","Lim, Teow Beng",80686,"Singapore,SGP",WWO,2,2,2,2,1,2,2,13
121012,"Wang, Zongbin","Seutter, Sean",82623,"Singapore,SGP",SPG,2,1,2,2,1,0,0,8
161407,"Bin Ismail, Muhammad Syarifuddin","Sivaraj, Ganesh",174335,"Singapore,SGP",WWO,2,1,2,2,1,1,2,11
116326,"Tan, Meng hui vincent","Rodriguez, Juan A",65200,"Singapore,SGP",WWO,2,2,1,2,2,1,1,11
111634,"Koh, Bok Lim","Chan, Steven",113305,"Singapore,SGP",WWO,2,2,2,2,2,2,2,14
161576,"Ibnu Jamal, Jadulhakim","Mohd Hassan, Abu Talib",113051,"Singapore,SGP",WWO,2,2,2,2,2,0,2,12
121084,,,,,,0,0,0,0,0,0,0,0
144075,"Loh, Jesson","Peh, Wee Kok",111636,"Singapore,SGP",WWO,2,0,2,2,2,2,2,12
160797,"Chan, DingWei","Koh, Bok Lim",111634,"Singapore,SGP",WWO,2,2,2,2,2,2,2,14
157692,"Leng, Wai Keong","Kok, Roy",166325,"Singapore,SGP",WWO,2,2,2,2,2,2,2,14
112949,"Bin Aton, Johari","Koh, Jeff",111635,"Singapore,SGP",WWO,2,2,1,2,2,2,2,13
112961,"Koh, Hwee Song","Koh, Jeff",111635,"Singapore,SGP",WWO,2,2,2,2,2,2,0,12
120989,"Yusof, Yasier","Koh, Jeff",111635,"Singapore,SGP",WWO,2,2,2,0,0,2,2,10
155328,"Fu, Zhi Yan","Koh, Jeff",111635,"Singapore,SGP",WWO,2,2,2,2,2,2,2,14
155476,"Munusamy, Rames","Leng, Wai Keong",157692,"Singapore,SGP",WWO,2,2,2,2,2,2,2,14
155990,"De Guzman Cris, Michael","Leng, Wai Keong",157692,"Singapore,SGP",WWO,2,1,2,0,2,2,2,11
156138,"Thiyagarajan, Krishna Jothi","Leng, Wai Keong",157692,"Singapore,SGP",WWO,2,2,2,2,2,2,2,14
156471,"Beng Teong, Sim","Leng, Wai Keong",157692,"Singapore,SGP",WWO,2,2,2,2,2,2,2,14
156796,"Subramaniam K, Siva","Leng, Wai Keong",157692,"Singapore,SGP",WWO,2,2,2,2,2,2,2,14
157005,"THIYAGARAJAN, BALSAMY","Leng, Wai Keong",157692,"Singapore,SGP",WWO,2,2,2,2,2,1,2,13
157174,"Balamurugan, Chinthadurai","Leng, Wai Keong",157692,"Singapore,SGP",WWO,1,2,2,2,2,2,2,13
157776,"Soe, Nyan Thar","Koh, Jeff",111635,"Singapore,SGP",WWO,2,2,2,2,2,2,2,14
157895,"Sorio, Leonil","Koh, Jeff",111635,"Singapore,SGP",WWO,2,2,2,0,2,2,2,12
158604,"Jantan, Muhammad Harithzan","Leng, Wai Keong",157692,"Singapore,SGP",WWO,2,2,2,2,2,2,2,14
160559,"Koh, Tow Wei","Koh, Jeff",111635,"Singapore,SGP",WWO,2,2,2,2,2,2,2,14
160979,"Lee, Shawn","Koh, Jeff",111635,"Singapore,SGP",WWO,2,2,2,2,2,2,2,14
161291,"Bin Hussin, Mohammed Taqrik","Koh, Jeff",111635,"Singapore,SGP",WWO,2,2,2,2,2,2,2,14
111959,"Tan, Hock Meng","Ng, Sai kheong",115051,"Singapore,SGP",WWO,2,2,2,2,2,2,2,14
115882,"Toh, Kok Hwee","Ng, Sai kheong",115051,"Singapore,SGP",WWO,2,2,2,2,2,2,2,14
154201,"waran, Maheswaran","Ng, Sai kheong",115051,"Singapore,SGP",WWO,2,2,2,2,2,2,2,14
156826,"Chiong, Kok Khim Kelvin","Ng, Sai kheong",115051,"Singapore,SGP",WWO,2,2,2,2,2,2,2,14
157738,"Ponusamy, Denesh Kumar","Ng, Sai kheong",115051,"Singapore,SGP",WWO,2,2,2,2,2,2,2,14
158516,"Ramesh, Pushpanathan","Ng, Sai kheong",115051,"Singapore,SGP",WWO,2,2,2,2,2,2,2,14
113056,"Teo, Kevin","Lee, Taras",86603,"Singapore,SGP",WWO,2,2,2,2,2,2,2,14
154257,"Caviente, Canlobo Alfie","Koh, Jeff",111635,"Singapore,SGP",WWO,2,2,2,2,2,2,2,14
162047,"Lim, Chiang Loh","Leng, Wai Keong",157692,"Singapore,SGP",WWO,2,2,2,2,2,2,2,14
155642,"Lim, Yong Xiang","Wang, Ben Zongbin",121012,"Singapore,SGP",SPG,2,1,2,2,2,0,0,9
159746,,,,,,0,0,0,0,0,0,0,0
161875,"Mohamed Firman, Mohamed Irfan","Ng, Sai kheong",115051,"Singapore,SGP",WWO,2,2,2,2,2,2,2,14
162027,"Shafeeq, Abdul","Sivaraj, Ganesh",174335,"Singapore,SGP",WWO,2,2,2,2,2,1,2,13
x097621,"Kamal, Rasimon","Lim, Chin Hui",170547,,WWO,2,0,2,1,2,1,1,9
116439,"Chia, Bok khim","Lim, Teow Beng",80686,"Singapore,SGP",WWO,2,2,2,2,2,2,2,14
121380,"Lim, Wei Yang","Orr, Steven A",73724,"Singapore,SGP",WWO,2,2,2,2,2,2,2,14
79959,"Phang, Tze Kong","Lim, Wei Yang",121380,"Singapore,SGP",WWO,2,2,2,2,2,2,2,14
156424,"Ravindran, Vilsan","Xie, Yong Liang (???)",108124,"Singapore,SGP",WWO,2,1,2,2,2,2,2,13
89133,"Garagan, Paulino E","Xie, Yong Liang (???)",108124,"Singapore,SGP",WWO,2,2,2,2,2,2,2,14
162105,"Venkidusamy, Ganesh","Leong, Kok Meng",172088,"Singapore,SGP",WWO,2,2,2,0,2,2,1,11
162091,"Goh, Sze Yong","Leong, Kok Meng",172088,"Singapore,SGP",WWO,2,0,2,2,2,2,2,12
112929,"Mohd Salleh, Mohd Sharin","Munirathnan Ganesan, Saravanan",113503,"Singapore,SGP",WWO,2,2,2,1,2,2,2,13
113185,"Kader Moideen, Mustaq Hussain","Wong, Kim Soon",172506,"Singapore,SGP",WWO,2,2,2,2,2,2,2,14
113623,"Ramos, Jay Majarreis","Wong, Kim Soon",172506,"Singapore,SGP",WWO,2,2,2,2,2,2,2,14
157279,"Hoe, Jason","Mohd Hassan, Abu Talib",113051,"Singapore,SGP",WWO,2,2,2,2,2,2,2,14
160995,"Dion, Hia","Chia, Soon Kiat",104605,"Singapore,SGP",WWO,2,2,2,2,2,2,2,14
64675,"Sia, Kok Lee","Char, Ming Sun",88958,"Singapore,SGP",WWO,2,2,2,2,2,2,2,14
113634,"Zhou, Li","Lee, Taras",86603,"Singapore,SGP",WWO,2,2,2,2,2,2,2,14
162239,"Ong, Heng Guan","Jamil, Irfan",84263,"Singapore,SGP",SPG,2,2,2,2,2,2,2,14
x091455,"Tan, Teik Seng","Ng, Sai kheong",115051,"Singapore,SGP",WWO,2,2,2,2,2,2,2,14
113503,"Munirathnan Ganesan, Saravanan","Campbell, Rory M",64438,"Singapore,SGP",WWO,2,2,2,2,2,2,2,14
113510,"Thobias, Lanin Micheal","Leng, Wai Keong",157692,"Singapore,SGP",WWO,2,2,2,2,2,2,2,14
120888,"Abdullah, Muhammad Haqbil","Leng, Wai Keong",157692,"Singapore,SGP",WWO,2,2,2,2,2,2,2,14
115414,"Bin isnin, Nooralfian","Santos, Sherwin",112962,"Singapore,SGP",WWO,2,1,2,2,2,2,2,13
160694,"Rao, JianYang","Munirathnan Ganesan, Saravanan",113503,"Singapore,SGP",WWO,2,2,2,2,2,2,2,14
161691,"Mohamed Juma’at, Mohamed Jumali","Koh, Jeff",111635,"Singapore,SGP",WWO,2,2,2,2,2,2,0,12
156434,"Fung, Peter","Ypma, Keith Edward",155863,"Singapore,SGP",SPG,2,2,2,2,2,2,2,14
143849,"Lee, Christopher","Lam, Zadig",120923,"Singapore,SGP",AGS,2,2,2,2,2,2,2,14
143631,"Karthikeyan, Natarajan","Ang, Kok Wah",71936,"Singapore,SGP",QUA,2,2,2,2,2,2,2,14
143560,"Sidek, Mohamed Esa","Ang, Kok Wah",71936,"Singapore,SGP",QUA,2,2,2,2,2,2,1,13
111984,"Tan, Lian Huat","Chia, Soon Kiat",104605,"Singapore,SGP",WWO,2,2,2,2,2,2,2,14
x081476,"Li Chen, Lee","Koh, Jeff",111635,"Singapore,SGP",WWO,2,2,2,2,2,2,2,14
x085719,"Mohamed Salleh, Ahmad Hairul","Koh, Jeff",111635,"Singapore,SGP",WWO,1,0,2,1,2,2,2,10
x086378,"MARIE DASS, GEORGE","Koh, Jeff",111635,"Singapore,SGP",WWO,2,1,2,1,2,2,2,12
x091420,"Muhammad Zulfadly, Kamaruddin","Koh, Jeff",111635,"Singapore,SGP",WWO,2,1,2,2,1,1,1,10
x091483,"Say Cheong, Tan","Wong, Keat Choong",113466,"Singapore,SGP",WWO,2,2,2,2,2,2,2,14
x091706,"Sua, Sua","Soh, Boon Tiang",162321,"Singapore,SGP",WWO,2,2,2,2,2,2,2,14
120918,"Ramalinggam, Ilamaaran","Leng, Wai Keong",157692,"Singapore,SGP",WWO,2,2,0,0,2,1,2,9
160316,"Loke, Kok Wei","Le, Nam",160305,"Singapore,SGP",SPG,2,2,2,2,2,2,2,14
160304,"Chow, Poh Loy","Le, Nam",160305,"Singapore,SGP",SPG,2,2,2,2,2,2,2,14
160306,"Liew, San Choy","Le, Nam",160305,"Singapore,SGP",SPG,2,2,2,2,2,2,2,14
x092725,"May, Chong","Yeo, Juliana",108245,"Singapore,SGP",HRM,2,2,2,2,2,2,2,14
x094858,"Bin Buhari, Muhammad Fareez","Soh, Kian Seng",79955,,SPG,1,2,1,1,1,1,0,7
x098800,"Doliente, Arnold","Chin, Vui Khen (???)",70891,"Singapore,SGP",QUA,2,1,1,1,2,2,1,10
84571,"Neo, Wee Chong","Dorff, Brad W",85272,"Singapore,SGP",WWO,2,2,2,2,2,2,2,14
162627,"Mohamad Razali, Muhamad Khir","Mohd Hassan, Abu Talib",113051,"Singapore,SGP",WWO,2,2,1,2,1,1,1,10
x098786,"Chen, Eric","Chin, Vui Khen (???)",70891,"Singapore,SGP",QUA,2,2,2,2,2,2,2,14
155235,"Wang, Xinxin","Hoi, Siew Kit",120478,"Singapore,SGP",SPG,2,2,2,2,2,2,2,14
73902,"Seah, Chee Kheong","Banholzer, Thomas J",12922,"Singapore,SGP",CSD,2,2,2,2,2,2,2,14
162321,"Soh, Boon Tiang","Chai, Meng Yih",79182,"Singapore,SGP",WWO,2,2,2,2,2,2,2,14
x098785,"Soh, Eddie","Chin, Vui Khen (???)",70891,"Singapore,SGP",QUA,2,2,2,2,2,1,0,11
x080249,"Muhammad Redzahudin, Ja'afar","Seah, Chee Kheong",73902,"Singapore,SGP",CSD,2,2,2,2,2,2,2,14
162478,"Chin, Hock Yong","Lim, Teow Beng",80686,"Singapore,SGP",WWO,2,2,2,2,2,0,2,12
x092234,"Xiao Xiong, Heng","Soh, Boon Tiang",162321,"Singapore,SGP",WWO,2,2,2,2,2,2,2,14
162874,"Guan, Kuang Ren","Leng, Wai Keong",157692,"Singapore,SGP",WWO,2,2,2,2,2,2,2,14
x099079,"Neville Ho Renjie, Ho","Yap, Chin Po (YapChin Po)",165731,"Singapore,SGP",LEG,2,2,2,2,2,2,2,14
x076380,"Subramaniam, Vijaya","Soh, Boon Tiang",162321,,WWO,2,2,2,2,2,2,2,14
160456,"Xiao, Wen","Zerrade, Azeddine",165406,"Singapore,SGP",SPG,2,2,1,2,2,2,2,13
x098068,"Siti Aishah, Hafiz","Hee, Jyh Chyang",79509,"Singapore,SGP",SPG,2,2,2,2,2,2,2,14
161035,"Liu, Ye","Sun, Cheng",120032,"Singapore,SGP",SPG,2,2,2,2,2,2,2,14
x094634,"Rahmat, Zulkifli","Koh, Bok Lim",111634,,WWO,1,2,2,1,1,1,2,10
116021,"Tan, Poh chin","Saw, Peck-Leng",64702,"Singapore,SGP",FIN,2,2,2,2,2,2,2,14
163355,"Koh, Weijun Darrel","Ng, Kim Hai",175690,"Singapore,SGP",WWO,2,2,2,2,2,2,2,14
163022,"Yue, Cui","Song, Jiao",121165,"Singapore,SGP",SPG,1,1,1,1,2,2,2,10
111635,"Koh, Chin Beng","Kok, Roy",166325,"Singapore,SGP",WWO,2,2,2,2,2,2,2,14
113028,"Tan, Benson","Ng, Sai kheong",115051,"Singapore,SGP",WWO,0,2,2,2,2,2,2,12
156594,"Lim, Edwin Collins","Koh, Jeff",111635,"Singapore,SGP",WWO,2,2,2,2,2,1,2,13
x093209,"SHIAU JING, NG","Kader Maideen, Mohamed Thaqif",164882,"Singapore,SGP",WWO,2,2,2,1,1,2,2,12
79509,"Hee, Jyh Chyang","Sundarrajan, Arvind",67394,"Singapore,SGP",SPG,2,2,2,2,2,2,2,14
110472,"Jamora, John Apostol","Leong, Kok Meng",172088,"Singapore,SGP",WWO,2,2,2,2,2,2,2,14
112996,"Lee, Kim Chye","Kurkcu, Nihat",119075,"Singapore,SGP",WWO,2,2,2,2,2,2,2,14
119916,"Tan, Lee sar","Fichbein Kleiner, Rachel",75227,"Singapore,SGP",HRM,2,2,2,2,2,2,2,14
116959,"Woon, Amanda","Kurkcu, Nihat",119075,"Singapore,SGP",WWO,2,2,2,2,2,2,2,14
x099743,"Ryan, Seow (SeowZi Yi Ryan)","Wong, Keat Choong",113466,"Singapore,SGP",WWO,2,2,1,2,2,2,2,13
163470,"Raut, Trupti Shashikant","Rosa, Michel A",113283,"Singapore,SGP",SPG,2,2,0,2,2,1,2,11
163492,"Chia, Kian Koon","Kuah, Wee Hian",113523,"Singapore,SGP",AGS,2,2,2,2,2,2,2,14
117273,"Chim, Chee Ming","Neibauer, Brian D",68401,"Singapore,SGP",QUA,2,2,2,2,2,2,2,14
113478,"Mah, Wee Heng","Lonier, Robert A",83267,"Singapore,SGP",QUA,2,2,2,2,2,1,2,13
113305,"Chan, Nan Fatt","Lee, Taras",86603,"Singapore,SGP",WWO,2,2,2,2,2,2,2,14
157256,"Shanmugaraj, Duraipandi","Ng, Sai kheong",115051,"Singapore,SGP",WWO,2,2,2,2,2,2,2,14
162428,"BIN BASIRAN, RAFLI","Mohd Hassan, Abu Talib",113051,"Singapore,SGP",WWO,2,2,2,2,2,2,2,14
155045,"Ang, Mohammad Faizal Bin Aermie","Soon, Khim Tiong",112724,"Singapore,SGP",SPG,1,2,2,2,2,2,2,13
163500,"Khairuddin, Ahmad","Soon, Khim Tiong",112724,"Singapore,SGP",SPG,2,2,2,2,2,2,2,14
154436,"Zhang, Yubin","Wang, Ben Zongbin",121012,"Singapore,SGP",SPG,2,2,2,1,1,2,1,11
x099568,"Albert, Lim","Lim, Chin Hui",170547,"Singapore,SGP",WWO,2,2,2,2,2,2,2,14
x099567,"Ang, Danny","Lim, Chin Hui",170547,,WWO,2,2,2,2,1,2,2,13
155518,"Sivadhramani, Viswanath","Soon, Khim Tiong",112724,"Singapore,SGP",SPG,2,2,2,2,2,2,2,14
x094953,"Andy, Ang","Soon, Khim Tiong",112724,"Singapore,SGP",SPG,2,2,2,2,2,2,1,13
162917,"Kang, Zhang","Wei, Junqi (???)",113175,"Singapore,SGP",SPG,2,2,2,2,2,2,2,14
87746,"Tay, Lee Guan","Seow, Desmond",163756,"Singapore,SGP",AGS,1,0,1,1,1,1,1,6
157509,"Yeo, Ching Hu","Munirathnan Ganesan, Saravanan",113503,"Singapore,SGP",WWO,2,2,2,2,2,2,2,14
112962,"Santos, Sherwin","Lousma, Matthew O",71970,"Singapore,SGP",WWO,2,1,2,2,2,0,1,10
x099957,"Lee, Siew Wen","Soh, Kian Seng",79955,"Singapore,SGP",SPG,2,2,1,2,2,2,2,13
160307,"Wong, Thim Choong","Le, Nam",160305,"Singapore,SGP",SPG,2,2,1,2,2,0,2,11
x087221,"Saravanan A/L, Krishnan","Koh, Jeff",111635,"Singapore,SGP",WWO,0,2,1,1,1,1,2,8
x093505,"Sathia Balan Rajandran, Balan Rajandran","Koh, Jeff",111635,"Singapore,SGP",WWO,2,2,2,2,2,2,1,13
x093800,"Ken, Chin","Wong, Keat Choong",113466,"Singapore,SGP",WWO,2,2,2,2,2,0,2,12
x0100386,"Savitha, Suresh","Sun, Cheng",120032,"Singapore,SGP",SPG,2,2,2,2,2,2,1,13
108410,"Ytac, Sherwin","Soh, Kian Seng",79955,"Singapore,SGP",SPG,2,2,2,2,2,2,2,14
113524,"To, Chun Yu","Soh, Kian Seng",79955,"Singapore,SGP",SPG,2,1,2,0,2,2,2,11
154486,"Ismail, Che Salman","Soh, Kian Seng",79955,"Singapore,SGP",SPG,2,2,2,2,2,2,2,14
155148,"Ngui, Chang Yong","Ng, David_FSO",87433,"Singapore,SGP",AGS,2,2,2,2,2,1,2,13
155375,"Su, Jun-Liang","Hazlehurst, Richard",172428,"Singapore,SGP",SPG,2,2,2,2,1,2,1,12
x099715,"Jian Wei, Loo","Song, Jiao",121165,"Singapore,SGP",SPG,2,1,2,1,2,2,2,12
113029,"Natividad, Herman B","Soh, Boon Tiang",162321,"Singapore,SGP",WWO,2,2,2,2,2,2,2,14
113615,"Villaflor, Edwin Santiago","Soh, Boon Tiang",162321,"Singapore,SGP",WWO,2,2,2,2,2,2,2,14
156500,"Liu, Shuwei","Zerrade, Azeddine",165406,"Singapore,SGP",SPG,2,2,2,2,2,2,2,14
157253,"Tan, Boon Chye","Soh, Boon Tiang",162321,"Singapore,SGP",WWO,2,2,2,2,2,2,2,14
158577,"Othman, Mohamad Hedhir","Soh, Boon Tiang",162321,"Singapore,SGP",WWO,2,2,2,2,2,2,2,14
162477,"Chong, Kee Boon","Soh, Boon Tiang",162321,"Singapore,SGP",WWO,2,2,2,2,2,2,2,14
163698,"Yaoying, Zhong","Hoi, Siew Kit",120478,"Singapore,SGP",SPG,2,1,1,1,1,2,2,10
162721,"Chan, Jenny Lian Hoe","Tan, Lee sar",119916,"Singapore,SGP",HRM,1,2,2,1,0,2,2,10
120830,"Leo Raja, Lourduraj Christofer","Wyly, Kristopher S",78682,"Singapore,SGP",WWO,2,2,2,2,2,2,2,14
x058410,"Ahamed, Irsath","Wong, Keat Choong",113466,"Singapore,SGP",WWO,2,2,2,2,0,0,2,10
x0101020,"Yoke Tim, Yap","Yap, Chin Po (YapChin Po)",165731,"Singapore,SGP",LEG,2,2,2,2,2,2,2,14
105939,"Lim, Yin Wei","See, Guan Huei",153538,"Singapore,SGP",SPG,2,2,2,2,2,2,2,14
x088984,"Naganthiran, Devendran","Soh, Boon Tiang",162321,"Singapore,SGP",WWO,2,2,2,2,2,2,2,14
111636,"Peh, Wee Kok","Chan, Steven",113305,"Singapore,SGP",WWO,2,2,2,2,2,2,2,14
x093509,"RuiHe, Chen","Ng, Sai kheong",115051,"Singapore,SGP",WWO,2,1,2,2,2,2,2,13
x087030,"Nagaiya, Renganathan","Ng, Sai kheong",115051,"Singapore,SGP",WWO,2,2,2,2,2,2,2,14
x087296,"Kannah, Govindarajoo A/L","Ng, Sai kheong",115051,"Singapore,SGP",WWO,2,2,2,2,2,2,2,14
x073581,"Jing Zong, Zhang","Ang, Kok Wah",71936,"Singapore,SGP",QUA,2,2,2,2,2,2,2,14
x084707,"Sallehudin, Bin Salleh","Seah, Chee Kheong",73902,"Singapore,SGP",CSD,2,2,2,2,2,2,2,14
x085042,"Meng Kiat, Ng","Seah, Chee Kheong",73902,"Singapore,SGP",CSD,2,2,2,2,2,2,2,14
x088349,"Wai Chin, Cheng","Pabroquez, Arlene",163855,"Singapore,SGP",CSD,2,2,2,1,2,2,2,13
x090425,"Xia San, Yan","Pabroquez, Arlene",163855,"Singapore,SGP",CSD,2,2,2,2,2,2,2,14
x090426,"Gay Soon, Teo","Pabroquez, Arlene",163855,"Singapore,SGP",CSD,2,2,2,2,2,2,2,14
x090428,"Shu Shan, Yuan","Pabroquez, Arlene",163855,"Singapore,SGP",CSD,2,2,2,2,2,2,2,14
x091812,"Chee Fuh, Hoo","Seah, Chee Kheong",73902,"Singapore,SGP",CSD,2,2,2,2,2,2,2,14
x092597,"Zhi Yong, Du","Pabroquez, Arlene",163855,"Singapore,SGP",CSD,2,2,2,2,2,2,2,14
x093271,"Daisy, Ramirez","Seah, Chee Kheong",73902,"Singapore,SGP",CSD,2,2,2,2,2,2,2,14
x093902,"Hong Jiang, Song","Pabroquez, Arlene",163855,"Singapore,SGP",CSD,2,2,2,2,2,2,2,14
x095591,"Chi Dat, Nguyen","Seah, Chee Kheong",73902,"Singapore,SGP",CSD,2,2,2,2,2,2,2,14
x096021,"Jaspal, Singh","Pabroquez, Arlene",163855,"Singapore,SGP",CSD,2,2,2,2,2,2,2,14
x096447,"Ah San, Ang","Pabroquez, Arlene",163855,"Singapore,SGP",CSD,2,2,2,1,2,2,2,13
x099638,"Asnah Bte, Ibrahim","Pabroquez, Arlene",163855,"Singapore,SGP",CSD,0,0,0,2,1,1,1,5
x099692,"Hadi Bin Amir, Muhammad","Hazlehurst, Richard",172428,"Singapore,SGP",SPG,2,2,2,2,2,2,0,12
x099641,"Yvonne S, Lee","Pabroquez, Arlene",163855,"Singapore,SGP",CSD,2,2,2,2,2,2,2,14
x0100010,,,,,,0,0,0,0,0,0,0,0
x0100100,"Perth, Si","Pabroquez, Arlene",163855,"Singapore,SGP",CSD,2,2,2,2,2,2,2,14
x0100224,"Wong, Raymond","Pabroquez, Arlene",163855,"Singapore,SGP",CSD,2,2,2,2,2,2,2,14
163855,"Pabroquez, Arlene","Seah, Chee Kheong",73902,"Singapore,SGP",CSD,2,2,2,2,2,2,2,14
113259,"Perez, Jefferson E","Rodriguez, Juan A",65200,"Singapore,SGP",WWO,2,2,2,2,2,2,2,14
112999,"Ellana, Armando","Ng, Sai kheong",115051,"Singapore,SGP",WWO,2,2,2,2,2,2,2,14
112984,"Anos, Solino","Ee, Tian Chor",170531,"Singapore,SGP",WWO,2,2,2,2,1,2,2,13
112950,"Shan, Saravanan","Leong, Kok Meng",172088,"Singapore,SGP",WWO,2,2,2,2,2,2,2,14
113575,"Chin Soon, Yap","Chan, Steven",113305,"Singapore,SGP",WWO,2,2,1,1,2,2,1,11
x093777,"ah bee, Tan","Sivaraj, Ganesh",174335,"Singapore,SGP",WWO,2,2,2,2,2,2,2,14
x087352,"Srinivasan, Natarajan","Swe Liam, Ang",175893,,WWO,1,2,2,1,2,2,2,12
x0101204,"Chris, See","Seah, Chee Kheong",73902,"Singapore,SGP",CSD,2,2,2,2,2,2,2,14
x086315,"Manivel, Thangavel","Seah, Chee Kheong",73902,"Singapore,SGP",CSD,2,2,2,2,2,2,2,14
x077733,"Kathirivel Gopi, Kumar","Seah, Chee Kheong",73902,"Singapore,SGP",CSD,2,2,2,2,2,2,2,14
x090676,"Chun Kit, Ooi","Seah, Chee Kheong",73902,"Singapore,SGP",CSD,2,2,2,2,2,2,2,14
x084909,"Wei Kean, Chong","Seah, Chee Kheong",73902,"Singapore,SGP",CSD,2,2,2,2,2,2,2,14
x071785,"Shahidul Islam, Bhuiyan","Seah, Chee Kheong",73902,"Singapore,SGP",CSD,2,2,2,2,2,2,2,14
x065200,"Sherwin, Estacio","Seah, Chee Kheong",73902,"Singapore,SGP",CSD,2,2,2,2,2,2,2,14
x059385,,,,,,0,0,0,0,0,0,0,0
x082259,"Muthu, Mutharasu","Seah, Chee Kheong",73902,"Singapore,SGP",CSD,2,2,2,2,2,2,2,14
108511,"Lee, Yang Ming","Charn, Tze Howe",161417,"Singapore,SGP",AIT,2,1,2,2,2,2,2,13
x065589,"Laurella, Allan","Annamalai, PL",86750,"Clark Freeport Zone,PHL",AGS,2,2,2,2,2,2,1,13
112644,"Rosario, John","Leonor, Ramir",112417,"Clark Freeport Zone,PHL",AGS,2,2,2,2,2,2,2,14
155384,"A l Mathuvanan, Haaritaas","Mohamad Iskandar, Mohamad Fadillah",117276,"Kulim,MYS",AGS,2,2,2,2,2,2,2,14
158029,"Bin Mohd Fadzil, Mohd Afzan","Ramasamy, Selvakumar",111570,"Kulim,MYS",AGS,2,2,2,2,2,2,2,14
117276,"Mohamad Iskandar, Mohamad Fadillah","Quah, Han Oon",79234,"Kulim,MYS",AGS,2,2,2,2,2,2,2,14
154014,"Fairulnizam B.  Mohd Iskandar, Mohamad","Ramasamy, Selvakumar",111570,"Kulim,MYS",AGS,2,2,2,2,2,2,2,14
155231,"Han, Keong Yoong","Ramasamy, Selvakumar",111570,"Kulim,MYS",AGS,1,2,2,1,1,2,0,9
154707,"Kumar, Sathis","Ramasamy, Selvakumar",111570,"Kulim,MYS",AGS,2,2,2,2,2,2,2,14
117292,"Lim, Teng Kooi","Mohamad Iskandar, Mohamad Fadillah",117276,"Kulim,MYS",AGS,2,2,2,2,2,2,2,14
80178,"Mahfodz, Saipul Nizam","Ramasamy, Selvakumar",111570,"Kulim,MYS",AGS,1,2,2,1,2,2,2,12
157311,"Satri, Muhammad Syamil","Mohamad Iskandar, Mohamad Fadillah",117276,"Kulim,MYS",AGS,1,2,0,2,2,2,2,11
143925,"Shanmugham, Saravanan","Ramasamy, Selvakumar",111570,"Kulim,MYS",AGS,2,2,1,2,2,2,2,13
154566,"Supparamainam, Kalaiselvan","Ramasamy, Selvakumar",111570,"Kulim,MYS",AGS,2,2,2,2,2,2,2,14
160863,"Voon, Hsien Yoong John","Ramasamy, Selvakumar",111570,"Kulim,MYS",AGS,1,2,1,2,2,2,2,12
161770,"Varghese, Binni","Xiao, Wen",160456,"Singapore,SGP",SPG,2,2,2,2,2,2,1,13
163471,"Rafi, Mohamed","Sudijono, John",163941,"Singapore,SGP",SPG,2,2,2,2,2,2,2,14
164143,"Yoong, Herng Yau","Xiao, Wen",160456,"Singapore,SGP",SPG,2,2,2,2,2,2,2,14
162750,"Espejo, Van Algene Estioco","Leonor, Ramir",112417,"Clark Freeport Zone,PHL",AGS,2,1,2,2,2,2,2,13
x0101760,"Ramya, Ramalingam","Liu, Shuwei",156500,"Singapore,SGP",SPG,1,2,2,2,2,2,2,13
164204,,,,,,0,0,0,0,0,0,0,0
x073955,"Muhammad Sufian, Esa","Koh, Jeff",111635,"Singapore,SGP",WWO,2,1,2,2,2,2,2,13
x0101972,"Bee Choo, Chew","Pabroquez, Arlene",163855,"Singapore,SGP",CSD,1,0,0,2,1,1,1,6
x087894,"Asmaulkhair, Abdul Rahman Bin","Sivaraj, Ganesh",174335,"Singapore,SGP",WWO,2,1,1,2,1,1,1,9
x083318,"Karl Ian, Tuazon","Pabroquez, Arlene",163855,"Singapore,SGP",CSD,2,2,2,2,2,2,2,14
120602,"Koh, Tuck Foong","Goh, Clinton",153548,"Singapore,SGP",SPG,2,2,2,2,2,2,1,13
157722,"Chen, Chang Kuei","Lim, Wei Yang",121380,"Singapore,SGP",WWO,2,2,2,2,2,2,2,14
113400,"Seah, Javien Jin Ping","Tan, Brian",83867,"Singapore,SGP",AGS,2,2,2,2,2,2,2,14
x057150,"Reynaldo, Marcos","Seah, Chee Kheong",73902,"Singapore,SGP",CSD,2,2,2,2,2,2,2,14
x082044,"K Krishnan, K Mahendran","Soh, Boon Tiang",162321,"Singapore,SGP",WWO,2,2,2,2,2,2,2,14
x088529,"Ne Win, Chan Chen, Chi","Wong, Keat Choong",113466,"Singapore,SGP",WWO,2,2,2,2,2,2,2,14
158270,"Loo, Kooi Tatt Jason","Leng, Wai Keong",157692,"Singapore,SGP",WWO,2,2,2,2,2,2,2,14
x094560,"DEVASAGAYAN SIMON, JOEL","Koh, Jeff",111635,"Singapore,SGP",WWO,2,1,0,1,1,1,0,6
80814,"Pang, Heok Cheng (???)","Cortes, Jose S.",155836,"Singapore,SGP",WWO,1,1,1,1,1,1,1,7
112724,"Soon, Khim Tiong","Bhat, Sanjay",106387,"Singapore,SGP",SPG,2,2,2,2,2,2,2,14
x095419,"Koh, Hwee Ting","Sun, Cheng",120032,"Singapore,SGP",SPG,2,2,2,2,2,2,2,14
x091584,"Ravindran, Velliah","Soh, Boon Tiang",162321,"Singapore,SGP",WWO,2,2,2,2,2,2,2,14
115341,"Chua, Eng tiong","Vallinayagam, Shaji P",80454,"Singapore,SGP",WWO,2,2,2,2,2,2,2,14
117288,"Lim, Cheng Hwee","Liu, George",64665,"Singapore,SGP",WWO,2,2,2,2,2,2,1,13
86603,"Lee, Chee Kheong","Kurkcu, Nihat",119075,"Singapore,SGP",WWO,2,2,2,2,2,2,2,14
164240,"Chin, Derrick","Hambleton, Scott A",85310,"Singapore,SGP",CSD,2,2,2,2,2,2,2,14
x088629,"A/L Muniandy, Theventheran","Peh, Wee Kok",111636,"Singapore,SGP",WWO,2,2,2,2,2,0,2,12
x088630,"Gurcharan Singh, Paramjit Singh","Soh, Boon Tiang",162321,"Singapore,SGP",WWO,2,2,2,2,2,2,1,13
x095571,"Shafari, Shafari","Koh, Jeff",111635,"Singapore,SGP",WWO,2,2,2,2,1,1,1,11
x0102526,"Sew Ha, Neo","Pabroquez, Arlene",163855,"Singapore,SGP",CSD,1,2,2,2,2,2,2,13
x0102430,"Lawa, Dalawa","Chin, Vui Khen (???)",70891,"Singapore,SGP",QUA,2,2,2,2,2,2,2,14
x088627,"kok cheong, yee","Soh, Kian Seng",79955,"Singapore,SGP",SPG,2,2,2,2,2,2,2,14
x083443,"AH LENG DENNIS, TAN","Kader Maideen, Mohamed Thaqif",164882,"Singapore,SGP",WWO,1,2,2,0,1,1,2,9
x089193,"Viknesh, Palanisamy","Seah, Chee Kheong",73902,"Singapore,SGP",CSD,2,2,2,1,2,2,2,13
159475,,,,,,1,1,0,0,0,0,0,2
161342,"Cheng, Bryan Ting On","Chua, Eng tiong",115341,"Singapore,SGP",WWO,1,2,2,2,2,2,2,13
x078979,"Malou, Victorino","Pabroquez, Arlene",163855,"Singapore,SGP",CSD,2,2,2,2,2,2,2,14
83493,"Tay, Guan Hung","Quah, Han Oon",79234,"Singapore,SGP",AGS,2,2,2,2,2,2,2,14
111570,"Ramasamy, Selvakumar","Quah, Han Oon",79234,"Kulim,MYS",AGS,2,2,1,2,1,2,2,12
112417,"Leonor, Ramir","Quah, Han Oon",79234,"Clark Freeport Zone,PHL",AGS,2,1,2,0,1,1,2,9
108124,"Xie, Yong Liang (???)","Zhou, Li",113634,"Singapore,SGP",WWO,2,2,2,2,2,2,2,14
x095067,,,,,,2,2,2,1,2,2,2,13
x0102737,"Muhammad Amiruddin, Bin Zairudin","Pabroquez, Arlene",163855,"Singapore,SGP",CSD,2,2,2,2,2,2,2,14
x099426,,,,,,0,0,0,0,0,0,0,0
119551,"Agarwal, Prashant","Babu, Sarath",116206,,SPG,2,2,2,2,2,2,2,14
x089097,"Yew Chai, Teo","Soh, Boon Tiang",162321,"Singapore,SGP",WWO,2,2,2,2,2,2,2,14
x096243,"Kheng Hian, Chua","Soh, Boon Tiang",162321,"Singapore,SGP",WWO,2,2,2,2,2,2,2,14
x0102524,"Peter Joseph, Clemente","Pabroquez, Arlene",163855,"Singapore,SGP",CSD,2,2,2,1,2,1,2,12
116034,"Lim, Sok kee","Shee, Steven",165338,,FIN,2,2,2,2,2,2,2,14
x082586,"Beng Lek, Tang","Pabroquez, Arlene",163855,"Singapore,SGP",CSD,2,2,2,1,2,2,2,13
161400,,,,,,2,2,2,2,1,0,0,9
113024,"Ranchez, Jimmy Julius P","Santos, Sherwin",112962,"Singapore,SGP",WWO,2,2,1,2,2,2,1,12
115484,"Mohamed noordin, Mohamed zafarrulah","Santos, Sherwin",112962,"Singapore,SGP",WWO,1,2,1,2,1,1,0,8
158313,"Deveza, Michael","Santos, Sherwin",112962,"Singapore,SGP",WWO,2,2,2,2,2,1,2,13
x0102857,"Michelle, Chong","Pabroquez, Arlene",163855,"Singapore,SGP",CSD,1,2,2,2,2,2,2,13
x058561,"Dino Khairil, Rahman","Wong, Keat Choong",113466,"Singapore,SGP",WWO,2,0,2,2,2,2,2,12
x083202,"Abdul Rahim, Murad","Koh, Jeff",111635,"Singapore,SGP",WWO,2,2,2,2,2,2,2,14
x088877,"Wei Siong, Ng","Wong, Keat Choong",113466,"Singapore,SGP",WWO,2,2,2,2,2,2,2,14
x095902,,,,,,2,2,2,2,2,2,2,14
x074157,,,,,,2,1,1,1,2,2,1,10
164220,"Cheong, Sarah","Ang, Kok Wah",71936,"Singapore,SGP",QUA,1,2,1,2,2,1,2,11
x095129,"Muhammad Firdaus, Bin Hamzah","Ang, Kok Wah",71936,"Singapore,SGP",QUA,2,2,2,2,2,2,2,14
x0102742,"Muniandy, Mathan","Ng, Kim Hai",175690,,WWO,2,1,2,2,0,1,1,9
162026,"Izzat Bin Abdul Rashid, Muhammad","Peh, Wee Kok",111636,"Singapore,SGP",WWO,2,2,2,0,2,0,2,10
x099538,"Muhammad, Danial","Hazlehurst, Richard",172428,"Singapore,SGP",SPG,2,2,2,2,2,2,2,14
163583,"Elumalai, Karthik","Jupudi, Ananthkrishna",106703,"Singapore,SGP",SPG,2,2,2,2,2,1,2,13
81266,,,,,,1,0,1,2,0,0,0,4
104326,,,,,,0,0,0,0,0,0,0,0
112955,"Sanchez, Julius","Leong, Kok Meng",172088,"Singapore,SGP",WWO,2,2,2,2,2,2,2,14
112952,"Macatangay, Christopher","Koh, Jeff",111635,"Singapore,SGP",WWO,2,2,2,2,2,2,2,14
115321,"Ong, Heng seng","Lim, Cheng Hwee",117288,"Singapore,SGP",WWO,2,2,2,2,2,2,2,14
115520,"Lee, Ze leang","Ee, Tian Chor",170531,"Singapore,SGP",WWO,2,2,2,2,2,2,2,14
66625,,,,,,0,0,0,0,0,0,0,0
121170,"Lim Hoi Sim, Vendy","Munirathnan Ganesan, Saravanan",113503,,WWO,2,2,2,2,2,1,2,13
154034,"Sunthiramohan, Muraly","Leong, Kok Meng",172088,"Singapore,SGP",WWO,2,2,1,1,2,2,2,12
156218,"Gurusamy, Arunkumar","Ee, Tian Chor",170531,"Singapore,SGP",WWO,2,2,2,1,2,2,2,13
158875,"Yew, Kok Wai","Koh, Jeff",111635,"Singapore,SGP",WWO,2,2,2,2,2,2,2,14
158868,"LEE, SENG GUAN","Ee, Tian Chor",170531,"Singapore,SGP",WWO,2,2,2,2,2,2,2,14
161775,"Tan, Kok Chong","Leong, Kok Meng",172088,"Singapore,SGP",WWO,2,2,2,2,2,2,2,14
x095685,"Ng, Kia Yaun","Koh, Jeff",111635,,WWO,2,2,2,1,1,2,2,12
x0102659,"Yew Kuan, Ho","Chin, Vui Khen (???)",70891,"Singapore,SGP",QUA,2,2,2,1,2,2,2,13
x0102660,"Choong Fatt, Ho","Chin, Vui Khen (???)",70891,"Singapore,SGP",QUA,2,2,2,2,2,2,2,14
119075,"Kurkcu, Nihat","Ong, KC",157327,"Singapore,SGP",WWO,1,1,2,2,1,0,2,9
x0101338,"Jimenez, Dominador","Chin, Vui Khen (???)",70891,"Singapore,SGP",QUA,2,2,2,2,2,2,2,14
x096772,"Muhammad Azhar, Bin Ishak","Soon, Khim Tiong",112724,"Singapore,SGP",SPG,2,2,2,1,2,2,2,13
x0103133,"Bin Ismail, Muhamad Ziqkrul","Seah, Chee Kheong",73902,"Singapore,SGP",CSD,2,2,2,2,2,2,2,14
104540,"Gan, Pin Gian","Hee, Jyh Chyang",79509,"Singapore,SGP",SPG,2,2,2,2,2,2,2,14
71936,"Ang, Kok Wah","Conley, Andrew",165326,"Singapore,SGP",WWO,2,2,2,2,2,2,2,14
116250,"Tan, Ticher","Chin, Derrick",164240,"Singapore,SGP",CSD,2,2,2,2,2,2,2,14
110736,"Cai, Steve","Chin, Derrick",164240,"Singapore,SGP",CSD,2,2,2,2,2,2,2,14
120549,"Chai, Shuang Huei","Wong, Kim Soon",172506,"Singapore,SGP",WWO,2,2,2,2,2,2,2,14
x079675,"A/L Muniandy, Sivamani","Soh, Boon Tiang",162321,"Singapore,SGP",WWO,2,2,2,2,2,2,2,14
112899,"Lim, Sooi Hwa","Chia, Soon Kiat",104605,"Singapore,SGP",WWO,2,2,2,2,0,2,1,11
120923,"Lam, Zadig","Mittal, Sanjiv",89915,"Singapore,SGP",AGS,2,2,2,2,2,2,2,14
x0103090,,,,,,0,0,0,0,0,0,0,0
x0100385,"RAJESH KUMAR, PUTTI","Hazlehurst, Richard",172428,"Singapore,SGP",SPG,2,2,2,2,2,2,2,14
164893,"Solaimuthu, Navaneetham","Tesic, Lisa C",73079,"Singapore,SGP",WWO,2,2,2,2,2,2,2,14
103084,"Chow, Seng Wong","Peh, Wee Kok",111636,"Singapore,SGP",WWO,2,2,2,2,2,2,2,14
110464,"Borjal, Laurence G","Santos, Sherwin",112962,"Singapore,SGP",WWO,2,2,2,2,2,2,1,13
111980,"Hay, Garry","Chin Soon, Yap",113575,"Singapore,SGP",WWO,1,2,2,1,1,1,1,9
113023,"Foo, Siak Meng","Chin Soon, Yap",113575,"Singapore,SGP",WWO,2,2,2,2,2,2,2,14
113525,"Kumar, Sanjay","Chin Soon, Yap",113575,"Singapore,SGP",WWO,2,2,2,2,2,2,2,14
113625,"Koh, Chee Keong","Chin Soon, Yap",113575,"Singapore,SGP",WWO,2,2,2,2,2,2,2,14
115046,"Lee, Leng keaw thomas","Peh, Wee Kok",111636,"Singapore,SGP",WWO,2,2,2,2,2,2,2,14
115059,"Noor ali, Nazir ali bin","Chin Soon, Yap",113575,"Singapore,SGP",WWO,1,1,1,2,1,1,1,8
115305,"Poo, Ching lee","Peh, Wee Kok",111636,"Singapore,SGP",WWO,2,2,2,2,2,2,2,14
115412,"Sukri, Farid idros","Peh, Wee Kok",111636,"Singapore,SGP",WWO,2,2,2,2,2,2,2,14
121066,"Williams, Matthew P","Sithamparanathan, S.Kunalan",156266,,WWO,2,2,2,2,2,2,2,14
153955,"Balatbat, Rommel","Peh, Wee Kok",111636,"Singapore,SGP",WWO,2,2,2,2,2,1,2,13
154191,"Beh, Chin Hui","Chin Soon, Yap",113575,"Singapore,SGP",WWO,2,2,2,0,2,1,2,11
154249,"Tan, Chee Hong","Peh, Wee Kok",111636,"Singapore,SGP",WWO,2,2,2,2,2,2,2,14
x083237,"Sithambaram, Puvanesan s/o","Peh, Wee Kok",111636,"Singapore,SGP",WWO,1,2,0,1,2,2,2,10
155338,"Lo, Kenny Kin Bin","Chin Soon, Yap",113575,"Singapore,SGP",WWO,2,2,2,2,2,0,1,11
155363,"Chen, He Cai","Zhou, Li",113634,"Singapore,SGP",WWO,2,2,2,2,2,2,1,13
155404,"Kang, Kian Huat","Chin Soon, Yap",113575,"Singapore,SGP",WWO,2,1,2,1,2,0,2,10
x085179,"Gan, Bon Chai","Leong, Kok Meng",172088,"Singapore,SGP",WWO,2,2,1,1,2,2,2,12
156988,"Bin Samad, Dwi Rahmawan Saputra","Peh, Wee Kok",111636,"Singapore,SGP",WWO,2,2,2,2,2,2,2,14
157002,"Bin Alwi, Hairul","Koh, Bok Lim",111634,"Singapore,SGP",WWO,2,2,2,2,2,1,2,13
156989,"Goh, Jia Han","Ng, Kim Hai",175690,"Singapore,SGP",WWO,2,2,2,2,2,0,2,12
156990,"Vasundaran, Laljin","Chin Soon, Yap",113575,"Singapore,SGP",WWO,2,2,2,1,2,1,2,12
159494,"Dhayalan, Kumar","Munirathnan Ganesan, Saravanan",113503,"Singapore,SGP",WWO,2,2,2,2,2,2,2,14
160148,"Wong, Koon Seong","Peh, Wee Kok",111636,"Singapore,SGP",WWO,2,2,2,2,2,2,2,14
160144,"Chaik, Wai Chung","Peh, Wee Kok",111636,"Singapore,SGP",WWO,2,2,2,2,2,2,2,14
160149,"Chieng, Yew Liong","Chin Soon, Yap",113575,"Singapore,SGP",WWO,2,2,2,2,2,2,1,13
160651,"Wu, Xinyu","Peh, Wee Kok",111636,"Singapore,SGP",WWO,1,1,1,2,1,2,1,9
161124,"Bin Zulkipli, Muhammad Sahril","Peh, Wee Kok",111636,"Singapore,SGP",WWO,2,2,2,2,2,2,2,14
160978,"Mathavan, Mohandas","Munirathnan Ganesan, Saravanan",113503,"Singapore,SGP",WWO,1,1,1,2,2,2,2,11
161414,"Bin Suati, Muhammad Raizan","Chin Soon, Yap",113575,"Singapore,SGP",WWO,2,2,2,2,2,2,1,13
161459,"Ooi, Jiin Xiong","Chin Soon, Yap",113575,"Singapore,SGP",WWO,2,2,2,2,1,2,2,13
x098638,"Ridwan, Muhammad","Chin Soon, Yap",113575,"Singapore,SGP",WWO,2,2,2,2,2,0,2,12
x0101040,"Regine, Leonardo Luna","Pabroquez, Arlene",163855,"Singapore,SGP",CSD,2,2,2,2,2,2,2,14
x096869,"Amran, Muhammad  Ezree Syah","Kader Maideen, Mohamed Thaqif",164882,,WWO,1,2,2,2,2,1,2,12
155709,"Zheng, Fei Fei","Chin Soon, Yap",113575,"Singapore,SGP",WWO,2,2,2,0,2,2,2,12
111179,"Lim, Ai Ling","Abdallah, Bilal",164590,"Singapore,SGP",WWO,1,2,2,2,0,2,1,10
113021,"Mu, Aan Wooi","Peh, Wee Kok",111636,"Singapore,SGP",WWO,1,2,2,2,2,2,1,12
115413,"Mohamad razali, Noordin bin","Peh, Wee Kok",111636,"Singapore,SGP",WWO,2,2,2,2,2,2,2,14
161105,"Tan, Kok Yew","Sivaraj, Ganesh",174335,"Singapore,SGP",WWO,2,2,2,2,2,2,2,14
x031392,"Lee, Esther","Yeo, Derrick",116475,"Singapore,SGP",GIS,2,2,2,2,2,2,2,14
x085925,"Punzalan, Jaynes","Yeo, Derrick",116475,"Singapore,SGP",GIS,2,2,2,2,1,2,2,13
x090042,"Oh, Wen Jian","Soh, Boon Tiang",162321,,WWO,2,2,2,2,2,2,2,14
x097086,"Ahmad Salim, Muhammad, Hasraf","Koh, Jeff",111635,"Singapore,SGP",WWO,1,1,1,1,1,1,1,7
x097363,"A/L Kunasegaran, Nagendran","Wong, Keat Choong",113466,"Singapore,SGP",WWO,2,2,2,2,2,2,2,14
112985,"Tan, Wee Yen","Leng, Wai Keong",157692,"Singapore,SGP",WWO,2,2,2,2,2,2,1,13
120927,"ESWARAPRASAD, GANDHI","Leng, Wai Keong",157692,"Singapore,SGP",WWO,2,2,2,2,2,2,2,14
x097505,"Chelvam, Ruban","Sivaraj, Ganesh",174335,,WWO,2,2,2,2,2,1,2,13
x099207,"Mohd Riduwan, Abdullah","Sim, York Tiong",174454,"Singapore,SGP",AGS,1,2,2,2,2,2,2,13
x086770,"Sam, Lim Lik Harn","Loo, Yih Liang",165862,,WWO,2,1,2,2,2,2,2,13
63452,,,,,,1,2,0,1,1,0,0,5
112117,"Chi, Sik Hin","Papanu, James S",71032,"Singapore,SGP",SPG,2,2,2,2,2,2,2,14
158973,"Boh, Kelvin","Wei, Junqi (???)",113175,"Singapore,SGP",SPG,2,2,2,2,2,2,2,14
x097122,"LOO, YONG SANG","Hee, Jyh Chyang",79509,"Singapore,SGP",SPG,2,2,2,2,2,1,2,13
x058491,"Herwan, Mustafar","Ng, Kim Hai",175690,"Singapore,SGP",WWO,2,2,2,2,2,2,2,14
x0103571,"Bin Zainal, Mohamad","Kader Maideen, Mohamed Thaqif",164882,"Singapore,SGP",WWO,2,2,2,2,2,2,2,14
x0103574,"Tan, Yeow Kim","Kader Maideen, Mohamed Thaqif",164882,"Singapore,SGP",WWO,1,2,2,2,2,2,1,12
x0103601,"Binte Litlay, Halfiah","Pabroquez, Arlene",163855,"Singapore,SGP",CSD,1,2,2,2,2,2,2,13
x0103674,"Poh, Luang keng","Pabroquez, Arlene",163855,"Singapore,SGP",CSD,2,2,2,1,2,2,2,13
x0100870,"Saifudin, Bin Maskuri","Pabroquez, Arlene",163855,"Singapore,SGP",CSD,2,1,2,2,2,2,2,13
115517,"Sum, Yue hoe","Nadig, Divya V",158024,"Singapore,SGP",AGS,2,2,2,2,2,2,2,14
156670,,,,,,1,2,1,0,2,0,0,6
x0103717,"Myo, Nyunt","Seah, Chee Kheong",73902,"Singapore,SGP",CSD,2,1,2,2,1,2,2,12
153548,"Goh, Clinton","Hoerner, Bridger E",112311,"Singapore,SGP",SPG,1,1,2,1,1,2,1,9
x0102952,"Sim, Linda","Pabroquez, Arlene",163855,,CSD,1,0,0,2,1,1,2,7
163756,"Seow, Desmond","Ryan, Conor",63859,,AGS,2,2,2,2,2,2,2,14
x095518,"Quek, Han Ming","Chin, Vui Khen (???)",70891,"Singapore,SGP",QUA,2,2,2,0,2,0,0,8
x0103675,"Feng, Shi Guo","Pabroquez, Arlene",163855,"Singapore,SGP",CSD,2,2,2,2,2,2,2,14
157172,"Le, Dat T","Li, Mei (??)",74426,,FIN,2,2,2,1,1,1,0,9
113653,"Djoko Nugroho, Vincentius","Soh, Boon Tiang",162321,"Singapore,SGP",WWO,2,2,2,2,2,2,2,14
x089839,"Parathithasan, Karrthik","Papanu, James S",71032,"Singapore,SGP",SPG,2,2,2,2,2,2,2,14
164882,"Kader Maideen, Mohamed Thaqif","Low, Queency",120208,"Singapore,SGP",WWO,2,1,2,2,2,2,1,12
x080189,"Salni a/p, Moorthy","Ee, Tian Chor",170531,"Singapore,SGP",WWO,2,2,2,2,2,2,2,14
x084296,"Muhd Afiq, Muhd Afiq","Soh, Boon Tiang",162321,"Singapore,SGP",WWO,2,2,2,2,2,2,2,14
156266,"Sithamparanathan, S.Kunalan","Kunnakkat, Sonny",84182,"Singapore,SGP",WWO,2,2,2,2,2,2,2,14
143957,"Lian Hwee, Hau","Sowmithri, C k",119012,"Singapore,SGP",WWO,1,1,1,1,2,1,1,8
79048,"Foo, Sei Wang Terence","Sithamparanathan, S.Kunalan",156266,"Singapore,SGP",WWO,2,2,2,2,2,1,2,13
67681,"Kim, Jong Min","Lee, Teck Koon",166865,"Singapore,SGP",AGS,2,2,2,2,2,2,2,14
x0103959,"Winson Winson, Terence","Yap, Chin Po (YapChin Po)",165731,"Singapore,SGP",LEG,2,2,2,2,2,2,2,14
153953,"Huang, Alvin","Chin Soon, Yap",113575,"Singapore,SGP",WWO,2,2,2,2,2,2,2,14
155351,"Kwok, Chun Hing","Peh, Wee Kok",111636,"Singapore,SGP",WWO,2,2,2,2,2,2,2,14
157988,"Teo, Sheng Jie","Zhou, Li",113634,"Singapore,SGP",WWO,2,2,2,2,2,2,2,14
111450,"Budhi Subramani, Dinesh","Zhou, Li",113634,"Singapore,SGP",WWO,2,2,2,1,2,2,2,13
113504,"Chiam, June Hwee Kiang","Maberry, Kelly M",173679,"Singapore,SGP",HRM,2,2,2,2,2,2,2,14
113622,"Dela Cruz, Arnold","Chin Soon, Yap",113575,"Singapore,SGP",WWO,2,2,1,2,1,2,2,12
155339,"Bin Abdul Rahman, Mohamed Nazirudeen","Koh, Bok Lim",111634,"Singapore,SGP",WWO,2,2,2,2,2,2,2,14
109569,"Cheng, Khor Wui","Ng, Jin Kiat",170811,"Singapore,SGP",CTO,2,2,2,2,2,2,2,14
112898,"Ocampo, Roy L","Lim, Cheng Hwee",117288,"Singapore,SGP",WWO,1,1,2,1,2,2,2,11
x090978,"Oh, Yi Wei Derrick","Yap, Chin Po (YapChin Po)",165731,"Singapore,SGP",LEG,2,2,2,2,2,2,2,14
x090979,"Jamaludin, Bin Mohd Salleh","Yap, Chin Po (YapChin Po)",165731,"Singapore,SGP",LEG,2,2,2,2,2,2,2,14
x090981,"Kavita, Murugan","Yap, Chin Po (YapChin Po)",165731,"Singapore,SGP",LEG,2,2,2,2,2,2,2,14
x097362,"Kwang Yuan, Yap (YapKwang Yuan)","Wong, Keat Choong",113466,"Singapore,SGP",WWO,2,2,2,2,2,2,2,14
113051,"Mohd Hassan, Abu Talib","Chai, Meng Yih",79182,"Singapore,SGP",WWO,2,2,2,2,2,2,2,14
x097575,"Siva Balan, S/O Nadan","Soon, Khim Tiong",112724,"Singapore,SGP",SPG,2,2,2,2,2,2,2,14
x099623,"Saerah Binte, Abdul Latiff","Soon, Khim Tiong",112724,"Singapore,SGP",SPG,2,2,2,2,2,2,2,14
102541,"Aziz, Azlan Abdul","Lim, Cheng Hwee",117288,"Singapore,SGP",WWO,2,2,2,1,2,1,2,12
110635,"Fortuna, Christopher Joy","Lim, Cheng Hwee",117288,"Singapore,SGP",WWO,1,2,2,2,2,1,2,12
111955,"Tio, Ephraim","Lim, Cheng Hwee",117288,"Singapore,SGP",WWO,2,2,2,1,2,0,2,11
121145,"Gopal, Sri Rengan","Lim, Cheng Hwee",117288,"Singapore,SGP",WWO,2,2,2,2,0,2,2,12
x075584,"Murni, Mohamad Yusof","Kader Maideen, Mohamed Thaqif",164882,"Singapore,SGP",WWO,2,2,1,2,2,2,2,13
x086359,"Yian Thye, Ng","Kader Maideen, Mohamed Thaqif",164882,"Singapore,SGP",WWO,2,2,2,2,2,2,2,14
x088661,"Kathirvel, Manimala","Kader Maideen, Mohamed Thaqif",164882,"Singapore,SGP",WWO,2,2,1,2,2,2,2,13
x091758,"Asenti, Vellasamy","Kader Maideen, Mohamed Thaqif",164882,"Singapore,SGP",WWO,1,2,1,1,1,2,0,8
x091876,"YI WEN, MAH","Kader Maideen, Mohamed Thaqif",164882,"Singapore,SGP",WWO,2,2,2,2,2,2,2,14
x091938,"POWZAN, SIRAT","Kader Maideen, Mohamed Thaqif",164882,"Singapore,SGP",WWO,2,2,2,2,2,2,2,14
x093629,"Abdul Rahim, Sharifah Been","Kader Maideen, Mohamed Thaqif",164882,"Singapore,SGP",WWO,2,2,2,2,1,1,2,12
x093753,"Hamdan, Muhammad Firdaus","Kader Maideen, Mohamed Thaqif",164882,"Singapore,SGP",WWO,0,2,1,0,1,2,1,7
x093765,"MUN WAI, CHEE","Kader Maideen, Mohamed Thaqif",164882,"Singapore,SGP",WWO,2,2,2,1,2,2,2,13
164468,"Wang, Aylwin","Lim, Cheng Hwee",117288,"Singapore,SGP",WWO,2,2,2,2,1,2,2,13
165255,"Jayasurya, Rahul","Kang, Eunsook (???)",66113,"Singapore,SGP",GIS,2,2,2,2,2,2,2,14
x084598,,,,,,2,2,2,2,1,2,2,13
115419,"Eng, Boon chai","Chin Soon, Yap",113575,"Singapore,SGP",WWO,2,2,2,2,2,2,2,14
x078639,"Nirumal, Peramayil","Kader Maideen, Mohamed Thaqif",164882,"Singapore,SGP",WWO,2,2,2,2,2,2,2,14
x085810,"Syed Shafiq, Bin Syed Fadil Alsagoff","Kader Maideen, Mohamed Thaqif",164882,"Singapore,SGP",WWO,1,1,1,1,1,2,1,8
x093049,"TZE CHAU DESMOND, Heng Kim Chye","Kader Maideen, Mohamed Thaqif",164882,"Singapore,SGP",WWO,2,2,2,2,2,2,2,14
x093766,"Doroimanickam, Seenivasan","Kader Maideen, Mohamed Thaqif",164882,"Singapore,SGP",WWO,2,2,1,2,2,2,2,13
x094034,"GEOK SAN, LIM","Kader Maideen, Mohamed Thaqif",164882,"Singapore,SGP",WWO,2,2,2,1,2,2,2,13
x094036,"YOEL LAN, YAP","Kader Maideen, Mohamed Thaqif",164882,"Singapore,SGP",WWO,2,2,2,2,2,2,2,14
x094039,"Mydeen, Khatijah","Kader Maideen, Mohamed Thaqif",164882,"Singapore,SGP",WWO,2,2,2,2,2,2,2,14
x094220,"Sarip, Mohammad Fauzan","Kader Maideen, Mohamed Thaqif",164882,"Singapore,SGP",WWO,1,0,2,1,2,1,0,7
x094266,"Mohammad Ariff, Muhammad Afiq","Kader Maideen, Mohamed Thaqif",164882,"Singapore,SGP",WWO,2,2,2,1,2,2,2,13
x099821,"Alexander, Kaliappan","Kader Maideen, Mohamed Thaqif",164882,"Singapore,SGP",WWO,1,2,1,1,2,1,0,8
155981,"Vivero, Jonald","Leong, Kok Meng",172088,"Singapore,SGP",WWO,2,2,2,2,2,2,2,14
x085424,,,,,,2,2,2,2,2,2,2,14
x086364,,,,,,2,1,2,2,1,2,1,11
x090418,,,,,,1,2,2,2,1,1,1,10
x093963,,,,,,0,0,0,0,0,0,0,0
x094278,"QING YAN, LIM","Kader Maideen, Mohamed Thaqif",164882,"Singapore,SGP",WWO,2,2,2,2,2,1,2,13
x094708,"bin Yusoff, Aman","Kader Maideen, Mohamed Thaqif",164882,"Singapore,SGP",WWO,2,2,0,2,2,2,2,12
x094739,"A/L Endriran, Ravi","Kader Maideen, Mohamed Thaqif",164882,"Singapore,SGP",WWO,2,2,2,2,2,2,2,14
x094738,"ZHIA NYONG KELVIN, CHONG","Kader Maideen, Mohamed Thaqif",164882,,WWO,1,2,2,1,2,1,1,10
x094740,"CHUN PIN, LEE","Kader Maideen, Mohamed Thaqif",164882,"Singapore,SGP",WWO,2,2,2,1,0,1,2,10
x094735,"SOON YANG, EE","Kader Maideen, Mohamed Thaqif",164882,"Singapore,SGP",WWO,2,1,2,1,2,0,2,10
x094733,"Cheah, Mun Kit","Kader Maideen, Mohamed Thaqif",164882,"Singapore,SGP",WWO,2,1,1,2,2,2,1,11
x095858,"Manjit Kaur, Balwat Singh","Kader Maideen, Mohamed Thaqif",164882,"Singapore,SGP",WWO,2,2,2,2,2,2,2,14
x095860,"Boon Siong, Ang","Kader Maideen, Mohamed Thaqif",164882,"Singapore,SGP",WWO,2,2,2,2,2,2,2,14
x095855,"Jasvinder, Singh","Kader Maideen, Mohamed Thaqif",164882,"Singapore,SGP",WWO,1,2,2,2,2,2,2,13
x095854,"Chandran, Nalliah","Kader Maideen, Mohamed Thaqif",164882,"Singapore,SGP",WWO,2,2,2,2,2,2,2,14
x095910,"Yok Cho, Lew","Kader Maideen, Mohamed Thaqif",164882,"Singapore,SGP",WWO,2,2,2,2,2,2,2,14
x096963,"Naveen, Kumar","Kader Maideen, Mohamed Thaqif",164882,"Singapore,SGP",WWO,2,1,2,1,1,2,2,11
x096960,"Chean Liang, Tan","Kader Maideen, Mohamed Thaqif",164882,"Singapore,SGP",WWO,2,2,1,2,2,1,1,11
x096968,"Chee Tiong, Tan","Kader Maideen, Mohamed Thaqif",164882,"Singapore,SGP",WWO,2,2,2,2,2,2,2,14
x097314,"Hock Choon, Sim","Kader Maideen, Mohamed Thaqif",164882,"Singapore,SGP",WWO,2,2,2,2,2,2,2,14
x097319,"Yu Chen, Lau","Kader Maideen, Mohamed Thaqif",164882,"Singapore,SGP",WWO,2,2,2,2,2,2,2,14
x097318,"Mohamed Halid Hussein, Mohamed Malik","Kader Maideen, Mohamed Thaqif",164882,"Singapore,SGP",WWO,1,1,2,2,2,2,2,12
x098364,"Mansor, Maisurah","Kader Maideen, Mohamed Thaqif",164882,"Singapore,SGP",WWO,2,2,1,2,2,2,2,13
x099819,"Manimaran, Nadarajan","Kader Maideen, Mohamed Thaqif",164882,"Singapore,SGP",WWO,2,0,2,2,1,2,1,10
x099818,,,,,,2,1,1,1,1,2,2,10
x099835,,,,,,2,2,2,2,2,2,2,14
x099822,"Cai Mei, Yan","Kader Maideen, Mohamed Thaqif",164882,"Singapore,SGP",WWO,2,2,2,2,2,2,2,14
x099824,"Sobana, Rangaswamy","Kader Maideen, Mohamed Thaqif",164882,"Singapore,SGP",WWO,2,2,2,2,2,2,2,14
x099820,"Yoon Huei, Lee","Kader Maideen, Mohamed Thaqif",164882,"Singapore,SGP",WWO,2,2,2,2,1,2,2,13
165135,"Shaharuddin, Ahmad Akmal","Mohamad Iskandar, Mohamad Fadillah",117276,"Kulim,MYS",AGS,2,2,2,2,2,2,2,14
x0100083,,,,,,2,2,2,2,2,2,2,14
x090740,"Wei Shen, Ay (AyWei Shen)","Koh, Jeff",111635,"Singapore,SGP",WWO,2,2,2,2,2,2,2,14
x098434,"Ong, Wan Sheng","Yeo, Derrick",116475,"Singapore,SGP",GIS,0,1,0,1,2,1,1,6
165243,"Guo, Jingyi","Sowmithri, C k",119012,"Singapore,SGP",WWO,0,2,2,1,2,1,1,9
166475,"FangJie, LIM","Elumalai, Karthik",163583,"Singapore,SGP",SPG,0,2,2,2,2,2,2,12
x095307,"Eng Long, Ong","Kader Maideen, Mohamed Thaqif",164882,"Singapore,SGP",WWO,2,2,2,2,2,2,2,14
x086017,"Jun Cheng, Loo","Wong, Keat Choong",113466,"Singapore,SGP",WWO,2,2,2,2,2,2,2,14
119182,"Rajasundaram, Wiselin","Goel, Vaneet K",12809,,WWO,2,2,2,2,2,2,2,14
116828,"Ratnapala, Chanishka niduk","Ang, Kok Wah",71936,"Singapore,SGP",QUA,1,1,2,2,1,0,1,8
x095130,"Bin Rashid, Nuril Anwar","Soh, Kian Seng",79955,"Singapore,SGP",SPG,2,2,2,2,2,0,2,12
165306,"Tan, Chin Wei","Elumalai, Karthik",163583,"Singapore,SGP",SPG,2,2,2,2,2,2,2,14
x0104099,"Zhi, YuGui (YuGui Zhi)","Pabroquez, Arlene",163855,"Singapore,SGP",CSD,2,2,2,1,2,2,2,13
106703,"Jupudi, Ananthkrishna","Tsai, Cheng-Hsiung",11659,"Singapore,SGP",SPG,2,2,2,2,2,2,2,14
87259,"Chiu, Man Ming","Lim, Wei Yang",121380,"Singapore,SGP",WWO,2,2,2,2,2,2,2,14
119012,"Sowmithri, C k","Kurkcu, Nihat",119075,"Singapore,SGP",WWO,2,2,2,2,2,2,1,13
89415,,,,,,0,0,0,0,0,0,0,0
64665,"Liu, Guang He","Kurkcu, Nihat",119075,"Singapore,SGP",WWO,2,2,2,2,2,2,2,14
115051,"Ng, Sai kheong","Liu, George",64665,"Singapore,SGP",WWO,2,2,2,2,2,2,2,14
108314,"R Subramaniam, Muralidhar","Bhat, Sanjay",106387,"Singapore,SGP",SPG,2,2,2,2,2,2,1,13
67912,"Vinluan, Ricardo F","Soh, Kian Seng",79955,"Singapore,SGP",SPG,2,1,2,1,2,2,2,12
88049,"Kariakarfan, Vageswaran","Campbell, Douglas J",80193,"Singapore,SGP",WWO,2,2,2,2,2,2,2,14
71032,,,,,,0,0,0,0,0,0,0,0
116859,"Choragudi, Praveen","Bhat, Sanjay",106387,"Singapore,SGP",SPG,1,2,2,2,2,2,2,13
144152,"Toh, William","Nguyen, To-Anh T",108082,"Singapore,SGP",LEG,2,2,2,2,2,2,2,14
x063952,"Heng, Tommy","Yeo, Derrick",116475,"Singapore,SGP",GIS,2,1,2,2,1,2,1,11
83867,"Tan, Kai Piang","Ryan, Conor",63859,"Singapore,SGP",AGS,2,2,0,2,2,2,2,12
66947,,,,,,1,1,0,0,0,0,0,2
116145,"Gautam, Ribhu","Bhat, Sanjay",106387,"Singapore,SGP",SPG,1,2,2,2,2,2,2,13
106387,"Bhat, Sanjay","Jindal, Vibhu",154348,"Singapore,SGP",SPG,2,2,2,2,2,2,2,14
120647,"Bhoyar, Sankesha","Rastegar, Abbas",153874,"Singapore,SGP",SPG,2,2,2,2,2,2,2,14
103773,"Shanmuganathan, Ponnambalam","Fleishell, Ann",170200,"Singapore,SGP",EEG,2,2,2,2,1,2,2,13
153825,"Yong, Choon Hong","Soh, Kian Seng",79955,"Singapore,SGP",SPG,2,2,2,2,2,1,2,13
165401,"Wong, Shao Kit","Xie, Yong Liang (???)",108124,"Singapore,SGP",WWO,2,2,2,2,2,2,2,14
x0104497,"Kew, Wei Hao","See, Guan Huei",153538,"Singapore,SGP",SPG,2,2,2,2,2,2,2,14
x099414,,,,,,0,1,1,1,1,1,0,5
x099419,,,,,,0,0,1,1,0,1,1,4
x0104559,"ACEDO, DIVINA MARILEX TAN","Pabroquez, Arlene",163855,"Singapore,SGP",CSD,2,2,2,2,2,2,2,14
x0104632,"Malong C, Federico","Yap, Chin Po (YapChin Po)",165731,"Clark Freeport Zone,PHL",LEG,2,2,2,2,2,2,2,14
x0104558,"Manzana, Hermosa","Pabroquez, Arlene",163855,"Singapore,SGP",CSD,2,2,2,2,2,2,2,14
165538,"Kodumuri, Sai Kumar","Babu, Sarath",116206,"Singapore,SGP",SPG,2,2,2,2,2,2,0,12
x0104814,"Ng, Kaize  Khai Teik","Chin, Vui Khen (???)",70891,"Singapore,SGP",QUA,0,0,2,2,2,2,2,10
165568,"Ng, Eng Huat","Russell, Dougie",72247,"Singapore,SGP",AGS,2,2,2,2,2,2,2,14
x0104901,"Kumar, Karunakaran","Seah, Chee Kheong",73902,"Singapore,SGP",CSD,2,2,2,2,2,2,2,14
x0104964,"Koh, Benedict Zachary","Gautam, Ribhu",116145,"Singapore,SGP",SPG,2,2,2,2,2,2,2,14
x0105028,"Li, Jian Chang","Kader Maideen, Mohamed Thaqif",164882,"Singapore,SGP",WWO,2,2,2,2,2,2,2,14
x0105119,,,,,,2,2,0,1,2,2,2,11
165618,"Romero Navarre, Tomas","Rodriguez, Juan A",65200,,WWO,2,1,2,2,1,2,2,12
165731,"Yap, Chin Po (YapChin Po)","Toh, William",144152,"Singapore,SGP",LEG,2,2,2,2,2,2,2,14
x0105219,,,,,,2,1,1,2,1,0,0,7
x0105238,"ZAL, HENDRY","Seah, Chee Kheong",73902,"Singapore,SGP",CSD,2,2,2,2,2,2,2,14
x0105281,"Chow, Kooi Hyan","Chin, Vui Khen (???)",70891,"Singapore,SGP",QUA,2,2,2,2,2,2,2,14
166322,"CAI, XIAO (CAIXIAO)","Soon, Khim Tiong",112724,"Singapore,SGP",SPG,2,2,1,2,2,2,2,13
162425,"Tan, Kenneth (???)","Lim, Cheng Hwee",117288,"Singapore,SGP",WWO,2,2,2,2,2,2,2,14
x0103572,"Kerk, Koon Nam","Kader Maideen, Mohamed Thaqif",164882,"Singapore,SGP",WWO,2,2,2,2,2,1,2,13
119104,,,,,,1,0,0,0,1,1,1,4
x083429,"John, Miclat","Pabroquez, Arlene",163855,"Singapore,SGP",CSD,1,2,2,1,2,2,2,12
161234,"Singh, Jacjit","Derderian, Mark A",79547,"Singapore,SGP",WWO,2,2,2,2,2,2,2,14
x086436,,,,,,2,2,0,0,0,0,0,4
165862,"Loo, Yih Liang","Lim, Ai Ling",111179,"Singapore,SGP",WWO,2,2,2,2,2,2,2,14
165945,"Teo, Erica","Li, Zhen",170848,"Singapore,SGP",AIT,2,2,2,2,2,2,2,14
165982,"Wong, Fei Yong","Mohamad Iskandar, Mohamad Fadillah",117276,"Kulim,MYS",AGS,2,2,2,2,2,2,2,14
x0105671,"Yan Long, Ji (JiYan Long)","Pabroquez, Arlene",163855,"Singapore,SGP",CSD,2,2,2,2,2,2,2,14
x0105695,"SUBRAMANIAM, SHANMUGAM","Santos, Sherwin",112962,"Singapore,SGP",WWO,2,2,2,2,2,2,2,14
166057,,,,,,0,1,1,0,0,0,0,2
166222,"Khoo, Tracy Ai Lee","Lee, Melvin",112996,"Singapore,SGP",WWO,2,2,2,2,2,2,2,14
166244,"Tsang, Ka Mei","Pon, Joseph M",11621,"Singapore,SGP",CSD,2,2,2,2,2,2,2,14
x0106032,,,,,,2,2,2,2,2,0,0,10
166277,"Chan, Wei Qin","Lim, Cheng Hwee",117288,"Singapore,SGP",WWO,2,2,2,2,2,2,2,14
x0106181,"Koh, Eng Kok","Ng, Sai kheong",115051,"Singapore,SGP",WWO,2,2,2,2,2,2,2,14
x0106187,"Lim, Sin Han","Soh, Boon Tiang",162321,"Singapore,SGP",WWO,2,2,2,2,2,2,2,14
x0106185,"Mohamed Khir, Muhammad Hafiz Bin","Soh, Boon Tiang",162321,"Singapore,SGP",WWO,2,2,2,2,2,2,2,14
x0106260,"Murad, Abdul Matiin","Wong, Keat Choong",113466,"Singapore,SGP",WWO,2,2,2,2,2,2,2,14
x0106261,"Poon, Jian Wei Esmond","Wong, Keat Choong",113466,"Singapore,SGP",WWO,2,2,0,2,0,0,2,8
166259,"Phan, Wai Kin","Rastegar, Abbas",153874,"Singapore,SGP",SPG,2,2,2,2,2,2,2,14
166256,"XIAOFENG, YE (???)","Peh, Wee Kok",111636,"Singapore,SGP",WWO,2,2,2,2,2,1,2,13
x0106370,"Jayalingam, Kishnu Kumar","Wong, Keat Choong",113466,"Singapore,SGP",WWO,2,1,1,2,1,1,2,10
166325,"Kok, Roy","Liu, George",64665,"Singapore,SGP",WWO,2,2,2,2,2,2,2,14
x0106423,"Ahmad, Mohammed Rizuan","Wong, Keat Choong",113466,"Singapore,SGP",WWO,2,2,2,2,2,2,1,13
x0106093,"Clarence, Chong","Wang, Xinxin",155235,"Singapore,SGP",SPG,2,2,1,2,2,2,2,13
166389,"ONG, TIAN HUANG","Peh, Wee Kok",111636,"Singapore,SGP",WWO,2,2,2,2,2,2,2,14
x0106624,"Tan Yu Juin, Eugene","Koh, Bok Lim",111634,"Singapore,SGP",WWO,1,1,2,1,1,1,1,8
x0106795,"Parales B., Alex","Yap, Chin Po (YapChin Po)",165731,"Clark Freeport Zone,PHL",LEG,2,2,2,2,2,2,2,14
x0106787,"S Vyapury, Krishnaleela","Yap, Chin Po (YapChin Po)",165731,"Singapore,SGP",LEG,2,2,2,2,2,2,2,14
166513,"Kamsani, Hairil","Koh, Jeff",111635,"Singapore,SGP",WWO,2,0,2,0,2,2,2,10
166525,"Ng, Kok Chun","Leong, Kok Meng",172088,"Singapore,SGP",WWO,2,2,2,2,2,2,2,14
166556,"Liang, XiaoLing","Leong, Kok Meng",172088,"Singapore,SGP",WWO,2,2,1,2,2,2,2,13
166553,"Loy, Teck Poon","Ee, Tian Chor",170531,"Singapore,SGP",WWO,2,2,2,2,2,2,2,14
166557,"Poh, WeiYi","Ee, Tian Chor",170531,"Singapore,SGP",WWO,2,2,2,2,2,0,2,12
x0106939,"Xin, Wang","Seah, Chee Kheong",73902,"Singapore,SGP",CSD,2,2,2,2,2,2,2,14
166597,"Tan, Ngiap Han","Le, Nam",160305,"Singapore,SGP",SPG,2,2,2,1,2,0,2,11
166595,"Tan, Shui Yuan","Lim, Wei Yang",121380,"Singapore,SGP",WWO,2,2,2,2,2,2,2,14
166609,"Orana, Johnathan","Ng, Kim Hai",175690,"Singapore,SGP",WWO,2,2,2,2,2,1,2,13
x0107051,"Zainal Abidin, Muhammad Ya'aqub Bin","Leong, Kok Meng",172088,"Singapore,SGP",WWO,2,2,2,2,2,2,2,14
x0107280,"Ong, Edmund","Sivaraj, Ganesh",174335,"Singapore,SGP",WWO,2,2,2,2,2,0,2,12
x0107365,"Tho, Boon Hock","Soh, Boon Tiang",162321,"Singapore,SGP",WWO,2,2,2,2,2,2,2,14
x0107480,"Anuar, Muhammad Faris","Koh, Jeff",111635,"Singapore,SGP",WWO,1,1,2,1,2,2,1,10
x0107528,"Khan, Sajedul Islam Sunny","Wang, Ben Zongbin",121012,"Singapore,SGP",SPG,2,2,2,0,2,0,2,10
x0107685,,,,,,2,1,1,1,0,0,0,5
x0107730,"NG, ZHUO QUN","Pabroquez, Arlene",163855,"Singapore,SGP",CSD,2,2,2,1,2,2,2,13
x0107756,"Mohamed Ali, Mohd As?ari","Koh, Jeff",111635,"Singapore,SGP",WWO,2,2,1,2,2,2,2,13
x0107933,"Hj Ahmad Zaki, Abdul Hannan","Wong, Keat Choong",113466,"Singapore,SGP",WWO,2,0,2,2,2,2,2,12
166857,"Hasan, Mohamed Isa","Chia, Soon Kiat",104605,"Singapore,SGP",WWO,2,2,2,2,2,2,2,14
x0108020,"Kahmis, Harith Haikel","Koh, Jeff",111635,"Singapore,SGP",WWO,2,1,2,2,2,2,2,13
x0108018,"Douglas Kading Chai, Wee Boon","Koh, Jeff",111635,"Singapore,SGP",WWO,2,2,1,2,2,2,1,12
166885,"Tham, Yong Kin","Lim, Cheng Hwee",117288,"Singapore,SGP",WWO,2,2,2,2,2,2,0,12
x0107906,"IRISH JOY, EDRALIN","Pabroquez, Arlene",163855,"Singapore,SGP",CSD,2,2,2,2,2,2,2,14
x0108233,,,,,,2,2,2,2,2,2,2,14
166923,"Yap, Eng soon","Sithamparanathan, S.Kunalan",156266,"Singapore,SGP",WWO,2,2,2,2,2,2,2,14
x0108272,"Bin Mohamad Hasnul, Mohamad Firdaus","Ng, Sai kheong",115051,"Singapore,SGP",WWO,2,2,2,2,2,2,2,14
x0108314,"Abdul Aziz, Mohammad Azhar","Kader Maideen, Mohamed Thaqif",164882,"Singapore,SGP",WWO,1,2,2,1,1,2,2,11
166865,"Lee, Teck Koon","Lam, Zadig",120923,"Singapore,SGP",AGS,2,2,2,2,2,2,2,14
x0108401,"Lee, Xuan Ying","Chin Soon, Yap",113575,"Singapore,SGP",WWO,2,2,2,2,2,2,2,14
x0108469,"Omprakash Upadhya, Amit Upadhya S/O","Wong, Kim Soon",172506,"Singapore,SGP",WWO,2,2,2,2,2,2,2,14
x0108505,"Jong, Kiam Chun","Soh, Boon Tiang",162321,"Singapore,SGP",WWO,2,2,2,2,2,2,2,14
x0108531,"Chong, Jia Jun","Ng, Kim Hai",175690,"Singapore,SGP",WWO,2,2,2,2,2,1,2,13
x0108585,"Lenkaswaran AL, Ramalingam","Kader Maideen, Mohamed Thaqif",164882,,WWO,1,2,2,1,2,0,1,9
x0108611,"Rahmat, Farhan","Ng, Kim Hai",175690,"Singapore,SGP",WWO,2,2,1,1,2,2,2,12
167052,"Wu, Mengxue","Hoi, Siew Kit",120478,"Singapore,SGP",SPG,2,1,2,2,1,2,1,11
167051,"Qiu, David JunJie","Xie, Yong Liang (???)",108124,"Singapore,SGP",WWO,2,2,1,2,2,2,2,13
x0112747,"Tia, Choon Huat","Kader Maideen, Mohamed Thaqif",164882,"Singapore,SGP",WWO,2,2,2,2,2,2,2,14
x0112909,"SEAH, JIAN HONG","Pabroquez, Arlene",163855,"Singapore,SGP",CSD,2,2,2,2,2,2,2,14
x0112914,"Mustapa, Fa?eeza","Kader Maideen, Mohamed Thaqif",164882,"Singapore,SGP",WWO,2,2,2,2,2,2,2,14
167053,"Wang, Ying","See, Guan Huei",153538,"Singapore,SGP",SPG,2,2,2,2,2,2,2,14
167058,"Xiong, Lulu","Wang, Ben Zongbin",121012,"Singapore,SGP",SPG,1,1,0,0,2,2,2,8
170257,"BIN AYUB, MUHAMMAD KHAIRUL HUDA","Leng, Wai Keong",157692,"Singapore,SGP",WWO,2,2,2,2,2,2,2,14
170248,"LIM, MAVERICK WEN LONG","Peh, Wee Kok",111636,"Singapore,SGP",WWO,2,2,2,2,2,2,2,14
x0113171,"Muniappan, Kishok Kumar","Koh, Jeff",111635,"Singapore,SGP",WWO,2,1,2,0,2,1,2,10
x0113328,"Lee, Ah Peng","Kader Maideen, Mohamed Thaqif",164882,"Singapore,SGP",WWO,2,2,2,2,2,2,2,14
x0113346,"Nill, Puvarasu periasamy","Leong, Kok Meng",172088,"Singapore,SGP",WWO,2,2,2,2,2,2,2,14
170395,"Ho, Jim","Xie, Yong Liang (???)",108124,"Singapore,SGP",WWO,1,2,2,1,2,2,2,12
x0113509,"Nelasilvan, Guginasen","Soh, Boon Tiang",162321,"Singapore,SGP",WWO,2,2,2,2,2,2,2,14
x0113508,"Ng, Soon Chye","Wong, Keat Choong",113466,"Singapore,SGP",WWO,2,2,2,2,2,2,2,14
170337,"Salleh, Sulaiman","Koh, Bok Lim",111634,"Singapore,SGP",WWO,1,1,1,1,1,1,1,7
170338,"Rasid, Muhammad Afiq","Koh, Bok Lim",111634,"Singapore,SGP",WWO,2,2,2,2,2,1,2,13
170365,"PERUMALU, NAGARAJAN","Sivaraj, Ganesh",174335,"Singapore,SGP",WWO,1,2,1,1,2,0,1,8
x0113709,"YAHYA, ANIAH","Pabroquez, Arlene",163855,"Singapore,SGP",CSD,1,2,2,2,2,2,2,13
x0113761,"Thurgathevi, Vathumalai","Yap, Chin Po (YapChin Po)",165731,"Singapore,SGP",LEG,2,2,2,2,2,2,2,14
x0113765,"Lai, Chin Hui","Kader Maideen, Mohamed Thaqif",164882,"Singapore,SGP",WWO,2,2,2,2,2,2,2,14
x0113789,"Iqbal, Muhammad","Kader Maideen, Mohamed Thaqif",164882,"Singapore,SGP",WWO,2,1,2,1,1,0,2,9
x0113832,"Borhan, Muhammad Ruzaini","Soh, Boon Tiang",162321,"Singapore,SGP",WWO,2,2,2,2,2,2,2,14
x0113766,"Foo, Ann Tin","Leong, Kok Meng",172088,"Singapore,SGP",WWO,2,2,2,2,2,2,2,14
x0113883,"A/L Kanesan, Muralitaran","Yap, Chin Po (YapChin Po)",165731,"Singapore,SGP",LEG,2,2,2,2,2,2,2,14
x0113899,,,,,,0,0,0,0,0,0,0,0
x0113922,"Kyaw, Myo","Seah, Chee Kheong",73902,"Singapore,SGP",CSD,2,2,2,2,2,2,2,14
x0114008,"Sulaiman, Muhammad Syairazi","Ng, Sai kheong",115051,"Singapore,SGP",WWO,2,2,2,2,2,2,2,14
x0114012,"Rahmat, Natrah","Koh, Jeff",111635,"Singapore,SGP",WWO,2,2,2,2,2,2,2,14
x0114016,"Jumiat, Muhammad Sufian","Soh, Boon Tiang",162321,"Singapore,SGP",WWO,2,2,2,2,2,2,2,14
x0114017,"Mustajab, Abdul Majid","Soh, Boon Tiang",162321,"Singapore,SGP",WWO,2,2,2,2,2,2,2,14
x0114018,"Mazlan, Muhammad Haffiz","Wong, Keat Choong",113466,"Singapore,SGP",WWO,2,2,2,2,2,2,2,14
x0113830,"Lee, Johnny","Leong, Kok Meng",172088,"Singapore,SGP",WWO,2,2,2,2,2,2,2,14
x0113879,"Juhaini, Muhammad Haziq","Peh, Wee Kok",111636,"Singapore,SGP",WWO,2,2,2,2,2,2,0,12
x0114135,"Azahari, Muhammad Nurhafi Bin Mohamed","Mohd Hassan, Abu Talib",113051,"Singapore,SGP",WWO,0,1,1,1,2,1,1,7
x0114193,"Badjenid, Shaikh","Koh, Jeff",111635,,WWO,2,2,2,1,2,2,1,12
170531,"Ee, Tian Chor","Liu, George",64665,"Singapore,SGP",WWO,2,2,2,2,2,2,2,14
170551,"Cheng, Hsiao-Ying Shelly","Charn, Tze Howe",161417,"Singapore,SGP",AIT,0,2,2,2,2,2,1,11
x0114264,"Wan Zaludin, Wan Nazirul Ameer","Wong, Keat Choong",113466,"Singapore,SGP",WWO,2,2,2,2,2,2,2,14
x0114302,"Abdul Rahman, Muhammad Fiqri","Peh, Wee Kok",111636,"Singapore,SGP",WWO,2,2,2,2,2,2,2,14
x0114321,"Ng, Yao Rui","Koh, Jeff",111635,"Singapore,SGP",WWO,2,2,2,2,2,2,2,14
x0114459,"Hamdan, Muhammad Suffian","Ng, Kim Hai",175690,"Singapore,SGP",WWO,2,2,2,0,1,2,1,10
x0114496,"EE, JIA MIN","Koh, Bok Lim",111634,"Singapore,SGP",WWO,1,1,1,2,2,2,1,10
x0114499,"ESPIRITU, JONEVEIVE","Pabroquez, Arlene",163855,"Singapore,SGP",CSD,2,1,1,2,2,1,2,11
x0114505,"Rosman, Muhammad Iskandar Bin","Leong, Kok Meng",172088,"Singapore,SGP",WWO,1,2,2,2,2,2,2,13
x0114506,"Low, Yeet Ly","Kader Maideen, Mohamed Thaqif",164882,"Singapore,SGP",WWO,2,2,2,2,2,2,2,14
x0114507,"Sariman, Siti Umairah","Kader Maideen, Mohamed Thaqif",164882,"Singapore,SGP",WWO,2,2,2,2,1,0,2,11
x0114699,"Zainal, Zainuddin Bin","Wang, Ben Zongbin",121012,"Singapore,SGP",SPG,2,2,2,2,2,2,2,14
x0115155,"Ham, Jordan","Chin, Vui Khen (???)",70891,"Singapore,SGP",QUA,2,2,2,0,2,2,2,12
x0115361,"Razali, Firas Fitri Bin","Mohd Hassan, Abu Talib",113051,"Singapore,SGP",WWO,2,2,2,2,2,2,2,14
x0115412,"Kwek, Tze Kok (Guo CiGuo)","Ng, Sai kheong",115051,"Singapore,SGP",WWO,2,2,2,2,2,2,2,14
x0115413,"Salleh Udin, Faza","Ng, Sai kheong",115051,,WWO,2,2,2,2,2,2,2,14
x0115420,"Puthumangala, Nikhil","Lim, Wei Yang",121380,"Singapore,SGP",WWO,2,2,2,2,2,1,2,13
x0115427,"Chew, Zuo Han Aaron","Yaoying, Zhong",163698,"Singapore,SGP",SPG,2,2,2,2,2,2,2,14
x0115448,"Nazarudin, Nazar Ali Bin","Chin, Derrick",164240,"Singapore,SGP",CSD,2,2,2,2,2,2,2,14
x0115494,"CHUA, JING WEN","Pabroquez, Arlene",163855,,CSD,2,2,2,2,2,2,2,14
x0115648,"Chidambaram, Palaniappan","Babu, Sarath",116206,,SPG,2,2,2,2,2,2,2,14
x0115766,"Mohamed Zaaini, Muhammad Sufyan","Koh, Jeff",111635,,WWO,1,2,2,2,2,2,2,13
x0115767,"bin Abdul Khalid, Muhammad Basyir","Koh, Jeff",111635,,WWO,2,1,0,0,0,0,0,3
x0115816,"BIN HUSSIN, MUHAMMAD ARSYAD","Pabroquez, Arlene",163855,,CSD,2,2,2,2,2,2,2,14
x0116109,"Seneman, Iis Nasyitah","Seah, Chee Kheong",73902,"Singapore,SGP",CSD,2,2,2,2,2,2,2,14
x0116125,"Yusof, Yanti","Kader Maideen, Mohamed Thaqif",164882,,WWO,2,2,2,2,2,2,2,14
x0116239,"Soh, Jay Min","Wu, Mengxue",167052,"Singapore,SGP",SPG,2,1,2,1,1,2,2,11
x0116271,"NAUFAL, IRFAN","Pabroquez, Arlene",163855,"Singapore,SGP",CSD,2,2,2,2,2,2,2,14
x0116270,"Nguyen, Ngoc Han","Seah, Chee Kheong",73902,,CSD,2,2,2,2,2,2,2,14
x0116437,"Devendran, Suresh","Seah, Chee Kheong",73902,,CSD,2,2,2,2,2,2,2,14
172356,,,,,,0,0,0,0,0,0,0,0
x0116665,"Khant, Ye Min","Seah, Chee Kheong",73902,,CSD,2,2,2,2,2,2,2,14
172405,"Lim, Chu Ern","Mohamad Iskandar, Mohamad Fadillah",117276,,AGS,2,2,2,2,2,2,2,14
x0116738,,,,,,2,2,2,0,0,0,0,6
172428,"Hazlehurst, Richard","Jupudi, Ananthkrishna",106703,,SPG,2,2,1,1,2,1,2,11
x0116864,"Umila Sanchez, Evan Morris","Rastegar, Abbas",153874,,SPG,2,2,2,2,2,2,2,14
172493,,,,,,1,1,1,1,0,0,0,4
x0116974,"Kamis, Siti Ruzainah","Kader Maideen, Mohamed Thaqif",164882,,WWO,1,2,1,2,1,2,2,11
x0117034,"Liau, Marc Siong Eng","Chin, Vui Khen (???)",70891,,QUA,2,2,2,0,2,2,2,12
x0117035,"Bao, Nina","Liu, Shuwei",156500,,SPG,2,2,2,2,2,2,2,14
x0117036,"Yusof Lee, Muhammad Hafeez Lee Bin","Hazlehurst, Richard",172428,,SPG,2,1,2,1,2,1,1,10
x0117207,"Vanaikutty, Gunaseelan","Ng, Kim Hai",175690,,WWO,2,2,2,2,2,2,2,14
x0117289,,,,,,0,2,2,0,2,0,2,8
x0117348,Min Tun Ye,"Seah, Chee Kheong",73902,,CSD,2,2,2,2,2,2,2,14
x0117400,"Tay, Yi Yang Gabriel","Seah, Chee Kheong",73902,,CSD,2,2,2,2,2,2,2,14
x095905,"Rai, Navin","Kapadia, Somil",89893,,WWO,2,2,2,2,2,2,2,14
172683,"SHANMUGAM, Vinodh","YONG, Andy",166598,,SPG,2,2,2,2,2,2,2,14
x0117509,"B Zakaria, Muhamad Yatim","Seah, Chee Kheong",73902,,CSD,2,2,2,2,2,2,2,14
172666,"Kumar Rath, Santosh","YONG, Andy",166598,,SPG,2,2,2,1,2,2,2,13
172675,"Tang, Lih Fang","Ng, Jin Kiat",170811,,CTO,2,2,2,2,2,1,2,13
x0117981,"Chua, Boon Jin","Leng, Wai Keong",157692,,WWO,1,1,1,1,1,1,1,7
x0117983,"Delgado, Nino Dexter","Seah, Chee Kheong",73902,,CSD,2,2,2,2,2,1,2,13
x0117984,"Choo, Bernard Zhe Ping","Seah, Chee Kheong",73902,,CSD,2,2,1,2,2,2,1,12
x0118008,"SENONG, NADIA","Pabroquez, Arlene",163855,,CSD,2,2,2,2,2,2,2,14
x0118009,"Nguyen, Hang","Seah, Chee Kheong",73902,,CSD,2,2,2,2,1,2,2,13
x0118010,,,,,,2,2,2,0,0,0,0,6
172668,,,,,,2,2,0,0,0,0,0,4
x0118032,"Sim, Tze Hao","Wong, Keat Choong",113466,,WWO,2,2,0,2,2,0,2,10
x0118033,"Alagapan, Jagatisan","Ng, Sai kheong",115051,,WWO,2,2,2,2,2,0,2,12
x0118113,"Shohel, Shohel","Pabroquez, Arlene",163855,,CSD,2,1,2,2,2,2,2,13
172949,"Ong, Hao Ying","Lim, Teow Beng",80686,,WWO,2,2,2,2,2,1,1,12
x0118232,"Sariff, Muhamad Sharul","Pabroquez, Arlene",163855,,CSD,2,2,2,2,2,2,2,14
x0118263,"Muhammad Bahri, Muhammad Faeez Shah","Yap, Chin Po (YapChin Po)",165731,,LEG,2,2,2,2,2,2,2,14
x0118335,"Ton, Pai Hong","Chin Soon, Yap",113575,,WWO,2,2,2,2,2,2,2,14
x0118384,"Mohamed Sahari, Mohd Shamiredzuan","Koh, Jeff",111635,,WWO,2,2,2,2,2,2,1,13
x0118406,"Vuluknathan, Krishnan","Wong, Keat Choong",113466,,WWO,2,1,1,2,1,2,2,11
x0118407,"Chong, Fook Chuen","Wong, Keat Choong",113466,,WWO,2,2,2,2,2,2,2,14
172967,"Ang, Wei Jing","Sowmithri, C k",119012,,WWO,1,2,2,2,2,2,2,13
173026,"Liyaw, Chong Xin","Lim, Cheng Hwee",117288,,WWO,2,2,2,2,2,2,2,14
x0118550,"Perumal, Suresh","Soh, Boon Tiang",162321,,WWO,2,2,2,2,2,2,2,14
x0118618,"Mustajab, Muhammad Roshidi Bin","Ng, Sai kheong",115051,,WWO,1,2,2,2,1,1,2,11
x0118619,"Ramesh, Komol","Seah, Chee Kheong",73902,,CSD,2,2,2,2,2,2,2,14
x0118641,"Nasir, Muhammad Firdaus","Seah, Chee Kheong",73902,,CSD,2,2,2,2,2,2,2,14
x0118706,,,,,,2,2,2,1,2,2,1,12
x0118710,"BALAKRISHNAN, PARAMASIVAM","Seah, Chee Kheong",73902,,CSD,2,2,2,2,2,2,2,14
x0118711,"Thangaraj, Palanivel","Seah, Chee Kheong",73902,,CSD,2,2,2,2,2,2,2,14
x0118713,"RAJENDRAN, PAKKIYARAJ","Seah, Chee Kheong",73902,,CSD,2,2,2,2,2,2,2,14
x0118714,"SHANMUGARAJ, SURESH","Seah, Chee Kheong",73902,,CSD,2,2,2,2,2,2,2,14
x0118754,"Bin Abdul Rashid, Mohammad Khidir","Santos, Sherwin",112962,,WWO,2,2,1,2,2,0,2,11
x0118826,"Theodore, Ricky","Wang, Xinxin",155235,,SPG,1,2,1,1,2,2,2,11
x0118821,"Mohamad Sani, Mohamad Azrull","Kader Maideen, Mohamed Thaqif",164882,,WWO,2,2,2,2,1,2,2,13
x0118755,,,,,,0,1,0,0,0,0,1,2
x0118829,"Gao, Weixi","Yaoying, Zhong",163698,,SPG,2,2,2,1,2,2,1,12
x0118827,"Cheng, Zheng","Wu, Mengxue",167052,,SPG,2,1,2,2,2,1,1,11
x0118841,,,,,,0,0,0,0,0,0,0,0
x0118828,"Foo, Chuan Yew","Song, Jiao",121165,,SPG,2,2,2,2,2,2,2,14
x0118779,"Heng, Lee Ing","Soh, Kian Seng",79955,,SPG,2,2,2,1,2,2,2,13
x0119016,"Yee, Weng Ann","Soh, Boon Tiang",162321,,WWO,2,2,2,2,2,2,2,14
x0119027,"Tan, Koon Aun Alex","Soh, Boon Tiang",162321,,WWO,2,2,2,2,2,2,2,14
x0119093,"Subramanian, Alagu","Seah, Chee Kheong",73902,,CSD,2,2,2,2,2,2,2,14
x0119094,"Ilayaraja, Alagu","Seah, Chee Kheong",73902,,CSD,2,2,2,2,2,2,1,13
x0119128,"Sumit, Rosman","Pabroquez, Arlene",163855,,CSD,2,2,2,1,2,2,2,13
x0119124,"Soo, Siew Chuan","Wong, Keat Choong",113466,,WWO,2,2,2,2,2,2,2,14
x0118739,"Lou, Peng","Wang, Ben Zongbin",121012,,SPG,2,1,0,2,2,2,2,11
x089353,"Mohamad, Haris","Santos, Sherwin",112962,,WWO,2,1,2,2,0,0,2,9
173310,"Bin Abdullah Samad, Abdul Hadi","Leng, Wai Keong",157692,,WWO,2,2,2,2,2,2,2,14
x0119206,"Seow, Chee Siong","Kader Maideen, Mohamed Thaqif",164882,,WWO,2,2,2,2,2,2,2,14
x0119266,"Liew, Kian Hoe","Singh, Jacjit",161234,,WWO,1,2,2,2,2,2,2,13
x0119308,"Tan, Ho Yang Bryan","Santos, Sherwin",112962,,WWO,1,2,2,2,1,0,2,10
173341,"Chan, Jasmine","Lim, Cheng Hwee",117288,,WWO,2,2,2,2,2,2,0,12
x0119329,"Chan, Wen Xuan","Leng, Wai Keong",157692,,WWO,2,2,2,2,2,2,2,14
x0119155,"Chan, Si En","See, Guan Huei",153538,,SPG,2,2,2,2,2,2,2,14
x0119396,"Bin Rashid, Mohammad Tarmizi","Chin Soon, Yap",113575,,WWO,2,2,2,2,2,2,2,14
173182,"Jiyi, Yao","Lim, Teow Beng",80686,,WWO,1,2,2,2,1,2,1,11
173271,"Chia, Meng Hui","Ng, Jin Kiat",170811,,CTO,2,2,2,2,2,2,2,14
x0119427,"Mohd Samman, Ahmad Haziq","Koh, Jeff",111635,,WWO,2,1,2,2,2,2,2,13
x0119523,"P, Hariprasath","Koh, Jeff",111635,,WWO,2,2,1,2,2,0,0,9
x0119522,"Wong, Hong Liang","Soh, Boon Tiang",162321,,WWO,2,2,2,2,2,2,2,14
x0119554,"Singh, Govin","Swe Liam, Ang",175893,,WWO,2,2,2,2,2,2,2,14
x0119553,"Chua, Si En Jodi","Chen, Nuno Yen-Chu",159072,,SPG,2,1,1,1,2,2,2,11
x0119612,"Koh, Serlyna","Yeo, Juliana",108245,,HRM,2,2,2,2,2,2,2,14
x0119617,"Kee, Yong Chai","Sivaraj, Ganesh",174335,,WWO,1,2,2,1,2,1,0,9
x0119615,"Murugiah, Vineshkumar","Wong, Keat Choong",113466,,WWO,1,2,2,2,1,2,2,12
173466,"Gian, Chui Kiong","Koh, Jeff",111635,,WWO,1,2,2,1,2,2,0,10
173467,"Bin Selamat, Arif","Koh, Jeff",111635,,WWO,1,2,0,2,2,0,2,9
x0119692,"Tan, Yen Ling","Pabroquez, Arlene",163855,,CSD,2,2,2,2,2,2,2,14
x0119700,"Bin Zakaria, Khairul Amrien","Wong, Kim Soon",172506,,WWO,1,0,1,2,1,1,2,8
173435,"Koh, Fei Yuan Louisa","Lim, Wei Yang",121380,,WWO,2,0,2,2,2,2,2,12
x0119640,"Azlan, Danial Farihin","Leng, Wai Keong",157692,,WWO,2,2,2,2,2,2,2,14
x0119736,"Murali, Thumbi Chandriah","Seah, Chee Kheong",73902,,CSD,2,2,2,2,2,2,2,14
x0119737,"Balasundram, Kumaran","Seah, Chee Kheong",73902,,CSD,2,2,2,2,2,2,2,14
x0119806,"Bin Mohd Mulyana, Muhammad Ino Indera","Santos, Sherwin",112962,,WWO,2,2,2,2,2,1,2,13
x0119807,"Ameen, Muhammad Junaid Azli","Wong, Kim Soon",172506,,WWO,2,2,1,1,2,2,2,12
x0119805,"Shaharuddin, Aminuddin Bin","Santos, Sherwin",112962,,WWO,1,2,2,1,2,2,2,12
x0119810,"Aljunied, Syed Muhammad Zaki","Soh, Boon Tiang",162321,,WWO,2,2,2,2,2,2,2,14
x0119619,"Bin Khirman, Mohamad Kamaruddin","Mohd Hassan, Abu Talib",113051,,WWO,2,2,0,0,1,0,2,7
x0119834,"Tan, Wah Guan","Koh, Bok Lim",111634,,WWO,2,1,2,1,2,2,2,12
x0119838,"Bin Wahid, Muhammad Faiz","Mohd Hassan, Abu Talib",113051,,WWO,2,2,2,2,2,0,1,11
x0119969,"M Kalimuthu, Sanjikumar","Wong, Keat Choong",113466,,WWO,2,2,2,0,2,2,2,12
x0119970,"Md Dali, Khairul Anuar","Wong, Keat Choong",113466,,WWO,2,2,2,2,2,2,2,14
x0120004,"Toh, Ruo Xuan, Jace","Soon, Khim Tiong",112724,,SPG,2,2,2,2,2,2,2,14
x0119808,"Sng, Jessie Pei Jing","Santos, Sherwin",112962,,WWO,1,1,1,2,1,1,1,8
x0120046,"Abdul Kadir, Muhammad Hilmi","Wong, Keat Choong",113466,,WWO,2,2,2,2,2,1,2,13
x0120038,"Narayanan, Moganes","Soh, Boon Tiang",162321,,WWO,2,2,2,2,2,2,2,14
x0120045,"Lee, Chi Kheong","Wong, Keat Choong",113466,,WWO,2,2,2,2,2,2,2,14
x0120037,"Sethu Madhavan, Kishan Menon","Soh, Boon Tiang",162321,,WWO,2,2,2,2,2,2,2,14
x0120043,"Lim, Chin Hock","Chin Soon, Yap",113575,,WWO,2,2,2,2,2,2,2,14
x0120039,"Palanisamy, Mathivanan","Santos, Sherwin",112962,,WWO,2,2,2,2,2,2,2,14
x0120044,"Lim, Kai Sheng Daryl","Wong, Keat Choong",113466,,WWO,2,2,2,1,2,2,2,13
x0120073,"Ismail, Ismail","Seah, Chee Kheong",73902,,CSD,2,2,2,2,2,2,2,14
x0119839,"Bin Nasip, Mohammad Fadhil","Wong, Kim Soon",172506,,WWO,2,2,2,1,2,2,2,13
x0120075,"Jantan, Safarudin Bin","Yap, Chin Po (YapChin Po)",165731,,LEG,2,2,2,2,2,2,2,14
x0120074,"Suing, Wilson","Seah, Chee Kheong",73902,,CSD,2,2,2,2,2,2,2,14
x0119971,"Sanmugan, Naveen","Wong, Keat Choong",113466,,WWO,2,2,2,2,0,2,0,10
x0119837,"Lau, Ming Shiuan Samuel","Wong, Kim Soon",172506,,WWO,1,2,2,2,1,2,2,12
x0120179,"Jayaprakash, Panneerselvam","Koh, Bok Lim",111634,,WWO,2,2,2,2,2,2,2,14
x0120180,"Rajendran, Sunilprashanth","Chin, Derrick",164240,,CSD,2,2,2,2,1,2,1,12
x0120204,"Abdullah, Muhammad Amsyar","Koh, Jeff",111635,,WWO,1,1,1,1,1,1,2,8
x0120229,"Jamalludin, Muhammad Dary Asyraf","Koh, Jeff",111635,,WWO,2,2,2,1,1,1,2,11
x0120003,"Abdul Sani, Muhammad Sufiyan Bin","Leong, Kok Meng",172088,,WWO,1,1,2,2,2,2,1,11
173717,"Azlan, Muhammad Afiq Bin","Ng, Sai kheong",115051,,WWO,2,0,0,0,2,2,2,8
x0120297,"Heng, Jason Siak Heong","Lim, Chin Hui",170547,,WWO,0,1,1,1,1,1,1,6
x0120321,"AB Rashid, Mohamad Mujib","Koh, Bok Lim",111634,,WWO,1,2,2,2,2,1,2,12
x0120325,"Perhat Abbas, Raja Farhat Firdaus","Wong, Keat Choong",113466,,WWO,2,2,2,2,0,2,2,12
x0120323,"Aw, Seng Chiew","Wong, Keat Choong",113466,,WWO,2,2,2,2,2,2,2,14
x0120324,"Francis Raj, Arulnathan","Wong, Keat Choong",113466,,WWO,0,0,2,2,2,2,2,10
173710,"Wu, Lei","Lim, Wei Yang",121380,,WWO,2,2,2,2,2,2,2,14
x0120006,"Cheong, Poh Wah Alastair","Koh, Jeff",111635,,WWO,2,2,2,2,2,2,2,14
x0119909,"Bin Mohd Lazis, Muhammad Fitri","Chia, Soon Kiat",104605,,WWO,2,2,2,2,2,2,2,14
x0120294,"Kamalluddin, Khaleellolah Bin","Santos, Sherwin",112962,,WWO,0,2,2,2,2,1,2,11
x0120299,"Saiful Bahri, Adli","Soh, Boon Tiang",162321,,WWO,2,2,2,2,2,2,2,14
x0120293,"Tan, Choon Hai","Chin Soon, Yap",113575,,WWO,2,1,1,1,2,1,2,10
173770,"Binte Sabtu, Diana","Leng, Wai Keong",157692,,WWO,2,2,2,2,2,2,2,14
x0120365,"Chua, Zhen Ye","Wu, Mengxue",167052,,SPG,2,2,2,1,2,1,2,12
x0120178,"Rahmat, Nurul Syariza Binte","Leong, Kok Meng",172088,,WWO,2,2,2,2,2,2,2,14
x0120410,"Mohammed Iqbal, Abdul Salam","Ng, Sai kheong",115051,,WWO,2,2,2,2,2,2,2,14
173733,"Mindal Singh, Pearlvinder Kaur","Leong, Kok Meng",172088,,WWO,2,2,2,2,2,2,2,14
173795,"Bin Abdul Rahman, Abdul Razak","Leong, Kok Meng",172088,,WWO,2,2,2,2,2,0,2,12
x0120464,"Arujunan, Sarath Babu","Kader Maideen, Mohamed Thaqif",164882,,WWO,1,1,2,1,2,2,1,10
x0120468,"Rajmohan, Rajmohan","Chia, Soon Kiat",104605,,WWO,2,0,2,2,2,2,2,12
x0120465,"Hean, Yee Piang","Kader Maideen, Mohamed Thaqif",164882,,WWO,2,2,2,2,1,2,1,12
x0120488,"Ruslan, Muhammad Suffiyannuddin Bin","Ng, Sai kheong",115051,,WWO,0,2,2,2,2,2,0,10
173851,"Bin Abdul Latiff, Mohamad Hafis","Wong, Kim Soon",172506,,WWO,2,2,2,2,2,2,2,14
x0120537,"Manickkam, Murthi","Chin Soon, Yap",113575,,WWO,2,2,2,1,2,0,2,11
x0120538,"Zaharudin, Zairilshah","Soh, Boon Tiang",162321,,WWO,2,2,2,2,2,2,2,14
x0120542,"Bin Jumahat, Muhammad Salman","Mohd Hassan, Abu Talib",113051,,WWO,2,2,2,2,2,2,2,14
173626,"Tan, Ye Ming","Lim, Cheng Hwee",117288,,WWO,2,2,2,2,2,0,2,12
173746,"Tan, Zhong Jie","Lim, Wei Yang",121380,,WWO,2,2,2,2,2,2,2,14
x0120602,"Bin Hamzah, Dzulqifli","Leong, Kok Meng",172088,,WWO,2,2,2,2,2,2,1,13
x0120631,"Bin Ramli, Mohammad Faizal","Leong, Kok Meng",172088,,WWO,2,1,2,0,0,0,0,5
x0120648,"Kassim, Mohammad Yusof Bin","Chin Soon, Yap",113575,,WWO,2,2,2,2,2,1,2,13
x0120706,"Mohamad Akhir, Mohamad Faad","Soh, Boon Tiang",162321,,WWO,2,2,2,2,2,2,2,14
x0120463,"Bin Azman, Muhammad Khidir","Koh, Jeff",111635,,WWO,1,2,2,2,1,2,2,12
174001,"bin Che Sani, Muhammad Khairi","Koh, Bok Lim",111634,,WWO,2,2,2,2,2,2,1,13
174002,"Kean, Lam","Koh, Bok Lim",111634,,WWO,2,2,2,2,2,1,2,13
x0120743,"Selamany, Rishi Kumar","Santos, Sherwin",112962,,WWO,2,2,2,2,2,2,1,13
x0120742,"Hu, Kendrick Zhan Hua","Santos, Sherwin",112962,,WWO,2,2,2,2,2,1,2,13
x0120752,"Varghese, Sober Sam","Swe Liam, Ang",175893,,WWO,2,2,2,2,0,2,2,12
174026,"Jing Nam, Lo","Leong, Kok Meng",172088,,WWO,2,2,2,2,2,2,2,14
174028,"Bin Hamid, Suhaimi","Ng, Kim Hai",175690,,WWO,1,2,2,1,2,2,1,11
174027,"Bin Syed Ismail, Syed Muhammad","Santos, Sherwin",112962,,WWO,1,2,2,2,2,2,1,12
x0120807,"Binte Hidayat, Siti Nur Dinah","Koh, Jeff",111635,,WWO,2,2,2,0,2,2,2,12
174041,"Wang, Qian (WangQian)","Chin, Derrick",164240,,CSD,2,1,2,2,2,2,2,13
x0120632,"Amer, Muhammad Nour Ashraaf Bin","Leong, Kok Meng",172088,,WWO,1,2,1,2,2,2,2,12
x0120753,"Wong, Yen Shang","Ng, Sai kheong",115051,,WWO,2,2,2,2,2,2,2,14
x0120839,"Tan, Xiu Ting","Ng, Jin Kiat",170811,,CTO,2,2,2,2,2,2,2,14
x0120878,"Bin Mohd Fairus, Mohammad Danish Harraz","Koh, Bok Lim",111634,,WWO,2,2,2,2,2,2,1,13
x0120880,"Bin Razali, Muhammad Hafiz","Leng, Wai Keong",157692,,WWO,2,2,2,2,2,2,2,14
174141,"Bin Mohd Salleh, Alif Ridhwan","Ng, Sai kheong",115051,,WWO,2,1,1,2,2,2,2,12
x0120912,"Omar, Ahmad Fadhil","Wong, Keat Choong",113466,,WWO,2,2,2,2,2,2,2,14
x0120911,"Ramle, Muhammad Radhi","Wong, Keat Choong",113466,,WWO,2,2,2,2,2,2,2,14
x099137,"Tai, Hock Chuan","Sim, York Tiong",174454,,AGS,2,2,2,2,2,2,2,14
174154,"Binte Aminuddin, Ewanie","Santos, Sherwin",112962,,WWO,2,1,2,2,1,0,1,9
x0120962,"Bin Omar, Nur Shodiqiin","Leong, Kok Meng",172088,,WWO,2,2,2,2,2,2,2,14
174155,"Tan, Chu Boon","Soh, Boon Tiang",162321,,WWO,2,2,2,2,2,2,2,14
x0120988,"Tee, Tony Wern Yet","Pabroquez, Arlene",163855,,CSD,2,2,2,2,2,2,2,14
174178,"Sugumaran, Priyan Parvez","Leong, Kok Meng",172088,,WWO,2,2,2,2,2,2,0,12
x0121023,"Suresh Kumar, Kishan","Kader Maideen, Mohamed Thaqif",164882,,WWO,2,2,2,2,2,1,2,13
x0120647,"Chin, Chih Han","Leng, Wai Keong",157692,,WWO,2,2,2,2,2,2,2,14
174191,"Bin Abdul Rahman, Abdur Razi'in","Leng, Wai Keong",157692,,WWO,2,2,2,2,2,2,2,14
x0121056,"Samsudin, Muhammad Syahin Bin","Leong, Kok Meng",172088,,WWO,2,2,2,1,2,2,2,13
x0121098,"Kemat, Qamarul Arifin","Koh, Jeff",111635,,WWO,1,2,1,0,2,1,2,9
x0121096,"Ramlee, Mohamad Shafique","Koh, Jeff",111635,,WWO,2,1,1,0,2,0,1,7
174229,"Soh, Kian Heng Jayden","Santos, Sherwin",112962,,WWO,2,2,2,2,2,0,0,10
x0121097,"Azhar, Nur Azrin","Koh, Jeff",111635,,WWO,2,2,2,1,2,2,1,12
x0121099,"Mas Shibul Bakhri, Muhammad Faizul","Koh, Jeff",111635,,WWO,2,2,2,2,2,2,2,14
x0121105,"BIN MOHD FAIRUS, MOHAMMAD LUTFIL HADI","Koh, Bok Lim",111634,,WWO,2,2,2,2,1,2,1,12
174243,"Lim, Siew Poh","Leng, Wai Keong",157692,,WWO,2,2,2,2,2,2,2,14
x0121123,"Bin Rahmat, Hairulnizam","Wong, Kim Soon",172506,,WWO,2,2,2,2,2,2,2,14
x0121129,"Lau, Chi Chuen","Ng, Kim Hai",175690,,WWO,2,2,2,2,2,2,2,14
x0121147,"Murugan, Somanathan","Pabroquez, Arlene",163855,,CSD,2,2,2,2,2,1,2,13
x0121150,"Bin Mohamed Omar, Mohamed Nazrul","Wong, Kim Soon",172506,,WWO,2,2,2,2,2,2,2,14
x0121196,"Lam, Kok Meng","Seah, Chee Kheong",73902,,CSD,1,2,1,2,1,1,1,9
x0121124,"Bin Mohamed Omar, Mohamed Nazri","Leng, Wai Keong",157692,,WWO,2,2,2,2,1,2,2,13
x0121127,"Bin Mohamed Omar, Mohamed Nazmi","Leng, Wai Keong",157692,,WWO,2,2,1,2,2,2,2,13
x0121195,,,,,,0,0,0,0,0,0,0,0
x0121279,"Noordin, Noor Hakim Bin","Swe Liam, Ang",175893,,WWO,2,2,2,2,2,2,2,14
x0121278,"Thirunavukarasu, Bimal Arivin","Koh, Bok Lim",111634,,WWO,2,2,2,2,2,2,2,14
174335,"Sivaraj, Ganesh","Chan, Steven",113305,,WWO,2,2,2,2,2,2,2,14
174351,"Chia, Ching Keat","Wang, Ben Zongbin",121012,,SPG,2,2,2,1,1,2,2,12
x0121339,"Lim, Chen Yang","Kader Maideen, Mohamed Thaqif",164882,,WWO,2,2,2,2,1,2,2,13
x0121368,"Oh, Yi Sen","Seah, Chee Kheong",73902,,CSD,2,2,2,2,2,2,0,12
x0121369,"Tan, Sin Yew Bernard","Seah, Chee Kheong",73902,,CSD,2,2,0,1,2,1,2,10
x0121370,,,,,,2,2,2,2,2,2,1,13
x0121373,"Raja Mani, Puvinder","Chin Soon, Yap",113575,,WWO,2,2,2,2,2,2,2,14
x0121372,"Bin Mohd Radhi, Mohammad Farhan Rabbani","Swe Liam, Ang",175893,,WWO,2,2,2,2,2,2,2,14
x0121343,"Ong, Chun Guan Benny","Kader Maideen, Mohamed Thaqif",164882,,WWO,2,2,2,2,2,2,2,14
x0121473,"Ashraful, Ashraful","Seah, Chee Kheong",73902,,CSD,2,2,2,2,2,2,2,14
x0121465,"AZMAN, SHAFIQ","Sivaraj, Ganesh",174335,,WWO,2,2,2,2,2,2,2,14
174454,"Sim, York Tiong","Gregory, Sean J",12452,,AGS,2,2,2,2,2,2,2,14
x0121606,"Assideq, Mohamad Iqraq","Koh, Jeff",111635,,WWO,2,2,2,2,2,2,2,14
x0121513,"Lim, Eileen Wan Ting","Lim, Wei Yang",121380,,WWO,2,2,2,2,2,1,1,12
x0121647,"Low, Chee Seong","Pabroquez, Arlene",163855,,CSD,2,2,1,2,1,1,2,11
x0121641,"Balakrishnan, Mageswaran","Ng, Kim Hai",175690,,WWO,1,2,2,2,2,2,2,13
x0121640,"Zulhilmi, Afiqul Adib","Ng, Kim Hai",175690,,WWO,2,1,1,2,2,0,2,10
x0121645,"Azman, Siti Nur-Atikah","Soh, Boon Tiang",162321,,WWO,2,2,2,2,2,2,2,14
x0121646,"Mohamed Nasir, Ahmad Khairul Anwar","Soh, Boon Tiang",162321,,WWO,2,2,2,2,2,2,2,14
x0121649,"Roslee, Muhammad Nur Alif","Koh, Bok Lim",111634,,WWO,1,2,2,0,0,0,0,5
x0121688,"Anuar Khan, Azzmeera Jan Binte","Ng, Sai kheong",115051,,WWO,2,2,2,2,2,1,2,13
x0121703,"Norshah, Muhammad Aliff Bin","Chin Soon, Yap",113575,,WWO,1,1,2,2,2,2,2,12
x0121701,"Bin Mohamed Haroun, Mohamed Hanis Syahmie","Santos, Sherwin",112962,,WWO,2,2,2,2,2,2,2,14
x0121728,"Yeong, Kin Foeng","Kader Maideen, Mohamed Thaqif",164882,,WWO,2,2,2,0,2,0,2,10
x0121708,"Chua, Kee Keong (Cai Qi Qiang)","Chin Soon, Yap",113575,,WWO,2,2,2,2,2,2,2,14
x0121727,"AB?Rahman, Khuzairie","Ng, Kim Hai",175690,,WWO,1,2,1,1,0,0,1,6
x0121729,"Koothappan, Selvaraj","Seah, Chee Kheong",73902,,CSD,2,2,2,2,2,2,2,14
x0121785,"Zainol Abidin, Muhammad Fahmi","Soh, Boon Tiang",162321,,WWO,2,2,2,2,2,2,2,14
x0121468,"Bin Azman, Mohammad Haziq","Leong, Kok Meng",172088,,WWO,2,2,2,2,2,2,2,14
x0121842,"Tan, Chun Leong","Wong, Keat Choong",113466,,WWO,2,2,2,2,2,2,2,14
x0121844,"Bin Nazri, Muhamad Amirul Adli","Swe Liam, Ang",175893,,WWO,2,2,2,2,2,2,2,14
x0121835,"Bin Sairi, Ari Ryandi","Koh, Bok Lim",111634,,WWO,2,2,2,0,0,0,2,8
x0121658,"Bin Abdul Rahim, Razali","Koh, Jeff",111635,,WWO,2,2,2,2,2,2,2,14
174713,"Lim, Darryl","Munirathnan Ganesan, Saravanan",113503,,WWO,0,2,2,2,2,2,2,12
x0121910,"Ong, Jing Xian","Sivaraj, Ganesh",174335,,WWO,1,2,2,2,1,2,2,12
174704,"Dzul, Muhd","Wong, Kim Soon",172506,,WWO,2,2,2,2,2,1,2,13
x0121843,"Ramzan, Muhammad Izz Khairul Bin","Sivaraj, Ganesh",174335,,WWO,2,2,2,2,2,2,2,14
174742,"Sieng Shee Keong, Desmond","Peh, Wee Kok",111636,,WWO,2,2,2,1,2,1,2,12
174772,"Bin Muhamad, Nur Tauhid","Zhou, Li",113634,,WWO,2,2,2,2,1,1,2,12
174782,"Bin Rahmat, Noor Hakym","Munirathnan Ganesan, Saravanan",113503,,WWO,2,2,2,2,2,2,2,14
174785,"Bin Abdul Samad, Muhammad Hamni","Koh, Bok Lim",111634,,WWO,2,2,2,2,2,2,2,14
174777,"Lai, Rhen Hwa","Lim, Cheng Hwee",117288,,WWO,2,2,2,1,2,2,2,13
x0122075,"Mohamed Nazir, Muhammad Syafiq","Ng, Kim Hai",175690,,WWO,2,2,2,2,2,2,2,14
x0122091,"Kumaran, Jothi","Seah, Chee Kheong",73902,,CSD,1,0,2,2,2,2,2,11
x0122117,"Amirudin, Fazli Bin","Pabroquez, Arlene",163855,,CSD,2,2,2,2,2,2,2,14
x0122119,"Murugiah, Christopher Paul","Koh, Jeff",111635,,WWO,2,2,2,2,2,2,2,14
x0122107,"Han, Lan Chih","Peh, Wee Kok",111636,,WWO,2,2,2,2,2,2,2,14
x0122109,"Hamzah, Khairul Asyraff Bin","Koh, Bok Lim",111634,,WWO,2,2,1,2,1,2,2,12
174848,"Ho, Grace","Chan, Timothy",88965,,SPG,2,2,2,2,2,2,2,14
x0122158,"Chee Kong, Yap","Chin, Derrick",164240,,CSD,2,2,2,2,2,2,2,14
174951,"Yeng, Kok Wey","Chin, Derrick",164240,,CSD,2,2,2,2,2,2,2,14
175003,"Santos, Canlas Michael Justine","Munirathnan Ganesan, Saravanan",113503,,WWO,2,2,2,2,2,2,1,13
x0122284,"Sadakatulla, Muhammad Sathiq Bin","Chin Soon, Yap",113575,,WWO,2,0,2,1,1,0,2,8
x0122285,"Elanggoh, Haree Kannan","Swe Liam, Ang",175893,,WWO,2,2,2,2,2,2,1,13
x0122302,"Rasid, Muhammad Ali","Swe Liam, Ang",175893,,WWO,1,1,2,2,2,2,2,12
x0122320,"Shaharuddin, Izz Irfan Bin","Soh, Boon Tiang",162321,,WWO,2,2,2,2,2,2,2,14
x0122420,"Lu, Say Yam","Kader Maideen, Mohamed Thaqif",164882,,WWO,2,2,2,2,2,1,2,13
x0122428,"Atendido, Alexis Ralphael Salao","Swe Liam, Ang",175893,,WWO,2,2,1,1,2,2,1,11
175138,"Sim, Kim Seong","Lam, Zadig",120923,,AGS,2,2,2,2,2,2,2,14
x0122454,"Wong, Kok Fui Kerwin","Chin Soon, Yap",113575,,WWO,2,2,2,2,2,2,2,14
x0122455,"Kamal, Aminurashid","Swe Liam, Ang",175893,,WWO,0,2,2,1,2,2,1,10
175173,"Soriano, Adolfo D","Munirathnan Ganesan, Saravanan",113503,,WWO,2,2,2,2,2,2,2,14
x0122493,"Ghazanfar, Mohammed Fazil","Mohd Hassan, Abu Talib",113051,,WWO,2,0,1,0,0,2,2,7
x0121953,"Chua, Khai Shuen","Lim, Cheng Hwee",117288,,WWO,2,2,2,0,2,2,2,12
x0122276,"Chua, Shao Cong","Zhou, Li",113634,,WWO,2,2,2,2,2,2,2,14
x0122523,"Kuan, Jackson","Chin Soon, Yap",113575,,WWO,2,2,2,2,2,1,2,13
175249,"Bin Rahmat, Muhammad Fauzie","Munirathnan Ganesan, Saravanan",113503,,WWO,2,2,2,2,2,2,2,14
175248,"Chong Siong, Chieng","Ang, Kok Wah",71936,,QUA,1,2,2,1,1,2,2,11
175250,"Soh, Hui Ming Gary","Li, Zhen",170848,,AIT,2,2,2,2,2,2,2,14
175262,"JEGABAR ALI, SHEIK MOHAMED","Munirathnan Ganesan, Saravanan",113503,,WWO,2,2,2,2,2,1,2,13
175261,"Gabriel, Selvakumar","Munirathnan Ganesan, Saravanan",113503,,WWO,2,2,2,2,2,2,2,14
x0122562,"Azis, Muhammad Adib Bin","Peh, Wee Kok",111636,,WWO,2,2,2,1,2,2,2,13
x0122560,"Chandraseker, Suriya Kummar S/O","Chin Soon, Yap",113575,,WWO,2,2,1,2,1,2,2,12
175267,"Bin Isa, Abdul Fattaah","Koh, Jeff",111635,,WWO,0,2,2,2,2,2,2,12
x0122577,"Thirugnanam, Naveenan","Seah, Chee Kheong",73902,,CSD,2,2,2,2,2,1,2,13
x0122564,"Tan, Ke Xin","Santos, Sherwin",112962,,WWO,2,2,2,2,2,2,2,14
175309,"Arivanantham, M Selvin","Munirathnan Ganesan, Saravanan",113503,,WWO,1,2,2,2,2,2,2,13
x0122673,"Haque, Ashraful","Seah, Chee Kheong",73902,,CSD,2,2,2,1,1,2,2,12
x0122668,"Sanusi, Faisal","Leng, Wai Keong",157692,,WWO,1,2,2,2,2,1,2,12
x0122669,"Suhaimi, Faiz","Sivaraj, Ganesh",174335,,WWO,1,2,2,2,1,0,0,8
x0122670,"Balkiah, Muhammad Khairi Bin","Leng, Wai Keong",157692,,WWO,2,2,2,1,2,2,2,13
x0122689,"Lau, Ching Joo Roger","Seah, Chee Kheong",73902,,CSD,2,2,2,2,2,2,2,14
x0122687,"Rahman, Md Mizanur","Seah, Chee Kheong",73902,,CSD,2,2,2,2,2,2,2,14
x0122688,"Calinao, Ronneil","Seah, Chee Kheong",73902,,CSD,2,1,2,1,2,2,0,10
175329,"Lim, Wei Jie","Leong, Kok Meng",172088,,WWO,2,2,2,2,2,2,2,14
175328,"Arumugam Venkada, Ashok","Ang, Kok Wah",71936,,QUA,1,2,1,2,2,0,2,10
x0122720,"Shahrunnizam, Daniyal Aqasha Lesta Bin","Santos, Sherwin",112962,,WWO,1,1,2,2,1,2,2,11
x0122719,"Samat, Shaifudin Bin","Santos, Sherwin",112962,,WWO,2,2,2,2,2,2,2,14
x0122570,"Jun Hao, Jeremy Goh","Swe Liam, Ang",175893,,WWO,2,2,1,1,2,2,2,12
x0122748,"Ramlan, Muhammad Nur Aide Bin","Swe Liam, Ang",175893,,WWO,1,2,2,0,0,0,0,5
x0122788,"Pandey, Prashant","Chin Soon, Yap",113575,,WWO,2,2,2,2,2,2,2,14
x0122667,"ANUAR, ZULFIQA","Sivaraj, Ganesh",174335,,WWO,2,2,2,2,2,1,2,13
x0122805,"Mogan, Sumitra","Yap, Chin Po (YapChin Po)",165731,,LEG,2,2,2,2,2,2,2,14
x0122836,"Ofiana, Jhunilyn","Pabroquez, Arlene",163855,,CSD,2,2,2,1,2,2,2,13
x0122837,"Chai, Siaw Lan","Kader Maideen, Mohamed Thaqif",164882,,WWO,2,2,2,1,2,2,2,13
x0122845,"Kwa Ruiling, Chanelyn","Yeo, Juliana",108245,,HRM,2,2,2,2,2,1,2,13
x0122672,"Abu Bakar, Marino Bin","Swe Liam, Ang",175893,,WWO,2,2,2,2,2,2,2,14
x0122671,"Bin Hussin, Ahmad Nufayl","Chin Soon, Yap",113575,,WWO,2,2,2,2,2,2,2,14
x0122789,"Mohan, Mohanarajan","Peh, Wee Kok",111636,,WWO,2,2,2,2,1,2,0,11
x0122716,"Li, Runhao","Yaoying, Zhong",163698,,SPG,2,2,2,2,2,2,2,14
x0122962,"Ong, Norman","Singh, Jacjit",161234,,WWO,2,2,2,2,2,2,1,13
x0122105,"Soetarso, Patrick Louie","Wu, Mengxue",167052,,SPG,2,2,2,2,2,2,2,14
175609,"Tan, Ee Beng","Ng, Sai kheong",115051,,WWO,2,2,2,2,2,2,2,14
x0122997,"Ng, Huay Yam","Kader Maideen, Mohamed Thaqif",164882,,WWO,2,2,2,2,2,2,2,14
175657,"JANG, CHUN IL","Lee, Teck Koon",166865,,AGS,2,2,2,1,2,2,1,12
x0123042,"Zailudin, Muhammad Zulfadhli","Soh, Boon Tiang",162321,,WWO,2,2,2,2,2,2,2,14
175671,"Thia, Zhi Wei","Ng, Kim Hai",175690,,WWO,2,2,2,2,2,2,2,14
x0123050,"Chong, Sing Hok","Chin Soon, Yap",113575,,WWO,2,2,2,2,1,0,0,9
175687,"Velusamy, Saravanakumar","Ng, Kim Hai",175690,,WWO,1,2,2,2,2,0,2,11
175693,"Kurunthazha, Shyju","Munirathnan Ganesan, Saravanan",113503,,WWO,2,2,2,2,2,2,2,14
175692,"Sasi Kumar, Govindan","Munirathnan Ganesan, Saravanan",113503,,WWO,2,2,2,2,2,2,2,14
175690,"Ng, Kim Hai","Lousma, Matthew O",71970,,WWO,2,2,2,2,2,2,2,14
x0121990,"Arulselvam, Raageshwari","Charn, Tze Howe",161417,,AIT,2,2,2,2,2,0,0,10
x0123058,"Sum, Qing Hong","Leng, Wai Keong",157692,,WWO,2,2,2,2,2,2,2,14
x0123106,"Packrisamy, Ganesan","Ng, Kim Hai",175690,,WWO,2,2,2,2,2,2,2,14
x0123107,"Veerapan, Parameswaran","Ng, Kim Hai",175690,,WWO,2,2,2,2,2,2,2,14
x0123129,"Lim, Hong Beng","Leng, Wai Keong",157692,,WWO,2,2,2,2,1,2,2,13
x0123136,"Arman, Khairulhaziq","Koh, Jeff",111635,,WWO,2,2,2,2,2,2,2,14
x0123133,"Abu Talib, Muhammad Fazli","Koh, Jeff",111635,,WWO,2,2,2,2,2,2,2,14
x0123159,"Kesavan, Kopalsamy","Pabroquez, Arlene",163855,,CSD,2,2,2,2,2,2,2,14
x0122963,"Amir, Muhammad Shamsul Ariffin Bin","Peh, Wee Kok",111636,,WWO,2,2,2,2,2,2,2,14
x0123227,"Birendra, Eka","S, Ramesh",115732,,GIS,2,2,2,2,2,2,2,14
x0123238,"Lee, Jin Ning Deanna","Seah, Chee Kheong",73902,,CSD,2,2,2,2,2,2,2,14
x0123049,"Razlan, Muhamad Ameerul Ashraaf","Swe Liam, Ang",175893,,WWO,2,2,0,0,2,1,2,9
x0123298,"Ching, Kwee Loon","Swe Liam, Ang",175893,,WWO,2,2,2,2,2,1,0,11
175893,"Swe Liam, Ang","Chan, Steven",113305,,WWO,2,2,2,2,2,2,2,14
x0123359,"Chin, Yoon Fati","Pabroquez, Arlene",163855,,CSD,2,2,2,2,1,2,2,13
x0123362,"Francisco, Sharlene","Pabroquez, Arlene",163855,,CSD,2,2,2,2,2,2,2,14
x0123360,"Rahmat, Muhammad Faiz","Santos, Sherwin",112962,,WWO,2,2,1,1,1,0,0,7
x0123361,"Hu, Ying","Pabroquez, Arlene",163855,,CSD,2,2,2,1,2,2,2,13
x0123368,"Vimalraj, Ramaiya","Seah, Chee Kheong",73902,,CSD,2,2,2,2,2,2,2,14
x0123447,"Mak, Wai Kuen","Peh, Wee Kok",111636,,WWO,2,2,2,2,2,2,1,13
x0123449,"Samat, Muhammad Afnan Bin","Kader Maideen, Mohamed Thaqif",164882,,WWO,2,2,2,2,2,2,2,14
x0123457,"Tan, Roger","Pabroquez, Arlene",163855,,CSD,2,2,2,1,0,2,2,11
x0123450,"Poh, Zhi Cong Keith","Sim, York Tiong",174454,,AGS,2,2,2,2,2,2,2,14
175971,"Shahul Hameed, Mohamed Moosha Malik","Munirathnan Ganesan, Saravanan",113503,,WWO,2,2,2,2,2,2,2,14
175977,"Wong, Dickson","Chia, Soon Kiat",104605,,WWO,2,2,2,2,2,2,2,14
x0123483,"Wan, JianPing Jarod","Ng, Kim Hai",175690,,WWO,2,2,2,2,2,1,2,13
176053,"Rajasekaran, Prabu","Munirathnan Ganesan, Saravanan",113503,,WWO,2,2,2,2,2,2,2,14
159353,"GOH, HEE HUAT","Peh, Wee Kok",111636,,WWO,1,2,2,2,2,2,2,13
176014,"MALAIKKOLUNDHU, ALAGESAN","Munirathnan Ganesan, Saravanan",113503,,WWO,2,2,2,2,2,1,2,13
176009,"SYAFIAH, NUR","Lonier, Robert A",83267,,QUA,2,2,2,2,2,2,0,12
176012,"Thanakody, Thanarajan","Munirathnan Ganesan, Saravanan",113503,,WWO,2,2,2,2,2,2,2,14
176051,"Zane, Chua","Sun, Cheng",120032,,SPG,2,2,2,2,2,2,2,14
176021,"Tee, Jeff","Ng, Jin Kiat",170811,,CTO,2,2,2,1,2,0,1,10
176011,"Sarga, Tiban","Munirathnan Ganesan, Saravanan",113503,,WWO,2,1,2,2,2,2,2,13
176010,"YEE, JIUN SHYAN","Xie, Yong Liang (???)",108124,,WWO,2,2,2,2,2,2,2,14
176055,"Tan, Jian Zhen","Lim, Teow Beng",80686,,WWO,2,2,2,2,2,1,1,12
x0123513,"Lee, Jin Ying Kenneth","Ng, Sai kheong",115051,,WWO,2,2,2,2,2,2,2,14
x0123514,"Mohamed Zaini, Muhammad Syafi'ee","Leong, Kok Meng",172088,,WWO,2,2,2,2,1,0,0,9
x0123515,"Fadirah, Mohammad Fariq","Soh, Boon Tiang",162321,,WWO,2,2,1,1,1,2,1,10
x0123516,"Zulhilmi, Muhammad Ikram Ilhami","Soh, Boon Tiang",162321,,WWO,0,0,0,0,1,2,2,5
176069,"Bin Syed Abdul Aziz, Syed Muhammad Noh","Leng, Wai Keong",157692,,WWO,2,2,2,2,1,2,2,13
x0123566,"Mohamad Lassim, Suriyanah Binti","Pabroquez, Arlene",163855,,CSD,2,2,2,2,2,2,2,14
x075926,"Phang, Far Moi","Kader Maideen, Mohamed Thaqif",164882,,WWO,2,2,1,2,2,2,2,13
x0123568,"Abdullah, Yusran Bin","Kader Maideen, Mohamed Thaqif",164882,,WWO,2,2,2,2,2,1,1,12
x0123563,"Selvaraji, Vathe","Soh, Boon Tiang",162321,,WWO,0,0,0,2,2,2,2,8
176081,"Saleh, Muhammad Shaifudin","Koh, Bok Lim",111634,,WWO,2,2,2,2,2,2,2,14
176080,"Rasid, Muhammad Aslam","Koh, Bok Lim",111634,,WWO,2,2,2,2,2,1,2,13
176122,"Hirayama, Koji Jack","Zhou, Li",113634,,WWO,2,2,2,1,2,1,0,10
x0123594,"Salleh, Muhammad Firdaus","Sivaraj, Ganesh",174335,,WWO,1,2,1,1,2,2,1,10
x0123620,"Maszalan, Nabeel Hassan","Koh, Jeff",111635,,WWO,2,2,2,1,2,2,2,13
x0123678,"Ngia, Teck Keng (Wei Di Qing)","Mohd Hassan, Abu Talib",113051,,WWO,2,2,2,2,2,2,2,14
x0123716,"Mak, Chee Wah","Leng, Wai Keong",157692,,WWO,2,2,2,2,2,2,2,14
176199,"Bin Ahmad, Mohamad Fauzi","Mohd Hassan, Abu Talib",113051,,WWO,2,2,2,2,2,2,2,14
176200,"Keuk, Hock Seng","Peh, Wee Kok",111636,,WWO,2,2,2,2,2,2,2,14
x0123752,"Jamalludin, Mohammad Daniez","Chen, Edwin",172999,,GIS,2,2,2,2,2,2,2,14
x0123753,"Izman, Noor Shafiq","Mohd Hassan, Abu Talib",113051,,WWO,2,2,2,2,2,2,2,14
x0123807,"Ramasamy, Suntheram","Sivaraj, Ganesh",174335,,WWO,1,2,2,2,2,2,2,13
x0123801,"Kasssim, Mohamed Isa Bin","Pabroquez, Arlene",163855,,CSD,2,2,2,2,2,2,2,14
x0123803,"Mapayo, Jomel","Pabroquez, Arlene",163855,,CSD,2,2,2,2,2,2,2,14
x0123802,"Atnan, Mohamad Saleh Bin","Pabroquez, Arlene",163855,,CSD,2,2,2,2,2,2,2,14
x0123808,"Lim, Denise Li Zhi","Kader Maideen, Mohamed Thaqif",164882,,WWO,2,2,2,2,1,2,2,13
176222,"Ganasan, Sarrean Raj","Ng, Kim Hai",175690,,WWO,0,0,0,0,2,0,1,3
176233,"Kok Chun, Law","Chia, Soon Kiat",104605,,WWO,2,2,2,2,2,2,2,14
176237,"William George, Jeffiery Roy","Ramasamy, Selvakumar",111570,,AGS,2,1,1,1,2,0,0,7
x0123839,,,,,,2,2,1,0,0,0,0,5
176236,"Rai, Santhosh","Munirathnan Ganesan, Saravanan",113503,,WWO,2,2,2,2,1,2,2,13
x0123840,,,,,,2,2,2,0,0,0,0,6
176256,"Isnin, Yusri Bin","Peh, Wee Kok",111636,,WWO,0,0,0,2,2,2,2,8
176264,"Koh, Melvin","Lim, Teow Beng",80686,,WWO,2,2,2,0,2,2,2,12
176301,"Tay, Zhi Wen, Desmond","Mohd Hassan, Abu Talib",113051,,WWO,2,2,2,2,2,2,2,14
x0123946,"Tsen, Khin Yun","Seah, Chee Kheong",73902,,CSD,2,2,2,2,2,2,2,14
x0124269,"Sim, Ai Leng","Pabroquez, Arlene",163855,,CSD,0,0,0,1,1,1,1,4
x0124272,"Thai, Mooi","Pabroquez, Arlene",163855,,CSD,0,0,0,1,0,1,1,3
x0124273,"Radhakrishnan, Rajendiran","Pabroquez, Arlene",163855,,CSD,0,0,0,0,0,0,0,0
x0124270,"Lim, Ju Ni","Pabroquez, Arlene",163855,,CSD,0,0,0,1,0,1,1,3
x0124271,"Tong, Lye Boon","Pabroquez, Arlene",163855,,CSD,0,0,0,2,1,1,1,5
