{"/app/fastapi/__init__.py": "d41d8cd98f00b204e9800998ecf8427e", "/app/fastapi/auth": "daedddbda16b4691612d4a734440a76f", "/app/fastapi/base": "b8ed981ac546bf5bb02d97e24857a23a", "/app/fastapi/commons": "3e8cffecb1d75b76d26fb2fdb524d7aa", "/app/fastapi/final_df_11012021.xlsx": "141b85db18e3ef0df6c5bdd353e7018f", "/app/fastapi/blog.db": "fc7361624031d8489bdd5a93b066f688", "/app/fastapi/practice.py": "7f71b6615173e99e3b1e1ebcd964d612", "/app/fastapi/sample.py": "62172a08f2fe03e1a8a9c8dbb76f1e86", "/app/fastapi/.cache": "f0399d19411e748cd60bc7c05a4f3469", "/app/fastapi/exceptions": "b8653cffb62d16a781bb425fd272dc3c", "/app/fastapi/settings": "e47f04135031db916e73f4c98de3a45d", "/app/fastapi/start_services.sh": "da1c1a05752b179a0b20a9fa78f9cb3f", "/app/fastapi/logger": "2bcc5f3b95266612edf82fe6a8a52bb8", "/app/fastapi/temp": "d495e43ec4d44a43df53b4862fb71f3d", "/app/fastapi/requirements.txt": "fb0daca2f47b3d484725005f279e82e2", "/app/fastapi/svc": "c5b94c8d50be3490e8de4e06ad3006cc", "/app/fastapi/main.py": "fe1ea336dff7f3c7d88a99108753714b", "/app/fastapi/.bash_history": "1388832da5a8670542ffcd2e9593e5cc", "/app/fastapi/Testing.ipynb": "abcdf57dea957fa577f8552bd5f0d539", "/app/fastapi/db": "6c9d6be5d06fd202852783eb42ac3360", "/app/fastapi/setup.py": "6bf22d47e0ae20b10abf2a6cfcf2fcb3", "/app/fastapi/services": "ad8707d17dfaab048743be41a561b968", "/app/fastapi/start.sh": "998d0e95ecd462fb3abc2046a15e8016"}