employ_id,employ_name,manager_name,manager_email,bu,6/21/2021 - 6/27/2021,6/28/2021 - 7/04/2021,2021-06-21 - 2021-06-27,2021-06-28 - 2021-07-04,2021-07-05 - 2021-07-11,2021-07-12 - 2021-07-18,2021-07-19 - 2021-07-25,2021-07-26 - 2021-07-29,Non_compliance_counter
100557,,,,,X1,X2,,,,,,,2
102541,"Aziz, Azlan Abdul","Lim, Cheng Hwee",CH_Lim@amat.com,WWO,C,X1,,,,,,,1
103084,"Chow, Seng Wong","Peh, Wee Kok",Wee_Kok_Peh@amat.com,WWO,C,C,,,,,,,0
103773,"Shanmuganathan, Ponnambalam","Fleishell, Ann",Ann_Fleishell@amat.com,EEG,C,,,,,,,,0
104326,,,,,X1,,,,,,,,1
104540,"Gan, Pin Gian","Hee, Jyh Chyang",Dominic_Hee@amat.com,SPG,C,C,,,,,,,0
104605,"Chia, Soon Kiat","Chai, Meng Yih",Meng_Yih_Chai@amat.com,WWO,X1,X2,,,,,,,2
105939,"Lim, Yin Wei","See, Guan Huei",gilbert_see@amat.com,SPG,C,C,,,,,,,0
106387,"Bhat, Sanjay","Jindal, Vibhu",Vibhu_Jindal@amat.com,SPG,X1,C,,,,,,,1
106513,"Wong, Kam Seng","Gvili, Sharon",Sharon_Gvili@amat.com,QUA,,C,,,,,,,0
106703,"Jupudi, Ananthkrishna","Tsai, Cheng-Hsiung",Matt_Tsai@amat.com,SPG,C,C,,,,,,,0
108124,"Xie, Yong Liang (???)","Zhou, Li",Li_Zhou@amat.com,WWO,C,C,,,,,,,0
108245,"Yeo, Hwee Na Juliana","Chan, Jenny",Jenny_Chan_HR@amat.com,HRM,,C,,,,,,,0
108314,"R Subramaniam, Muralidhar","Bhat, Sanjay",Sanjay_Bhat@amat.com,SPG,X1,C,,,,,,,1
108410,"Ytac, Sherwin","Soh, Kian Seng",Damien_Soh@amat.com,SPG,C,C,,,,,,,0
108511,"Lee, Yang Ming","Charn, Tze Howe",TzeHowe_Charn@amat.com,AIT,C,C,,,,,,,0
109569,"Cheng, Khor Wui","Ng, Jin Kiat",JinKiat_Ng@amat.com,CTO,C,C,,,,,,,0
110464,"Borjal, Laurence G","Santos, Sherwin",Sherwin_Santos@amat.com,WWO,C,X1,,,,,,,1
110472,"Jamora, John Apostol","Leong, Kok Meng",KokMeng_Leong@amat.com,WWO,C,C,,,,,,,0
110635,"Fortuna, Christopher Joy","Lim, Cheng Hwee",CH_Lim@amat.com,WWO,X1,X2,,,,,,,2
110736,"Cai, Steve","Chin, Derrick",Derrick_Chin@amat.com,CSD,C,C,,,,,,,0
111057,"Gunasekaran, Arun Kumar","Lim, Wei Yang",WeiYang_Lim@amat.com,WWO,,C,,,,,,,0
111179,"Lim, Ai Ling","Abdallah, Bilal",Bilal_Abdallah@amat.com,WWO,X1,,,,,,,,1
111450,"Budhi Subramani, Dinesh","Zhou, Li",Li_Zhou@amat.com,WWO,C,C,,,,,,,0
111559,"Chong, David","Chia, Soon Kiat",Soon_Kiat_Chia@amat.com,WWO,C,C,,,,,,,0
111570,"Ramasamy, Selvakumar","Quah, Han Oon",Oliver_Quah@amat.com,AGS,X1,X2,,,,,,,2
111634,"Koh, Bok Lim","Chan, Steven",Steven_Chan@amat.com,WWO,X1,C,,,,,,,1
111635,"Koh, Chin Beng","Kok, Roy",Roy_Kok@amat.com,WWO,C,C,,,,,,,0
111636,"Peh, Wee Kok","Chan, Steven",Steven_Chan@amat.com,WWO,C,C,,,,,,,0
111955,"Tio, Ephraim","Lim, Cheng Hwee",CH_Lim@amat.com,WWO,C,X1,,,,,,,1
111959,"Tan, Hock Meng","Ng, Sai kheong",Sai_kheong_Ng@amat.com,WWO,C,C,,,,,,,0
111973,"Lau, Chee Kiu","Santos, Sherwin",Sherwin_Santos@amat.com,WWO,C,C,,,,,,,0
111980,"Hay, Garry","Chin Soon, Yap",Chin_Soon_Yap@amat.com,WWO,X1,X2,,,,,,,2
111984,"Tan, Lian Huat","Chia, Soon Kiat",Soon_Kiat_Chia@amat.com,WWO,C,C,,,,,,,0
112117,"Chi, Sik Hin","Papanu, James S",Jim_Papanu@amat.com,SPG,C,C,,,,,,,0
112404,"Lau, Chin Seng","Hee, Jyh Chyang",Dominic_Hee@amat.com,SPG,C,C,,,,,,,0
112417,"Leonor, Ramir","Quah, Han Oon",Oliver_Quah@amat.com,AGS,X1,X2,,,,,,,2
112644,"Rosario, John","Leonor, Ramir",Ramir_Leonor@amat.com,AGS,C,,,,,,,,0
112724,"Soon, Khim Tiong","Bhat, Sanjay",Sanjay_Bhat@amat.com,SPG,C,C,,,,,,,0
112771,"Tresvalles, Gilbert","Leonor, Ramir",Ramir_Leonor@amat.com,AGS,,C,,,,,,,0
112898,"Ocampo, Roy L","Lim, Cheng Hwee",CH_Lim@amat.com,WWO,X1,X2,,,,,,,2
112899,"Lim, Sooi Hwa","Chia, Soon Kiat",Soon_Kiat_Chia@amat.com,WWO,X1,C,,,,,,,1
112929,"Mohd Salleh, Mohd Sharin","Munirathnan Ganesan, Saravanan",Saravanan_Ganesan@amat.com,WWO,C,X1,,,,,,,1
112949,"Bin Aton, Johari","Koh, Jeff",Jeff_Koh@amat.com,WWO,C,X1,,,,,,,1
112950,"Shan, Saravanan","Leong, Kok Meng",KokMeng_Leong@amat.com,WWO,X1,C,,,,,,,1
112952,"Macatangay, Christopher","Koh, Jeff",Jeff_Koh@amat.com,WWO,C,C,,,,,,,0
112955,"Sanchez, Julius","Leong, Kok Meng",KokMeng_Leong@amat.com,WWO,C,C,,,,,,,0
112961,"Koh, Hwee Song","Koh, Jeff",Jeff_Koh@amat.com,WWO,C,C,,,,,,,0
112962,"Santos, Sherwin","Lousma, Matthew O",Matthew_Lousma@amat.com,WWO,X1,C,,,,,,,1
112981,"Ko, Ing Hock","Mohd Hassan, Abu Talib",Mohd_Hassan@amat.com,WWO,C,C,,,,,,,0
112984,"Anos, Solino","Ee, Tian Chor",TianChor_Ee@amat.com,WWO,X1,X2,,,,,,,2
112985,"Tan, Wee Yen","Leng, Wai Keong",WaiKeong_Leng@amat.com,WWO,X1,C,,,,,,,1
112994,"Hashim, Mohd Suradi","Leong, Kok Meng",KokMeng_Leong@amat.com,WWO,C,C,,,,,,,0
112996,"Lee, Kim Chye","Kurkcu, Nihat",Nihat_Kurkcu@amat.com,WWO,C,C,,,,,,,0
112999,"Ellana, Armando","Ng, Sai kheong",Sai_kheong_Ng@amat.com,WWO,C,C,,,,,,,0
113007,"Chee Wah, Lee","Wong, Kim Soon",KimSoon_Wong@amat.com,WWO,C,C,,,,,,,0
113021,"Mu, Aan Wooi","Peh, Wee Kok",Wee_Kok_Peh@amat.com,WWO,C,X1,,,,,,,1
113022,"Magendren, Kaliapan","Chin Soon, Yap",Chin_Soon_Yap@amat.com,WWO,X1,X2,,,,,,,2
113023,"Foo, Siak Meng","Chin Soon, Yap",Chin_Soon_Yap@amat.com,WWO,X1,C,,,,,,,1
113024,"Ranchez, Jimmy Julius P","Santos, Sherwin",Sherwin_Santos@amat.com,WWO,X1,X2,,,,,,,2
113028,"Tan, Benson","Ng, Sai kheong",Sai_kheong_Ng@amat.com,WWO,C,C,,,,,,,0
113029,"Natividad, Herman B","Soh, Boon Tiang",BoonTiang_Soh@amat.com,WWO,C,C,,,,,,,0
113051,"Mohd Hassan, Abu Talib","Chai, Meng Yih",Meng_Yih_Chai@amat.com,WWO,C,C,,,,,,,0
113053,"Lirazan, Rodolfo","Ee, Tian Chor",TianChor_Ee@amat.com,WWO,C,C,,,,,,,0
113056,"Teo, Kevin","Lee, Taras",Taras_Lee@amat.com,WWO,C,,,,,,,,0
113175,"Wei, Junqi (???)","Hoerner, Bridger E",Bridger_Hoerner@amat.com,SPG,X1,C,,,,,,,1
113185,"Kader Moideen, Mustaq Hussain","Wong, Kim Soon",KimSoon_Wong@amat.com,WWO,C,C,,,,,,,0
113256,"Yi, Wei","Kunnakkat, Sonny",Sonny_Kunnakkat@amat.com,WWO,,C,,,,,,,0
113258,"Aquino, Kristine Chester L","Wong, Kim Soon",KimSoon_Wong@amat.com,WWO,C,X1,,,,,,,1
113259,"Perez, Jefferson E","Rodriguez, Juan A",Juan_Manufacturing_Rodriguez@amat.com,WWO,C,C,,,,,,,0
113280,"Castillo, Joseph M","Chia, Soon Kiat",Soon_Kiat_Chia@amat.com,WWO,C,C,,,,,,,0
113305,"Chan, Nan Fatt","Lee, Taras",Taras_Lee@amat.com,WWO,C,C,,,,,,,0
113316,"Pareja Ordonez, Oliver","Leonor, Ramir",Ramir_Leonor@amat.com,AGS,,C,,,,,,,0
113385,"Ghim Aik, Oh","Chia, Soon Kiat",Soon_Kiat_Chia@amat.com,WWO,X1,C,,,,,,,1
113392,"Lee, Fook Lam","Mohd Hassan, Abu Talib",Mohd_Hassan@amat.com,WWO,C,C,,,,,,,0
113393,"Yeo, Yong Hui","Santos, Sherwin",Sherwin_Santos@amat.com,WWO,C,X1,,,,,,,1
113394,"Lim, Ah Huat","Mohd Hassan, Abu Talib",Mohd_Hassan@amat.com,WWO,C,C,,,,,,,0
113395,"Tham, Kok Tim","Mohd Hassan, Abu Talib",Mohd_Hassan@amat.com,WWO,C,C,,,,,,,0
113400,"Seah, Javien Jin Ping","Tan, Brian",Brian_Tan@amat.com,AGS,C,,,,,,,,0
113478,"Mah, Wee Heng","Lonier, Robert A",Robert_Lonier@amat.com,QUA,C,C,,,,,,,0
113503,"Munirathnan Ganesan, Saravanan","Campbell, Rory M",Rory_M_Campbell@amat.com,WWO,C,C,,,,,,,0
113504,"Chiam, June Hwee Kiang","Maberry, Kelly M",Kelly_Maberry@amat.com,HRM,C,,,,,,,,0
113509,"Liakat Ali, Muhammad Ridzal","Munirathnan Ganesan, Saravanan",Saravanan_Ganesan@amat.com,WWO,X1,C,,,,,,,1
113510,"Thobias, Lanin Micheal","Leng, Wai Keong",WaiKeong_Leng@amat.com,WWO,C,C,,,,,,,0
113521,,,,,C,C,,,,,,,0
113524,"To, Chun Yu","Soh, Kian Seng",Damien_Soh@amat.com,SPG,X1,X2,,,,,,,2
113525,"Kumar, Sanjay","Chin Soon, Yap",Chin_Soon_Yap@amat.com,WWO,C,C,,,,,,,0
113527,"Chang, King Leou","Mohd Hassan, Abu Talib",Mohd_Hassan@amat.com,WWO,C,X1,,,,,,,1
113541,"Kader Meera, Abdul Malik","Chia, Soon Kiat",Soon_Kiat_Chia@amat.com,WWO,C,C,,,,,,,0
113560,"Salim, Norsolehin Bin","Chia, Soon Kiat",Soon_Kiat_Chia@amat.com,WWO,C,C,,,,,,,0
113561,"Tan, Lee Soon","Santos, Sherwin",Sherwin_Santos@amat.com,WWO,C,X1,,,,,,,1
113575,"Chin Soon, Yap","Chan, Steven",Steven_Chan@amat.com,WWO,X1,X2,,,,,,,2
113615,"Villaflor, Edwin Santiago","Soh, Boon Tiang",BoonTiang_Soh@amat.com,WWO,C,C,,,,,,,0
113620,"Lim, Chow Koon","Leong, Kok Meng",KokMeng_Leong@amat.com,WWO,C,C,,,,,,,0
113621,"Bin Hussain Shah, Omar","Santos, Sherwin",Sherwin_Santos@amat.com,WWO,X1,X2,,,,,,,2
113622,"Dela Cruz, Arnold","Chin Soon, Yap",Chin_Soon_Yap@amat.com,WWO,X1,X2,,,,,,,2
113623,"Ramos, Jay Majarreis","Wong, Kim Soon",KimSoon_Wong@amat.com,WWO,C,C,,,,,,,0
113624,"Lim, Ting Yu","Leong, Kok Meng",KokMeng_Leong@amat.com,WWO,C,C,,,,,,,0
113625,"Koh, Chee Keong","Chin Soon, Yap",Chin_Soon_Yap@amat.com,WWO,C,C,,,,,,,0
113634,"Zhou, Li","Lee, Taras",Taras_Lee@amat.com,WWO,C,C,,,,,,,0
113653,"Djoko Nugroho, Vincentius","Soh, Boon Tiang",BoonTiang_Soh@amat.com,WWO,C,C,,,,,,,0
115046,"Lee, Leng keaw thomas","Peh, Wee Kok",Wee_Kok_Peh@amat.com,WWO,X1,C,,,,,,,1
115051,"Ng, Sai kheong","Liu, George",George_Liu@amat.com,WWO,C,C,,,,,,,0
115059,"Noor ali, Nazir ali bin","Chin Soon, Yap",Chin_Soon_Yap@amat.com,WWO,X1,X2,,,,,,,2
115063,"Dhamodharan, Kamaraj","Santos, Sherwin",Sherwin_Santos@amat.com,WWO,X1,C,,,,,,,1
115084,"Yu, Glenn","Chin Soon, Yap",Chin_Soon_Yap@amat.com,WWO,C,C,,,,,,,0
115086,"Tan, Kok Beng","Santos, Sherwin",Sherwin_Santos@amat.com,WWO,C,C,,,,,,,0
115305,"Poo, Ching lee","Peh, Wee Kok",Wee_Kok_Peh@amat.com,WWO,C,C,,,,,,,0
115321,"Ong, Heng seng","Lim, Cheng Hwee",CH_Lim@amat.com,WWO,C,C,,,,,,,0
115336,"Mohamoad, Yazid bin","Leong, Kok Meng",KokMeng_Leong@amat.com,WWO,C,C,,,,,,,0
115341,"Chua, Eng tiong","Vallinayagam, Shaji P",Shaji_Vallinayagam@amat.com,WWO,C,,,,,,,,0
115402,"Villareal, Lyndon","Leonor, Ramir",Ramir_Leonor@amat.com,AGS,,C,,,,,,,0
115412,"Sukri, Farid idros","Peh, Wee Kok",Wee_Kok_Peh@amat.com,WWO,X1,C,,,,,,,1
115413,"Mohamad razali, Noordin bin","Peh, Wee Kok",Wee_Kok_Peh@amat.com,WWO,C,C,,,,,,,0
115414,"Bin isnin, Nooralfian","Santos, Sherwin",Sherwin_Santos@amat.com,WWO,X1,X2,,,,,,,2
115419,"Eng, Boon chai","Chin Soon, Yap",Chin_Soon_Yap@amat.com,WWO,C,C,,,,,,,0
115482,"Moh, Chek khoon","Leong, Kok Meng",KokMeng_Leong@amat.com,WWO,X1,C,,,,,,,1
115484,"Mohamed noordin, Mohamed zafarrulah","Santos, Sherwin",Sherwin_Santos@amat.com,WWO,C,X1,,,,,,,1
115517,"Sum, Yue hoe","Nadig, Divya V",Divya_Nadig@amat.com,AGS,X1,C,,,,,,,1
115520,"Lee, Ze leang","Ee, Tian Chor",TianChor_Ee@amat.com,WWO,C,C,,,,,,,0
115848,"Rehnu, Thanadayuthapany","Ee, Tian Chor",TianChor_Ee@amat.com,WWO,C,C,,,,,,,0
115882,"Toh, Kok Hwee","Ng, Sai kheong",Sai_kheong_Ng@amat.com,WWO,C,C,,,,,,,0
116021,"Tan, Poh chin","Saw, Peck-Leng",Peck_Leng_Saw@amat.com,FIN,X1,C,,,,,,,1
116034,"Lim, Sok kee","Shee, Steven",Steve_Shee@amat.com,FIN,C,C,,,,,,,0
116118,"Ong, Boon Hong","Ee lin, Ong",Teresa_Ong@amat.com,AGS,,C,,,,,,,0
116145,"Gautam, Ribhu","Bhat, Sanjay",Sanjay_Bhat@amat.com,SPG,X1,X2,,,,,,,2
116206,"Babu, Sarath","Jupudi, Ananthkrishna",Ananth_Jupudi@amat.com,SPG,C,C,,,,,,,0
116250,"Tan, Ticher","Chin, Derrick",Derrick_Chin@amat.com,CSD,C,C,,,,,,,0
116326,"Tan, Meng hui vincent","Rodriguez, Juan A",Juan_Manufacturing_Rodriguez@amat.com,WWO,C,,,,,,,,0
116439,"Chia, Bok khim","Lim, Teow Beng",Teow_Beng_Lim@amat.com,WWO,X1,C,,,,,,,1
116475,"Yeo, Huang-Po Derrick","Tsou, James (???)",James_Tsou@amat.com,GIS,,X1,,,,,,,1
116828,"Ratnapala, Chanishka niduk","Ang, Kok Wah",Kok_Wah_Ang@amat.com,QUA,X1,X2,,,,,,,2
116859,"Choragudi, Praveen","Bhat, Sanjay",Sanjay_Bhat@amat.com,SPG,X1,X2,,,,,,,2
116923,"Ang, Thian huat desmond","Koo, Bono",Bono_Koo@amat.com,EEG,C,C,,,,,,,0
116959,"Woon, Amanda","Kurkcu, Nihat",Nihat_Kurkcu@amat.com,WWO,C,C,,,,,,,0
117273,"Chim, Chee Ming","Neibauer, Brian D",Brian_Neibauer@amat.com,QUA,C,,,,,,,,0
117276,"Mohamad Iskandar, Mohamad Fadillah","Quah, Han Oon",Oliver_Quah@amat.com,AGS,C,,,,,,,,0
117288,"Lim, Cheng Hwee","Liu, George",George_Liu@amat.com,WWO,X1,C,,,,,,,1
117292,"Lim, Teng Kooi","Mohamad Iskandar, Mohamad Fadillah",Mohd_Fadillah@amat.com,AGS,C,C,,,,,,,0
117293,"Loh, Kher Chong","Chan, Timothy",Timothy_Chan@amat.com,SPG,,C,,,,,,,0
119012,"Sowmithri, C k","Kurkcu, Nihat",Nihat_Kurkcu@amat.com,WWO,C,C,,,,,,,0
119075,"Kurkcu, Nihat","Ong, KC",KC_ong@amat.com,WWO,X1,,,,,,,,1
119104,,,,,X1,X2,,,,,,,2
119182,"Rajasundaram, Wiselin","Goel, Vaneet K",Ben_Goel@amat.com,WWO,C,C,,,,,,,0
119551,"Agarwal, Prashant","Babu, Sarath",Sarath_Babu@amat.com,SPG,C,,,,,,,,0
119850,"Mardivirin, Pascal Daniel","Kurkcu, Nihat",Nihat_Kurkcu@amat.com,WWO,C,,,,,,,,0
119916,"Tan, Lee sar","Fichbein Kleiner, Rachel",Rachel_Fichbein@amat.com,HRM,C,C,,,,,,,0
120208,"Low, Queency (Huey Lan)","Lim, Ai Ling",Ai_Ling_Lim@amat.com,WWO,C,,,,,,,,0
120478,"Hoi, Siew Kit","Hoerner, Bridger E",Bridger_Hoerner@amat.com,SPG,C,X1,,,,,,,1
120549,"Chai, Shuang Huei","Wong, Kim Soon",KimSoon_Wong@amat.com,WWO,C,C,,,,,,,0
120602,"Koh, Tuck Foong","Goh, Clinton",Clinton_Goh@amat.com,SPG,C,C,,,,,,,0
120622,"Lianto, Prayudi","See, Guan Huei",gilbert_see@amat.com,SPG,C,C,,,,,,,0
120647,"Bhoyar, Sankesha","Rastegar, Abbas",Abbas_Rastegar@amat.com,SPG,C,C,,,,,,,0
120830,"Leo Raja, Lourduraj Christofer","Wyly, Kristopher S",Kristopher_Wyly@amat.com,WWO,X1,C,,,,,,,1
120888,"Abdullah, Muhammad Haqbil","Leng, Wai Keong",WaiKeong_Leng@amat.com,WWO,C,C,,,,,,,0
120918,"Ramalinggam, Ilamaaran","Leng, Wai Keong",WaiKeong_Leng@amat.com,WWO,X1,X2,,,,,,,2
120923,"Lam, Zadig","Mittal, Sanjiv",Sanjiv_Mittal@amat.com,AGS,C,C,,,,,,,0
120927,"ESWARAPRASAD, GANDHI","Leng, Wai Keong",WaiKeong_Leng@amat.com,WWO,C,C,,,,,,,0
120989,"Yusof, Yasier","Koh, Jeff",Jeff_Koh@amat.com,WWO,C,C,,,,,,,0
121012,"Wang, Zongbin","Seutter, Sean",Sean_Seutter@amat.com,SPG,X1,X2,,,,,,,2
121066,"Williams, Matthew P","Sithamparanathan, S.Kunalan",SKunalan_Sithamparanathan@amat.com,WWO,C,C,,,,,,,0
121084,,,,,X1,X1,,,,,,,2
121145,"Gopal, Sri Rengan","Lim, Cheng Hwee",CH_Lim@amat.com,WWO,C,C,,,,,,,0
121165,"Song, Jiao","Chen, Nuno Yen-Chu",NunoYenChu_Chen@amat.com,SPG,X1,C,,,,,,,1
121170,"Lim Hoi Sim, Vendy","Munirathnan Ganesan, Saravanan",Saravanan_Ganesan@amat.com,WWO,X1,C,,,,,,,1
121244,"Lee, Pei Ching","Char, Ming Sun",Ming_Sun_Char@amat.com,WWO,,C,,,,,,,0
121380,"Lim, Wei Yang","Orr, Steven A",Steven_Orr@amat.com,WWO,C,C,,,,,,,0
143560,"Sidek, Mohamed Esa","Ang, Kok Wah",Kok_Wah_Ang@amat.com,QUA,C,C,,,,,,,0
143631,"Karthikeyan, Natarajan","Ang, Kok Wah",Kok_Wah_Ang@amat.com,QUA,C,C,,,,,,,0
143682,"Fernandez, Avinash Joseph","Gujral, Mohit",Mohit_Gujral@amat.com,QUA,,C,,,,,,,0
143849,"Lee, Christopher","Lam, Zadig",Zadig_Lam@amat.com,AGS,C,C,,,,,,,0
143925,"Shanmugham, Saravanan","Ramasamy, Selvakumar",Selvakumar_Ramasamy@amat.com,AGS,C,C,,,,,,,0
143957,"Lian Hwee, Hau","Sowmithri, C k",C_k_Sowmithri@amat.com,WWO,X1,X2,,,,,,,2
144075,"Loh, Jesson","Peh, Wee Kok",Wee_Kok_Peh@amat.com,WWO,C,C,,,,,,,0
144152,"Toh, William","Nguyen, To-Anh T",To-Anh_Nguyen@amat.com,LEG,C,C,,,,,,,0
153538,"See, Guan Huei","Sundarrajan, Arvind",Arvind_Sundarrajan@amat.com,SPG,,C,,,,,,,0
153548,"Goh, Clinton","Hoerner, Bridger E",Bridger_Hoerner@amat.com,SPG,X1,,,,,,,,1
153825,"Yong, Choon Hong","Soh, Kian Seng",Damien_Soh@amat.com,SPG,C,C,,,,,,,0
153953,"Huang, Alvin","Chin Soon, Yap",Chin_Soon_Yap@amat.com,WWO,C,C,,,,,,,0
153955,"Balatbat, Rommel","Peh, Wee Kok",Wee_Kok_Peh@amat.com,WWO,C,C,,,,,,,0
154014,"Fairulnizam B.  Mohd Iskandar, Mohamad","Ramasamy, Selvakumar",Selvakumar_Ramasamy@amat.com,AGS,C,C,,,,,,,0
154034,"Sunthiramohan, Muraly","Leong, Kok Meng",KokMeng_Leong@amat.com,WWO,X1,X2,,,,,,,2
154081,"Asmuni, Muhammad Aizuddin","Chia, Soon Kiat",Soon_Kiat_Chia@amat.com,WWO,C,X1,,,,,,,1
154191,"Beh, Chin Hui","Chin Soon, Yap",Chin_Soon_Yap@amat.com,WWO,X1,C,,,,,,,1
154201,"waran, Maheswaran","Ng, Sai kheong",Sai_kheong_Ng@amat.com,WWO,C,C,,,,,,,0
154249,"Tan, Chee Hong","Peh, Wee Kok",Wee_Kok_Peh@amat.com,WWO,C,C,,,,,,,0
154257,"Caviente, Canlobo Alfie","Koh, Jeff",Jeff_Koh@amat.com,WWO,C,C,,,,,,,0
154317,"Ramamoorthy, Balaji","Leong, Kok Meng",KokMeng_Leong@amat.com,WWO,C,X1,,,,,,,1
154361,"Ng, Sharon","Hee, Jyh Chyang",Dominic_Hee@amat.com,SPG,X1,C,,,,,,,1
154436,"Zhang, Yubin","Wang, Ben Zongbin",Zongbin_Wang@amat.com,SPG,C,X1,,,,,,,1
154486,"Ismail, Che Salman","Soh, Kian Seng",Damien_Soh@amat.com,SPG,C,C,,,,,,,0
154566,"Supparamainam, Kalaiselvan","Ramasamy, Selvakumar",Selvakumar_Ramasamy@amat.com,AGS,X1,C,,,,,,,1
154644,"Xue Hui, Lai","Tan, Brian",Brian_Tan@amat.com,AGS,,X1,,,,,,,1
154647,"Chua, Ee Chin Shervin","Hoerner, Bridger E",Bridger_Hoerner@amat.com,SPG,,C,,,,,,,0
154707,"Kumar, Sathis","Ramasamy, Selvakumar",Selvakumar_Ramasamy@amat.com,AGS,X1,C,,,,,,,1
155007,"Chia, Calvin Tze Hwee","Leong, Kok Meng",KokMeng_Leong@amat.com,WWO,X1,C,,,,,,,1
155045,"Ang, Mohammad Faizal Bin Aermie","Soon, Khim Tiong",KhimTiong_Soon@amat.com,SPG,C,C,,,,,,,0
155101,"George, Victor","Leong, Kok Meng",KokMeng_Leong@amat.com,WWO,C,C,,,,,,,0
155148,"Ngui, Chang Yong","Ng, David_FSO",David_Ng@amat.com,AGS,X1,C,,,,,,,1
155231,"Han, Keong Yoong","Ramasamy, Selvakumar",Selvakumar_Ramasamy@amat.com,AGS,X1,X2,,,,,,,2
155235,"Wang, Xinxin","Hoi, Siew Kit",SiewKit_Hoi@amat.com,SPG,X1,C,,,,,,,1
155328,"Fu, Zhi Yan","Koh, Jeff",Jeff_Koh@amat.com,WWO,C,C,,,,,,,0
155338,"Lo, Kenny Kin Bin","Chin Soon, Yap",Chin_Soon_Yap@amat.com,WWO,X1,X2,,,,,,,2
155339,"Bin Abdul Rahman, Mohamed Nazirudeen","Koh, Bok Lim",Bok_Lim_Koh@amat.com,WWO,C,C,,,,,,,0
155351,"Kwok, Chun Hing","Peh, Wee Kok",Wee_Kok_Peh@amat.com,WWO,C,C,,,,,,,0
155363,"Chen, He Cai","Zhou, Li",Li_Zhou@amat.com,WWO,C,C,,,,,,,0
155375,"Su, Jun-Liang","Hazlehurst, Richard",Richard_Hazlehurst@amat.com,SPG,C,C,,,,,,,0
155384,"A l Mathuvanan, Haaritaas","Mohamad Iskandar, Mohamad Fadillah",Mohd_Fadillah@amat.com,AGS,C,C,,,,,,,0
155404,"Kang, Kian Huat","Chin Soon, Yap",Chin_Soon_Yap@amat.com,WWO,C,X1,,,,,,,1
155476,"Munusamy, Rames","Leng, Wai Keong",WaiKeong_Leng@amat.com,WWO,C,C,,,,,,,0
155518,"Sivadhramani, Viswanath","Soon, Khim Tiong",KhimTiong_Soon@amat.com,SPG,C,C,,,,,,,0
155566,"Bin Baseer, Muhammad Amin","Ramasamy, Selvakumar",Selvakumar_Ramasamy@amat.com,AGS,,C,,,,,,,0
155642,"Lim, Yong Xiang","Wang, Ben Zongbin",Zongbin_Wang@amat.com,SPG,X1,X2,,,,,,,2
155709,"Zheng, Fei Fei","Chin Soon, Yap",Chin_Soon_Yap@amat.com,WWO,C,C,,,,,,,0
155779,"Jaison, Paniselvam","Ee, Tian Chor",TianChor_Ee@amat.com,WWO,X1,X2,,,,,,,2
155941,"Suo, Peng","YONG, Andy",Andy_Yong@amat.com,SPG,C,C,,,,,,,0
155981,"Vivero, Jonald","Leong, Kok Meng",KokMeng_Leong@amat.com,WWO,C,C,,,,,,,0
155990,"De Guzman Cris, Michael","Leng, Wai Keong",WaiKeong_Leng@amat.com,WWO,X1,X2,,,,,,,2
156138,"Thiyagarajan, Krishna Jothi","Leng, Wai Keong",WaiKeong_Leng@amat.com,WWO,C,C,,,,,,,0
156218,"Gurusamy, Arunkumar","Ee, Tian Chor",TianChor_Ee@amat.com,WWO,C,X1,,,,,,,1
156266,"Sithamparanathan, S.Kunalan","Kunnakkat, Sonny",Sonny_Kunnakkat@amat.com,WWO,C,C,,,,,,,0
156424,"Ravindran, Vilsan","Xie, Yong Liang (???)",Joe_Xie@amat.com,WWO,C,X1,,,,,,,1
156434,"Fung, Peter","Ypma, Keith Edward",Keith_Ypma@amat.com,SPG,C,C,,,,,,,0
156454,"Goh, Madeline Wee Ting","Tan, Poh chin",Poh_Chin_Tan@amat.com,FIN,C,C,,,,,,,0
156471,"Beng Teong, Sim","Leng, Wai Keong",WaiKeong_Leng@amat.com,WWO,C,C,,,,,,,0
156500,"Liu, Shuwei","Zerrade, Azeddine",Azeddine_Zerrade@amat.com,SPG,X1,C,,,,,,,1
156525,"Junio, Joward","Ee, Tian Chor",TianChor_Ee@amat.com,WWO,C,C,,,,,,,0
156594,"Lim, Edwin Collins","Koh, Jeff",Jeff_Koh@amat.com,WWO,C,C,,,,,,,0
156626,"Chan, Yok Tin","Lim, Kah Pin",Kah_Pin_Lim@amat.com,FIN,C,,,,,,,,0
156670,,,,,X1,X2,,,,,,,2
156705,"Tham, Yen Hsiang","Dietz, Jim",James_Dietz@amat.com,CTO,,C,,,,,,,0
156796,"Subramaniam K, Siva","Leng, Wai Keong",WaiKeong_Leng@amat.com,WWO,C,C,,,,,,,0
156826,"Chiong, Kok Khim Kelvin","Ng, Sai kheong",Sai_kheong_Ng@amat.com,WWO,C,C,,,,,,,0
156988,"Bin Samad, Dwi Rahmawan Saputra","Peh, Wee Kok",Wee_Kok_Peh@amat.com,WWO,C,C,,,,,,,0
156989,"Goh, Jia Han","Ng, Kim Hai",Kimhai_Ng@amat.com,WWO,C,C,,,,,,,0
156990,"Vasundaran, Laljin","Chin Soon, Yap",Chin_Soon_Yap@amat.com,WWO,X1,X2,,,,,,,2
157002,"Bin Alwi, Hairul","Koh, Bok Lim",Bok_Lim_Koh@amat.com,WWO,C,C,,,,,,,0
157005,"THIYAGARAJAN, BALSAMY","Leng, Wai Keong",WaiKeong_Leng@amat.com,WWO,X1,C,,,,,,,1
157172,"Le, Dat T","Li, Mei (??)",Mei_Li@amat.com,FIN,X1,X2,,,,,,,2
157174,"Balamurugan, Chinthadurai","Leng, Wai Keong",WaiKeong_Leng@amat.com,WWO,X1,X2,,,,,,,2
157253,"Tan, Boon Chye","Soh, Boon Tiang",BoonTiang_Soh@amat.com,WWO,C,C,,,,,,,0
157256,"Shanmugaraj, Duraipandi","Ng, Sai kheong",Sai_kheong_Ng@amat.com,WWO,C,C,,,,,,,0
157279,"Hoe, Jason","Mohd Hassan, Abu Talib",Mohd_Hassan@amat.com,WWO,C,C,,,,,,,0
157311,"Satri, Muhammad Syamil","Mohamad Iskandar, Mohamad Fadillah",Mohd_Fadillah@amat.com,AGS,C,,,,,,,,0
157312,"Chew, Bui Kian","Ee, Tian Chor",TianChor_Ee@amat.com,WWO,C,C,,,,,,,0
157509,"Yeo, Ching Hu","Munirathnan Ganesan, Saravanan",Saravanan_Ganesan@amat.com,WWO,C,C,,,,,,,0
157692,"Leng, Wai Keong","Kok, Roy",Roy_Kok@amat.com,WWO,X1,C,,,,,,,1
157722,"Chen, Chang Kuei","Lim, Wei Yang",WeiYang_Lim@amat.com,WWO,C,C,,,,,,,0
157738,"Ponusamy, Denesh Kumar","Ng, Sai kheong",Sai_kheong_Ng@amat.com,WWO,C,C,,,,,,,0
157776,"Soe, Nyan Thar","Koh, Jeff",Jeff_Koh@amat.com,WWO,X1,C,,,,,,,1
157837,"Ho, Tien Hong","Mohd Hassan, Abu Talib",Mohd_Hassan@amat.com,WWO,C,C,,,,,,,0
157895,"Sorio, Leonil","Koh, Jeff",Jeff_Koh@amat.com,WWO,C,C,,,,,,,0
157988,"Teo, Sheng Jie","Zhou, Li",Li_Zhou@amat.com,WWO,C,C,,,,,,,0
158029,"Bin Mohd Fadzil, Mohd Afzan","Ramasamy, Selvakumar",Selvakumar_Ramasamy@amat.com,AGS,C,C,,,,,,,0
158270,"Loo, Kooi Tatt Jason","Leng, Wai Keong",WaiKeong_Leng@amat.com,WWO,X1,C,,,,,,,1
158313,"Deveza, Michael","Santos, Sherwin",Sherwin_Santos@amat.com,WWO,X1,C,,,,,,,1
158516,"Ramesh, Pushpanathan","Ng, Sai kheong",Sai_kheong_Ng@amat.com,WWO,C,C,,,,,,,0
158558,"Deng, Guang Yong Felix","Goh, Clinton",Clinton_Goh@amat.com,SPG,C,C,,,,,,,0
158577,"Othman, Mohamad Hedhir","Soh, Boon Tiang",BoonTiang_Soh@amat.com,WWO,C,C,,,,,,,0
158604,"Jantan, Muhammad Harithzan","Leng, Wai Keong",WaiKeong_Leng@amat.com,WWO,C,C,,,,,,,0
158868,"LEE, SENG GUAN","Ee, Tian Chor",TianChor_Ee@amat.com,WWO,C,C,,,,,,,0
158875,"Yew, Kok Wai","Koh, Jeff",Jeff_Koh@amat.com,WWO,C,C,,,,,,,0
158907,"Lai, Wah Yi","Kitowski, Raphael",Raphael_Kitowski@amat.com,SPG,,C,,,,,,,0
158973,"Boh, Kelvin","Wei, Junqi (???)",Junqi_Wei@amat.com,SPG,C,C,,,,,,,0
159072,"Chen, Nuno Yen-Chu","Hoerner, Bridger E",Bridger_Hoerner@amat.com,SPG,C,C,,,,,,,0
159150,"Pow, Darius","Xie, Yong Liang (???)",Joe_Xie@amat.com,WWO,C,C,,,,,,,0
159353,"GOH, HEE HUAT","Peh, Wee Kok",Wee_Kok_Peh@amat.com,WWO,C,X1,,,,,,,1
159365,"Gollahalli Venkatachalam, Tamilarasu","Sivaraj, Ganesh",Ganesh_Sivaraj@amat.com,WWO,X1,C,,,,,,,1
159388,"Liew, Wooi Leong","Sivaraj, Ganesh",Ganesh_Sivaraj@amat.com,WWO,,C,,,,,,,0
159450,"Pang, Choon Huat","Chia, Soon Kiat",Soon_Kiat_Chia@amat.com,WWO,X1,X2,,,,,,,2
159475,,,,,X1,X2,,,,,,,2
159494,"Dhayalan, Kumar","Munirathnan Ganesan, Saravanan",Saravanan_Ganesan@amat.com,WWO,C,C,,,,,,,0
159503,"Chan, Josiah","Teo, Kevin",Kevin_Teo@amat.com,WWO,,C,,,,,,,0
159746,,,,,X1,,,,,,,,1
160144,"Chaik, Wai Chung","Peh, Wee Kok",Wee_Kok_Peh@amat.com,WWO,X1,C,,,,,,,1
160148,"Wong, Koon Seong","Peh, Wee Kok",Wee_Kok_Peh@amat.com,WWO,C,C,,,,,,,0
160149,"Chieng, Yew Liong","Chin Soon, Yap",Chin_Soon_Yap@amat.com,WWO,C,X1,,,,,,,1
160187,"Ong, Siok Ming","Sundarrajan, Arvind",Arvind_Sundarrajan@amat.com,SPG,,C,,,,,,,0
160304,"Chow, Poh Loy","Le, Nam",Nam_Le@amat.com,SPG,C,C,,,,,,,0
160306,"Liew, San Choy","Le, Nam",Nam_Le@amat.com,SPG,C,,,,,,,,0
160307,"Wong, Thim Choong","Le, Nam",Nam_Le@amat.com,SPG,X1,X2,,,,,,,2
160316,"Loke, Kok Wei","Le, Nam",Nam_Le@amat.com,SPG,C,C,,,,,,,0
160456,"Xiao, Wen","Zerrade, Azeddine",Azeddine_Zerrade@amat.com,SPG,C,X1,,,,,,,1
160559,"Koh, Tow Wei","Koh, Jeff",Jeff_Koh@amat.com,WWO,C,C,,,,,,,0
160651,"Wu, Xinyu","Peh, Wee Kok",Wee_Kok_Peh@amat.com,WWO,X1,X2,,,,,,,2
160662,"Mat Nasir, Muhammad Hanafi","Chia, Soon Kiat",Soon_Kiat_Chia@amat.com,WWO,C,X1,,,,,,,1
160694,"Rao, JianYang","Munirathnan Ganesan, Saravanan",Saravanan_Ganesan@amat.com,WWO,C,C,,,,,,,0
160797,"Chan, DingWei","Koh, Bok Lim",Bok_Lim_Koh@amat.com,WWO,C,C,,,,,,,0
160863,"Voon, Hsien Yoong John","Ramasamy, Selvakumar",Selvakumar_Ramasamy@amat.com,AGS,X1,,,,,,,,1
160970,"wong, Ying Zhuo Davib (Leewong ying zhuo)","Mohd Hassan, Abu Talib",Mohd_Hassan@amat.com,WWO,C,C,,,,,,,0
160978,"Mathavan, Mohandas","Munirathnan Ganesan, Saravanan",Saravanan_Ganesan@amat.com,WWO,X1,X2,,,,,,,2
160979,"Lee, Shawn","Koh, Jeff",Jeff_Koh@amat.com,WWO,C,C,,,,,,,0
160995,"Dion, Hia","Chia, Soon Kiat",Soon_Kiat_Chia@amat.com,WWO,C,C,,,,,,,0
161028,"Lee, Chin Yong","Lim, Teow Beng",Teow_Beng_Lim@amat.com,WWO,C,X1,,,,,,,1
161035,"Liu, Ye","Sun, Cheng",Cheng_Sun@amat.com,SPG,C,C,,,,,,,0
161105,"Tan, Kok Yew","Sivaraj, Ganesh",Ganesh_Sivaraj@amat.com,WWO,X1,C,,,,,,,1
161124,"Bin Zulkipli, Muhammad Sahril","Peh, Wee Kok",Wee_Kok_Peh@amat.com,WWO,X1,C,,,,,,,1
161234,"Singh, Jacjit","Derderian, Mark A",Mark_Derderian@amat.com,WWO,C,C,,,,,,,0
161291,"Bin Hussin, Mohammed Taqrik","Koh, Jeff",Jeff_Koh@amat.com,WWO,C,C,,,,,,,0
161342,"Cheng, Bryan Ting On","Chua, Eng tiong",Rick_Chua@amat.com,WWO,C,,,,,,,,0
161400,,,,,X1,X2,,,,,,,2
161407,"Bin Ismail, Muhammad Syarifuddin","Sivaraj, Ganesh",Ganesh_Sivaraj@amat.com,WWO,X1,X2,,,,,,,2
161414,"Bin Suati, Muhammad Raizan","Chin Soon, Yap",Chin_Soon_Yap@amat.com,WWO,X1,C,,,,,,,1
161459,"Ooi, Jiin Xiong","Chin Soon, Yap",Chin_Soon_Yap@amat.com,WWO,X1,X2,,,,,,,2
161498,"Khoo, Kah Leng","Lim, Joyce",Joyce_Lim@amat.com,WWO,,X1,,,,,,,1
161576,"Ibnu Jamal, Jadulhakim","Mohd Hassan, Abu Talib",Mohd_Hassan@amat.com,WWO,C,C,,,,,,,0
161691,"Mohamed Juma’at, Mohamed Jumali","Koh, Jeff",Jeff_Koh@amat.com,WWO,C,C,,,,,,,0
161770,"Varghese, Binni","Xiao, Wen",Wen_Xiao@amat.com,SPG,C,C,,,,,,,0
161775,"Tan, Kok Chong","Leong, Kok Meng",KokMeng_Leong@amat.com,WWO,C,C,,,,,,,0
161875,"Mohamed Firman, Mohamed Irfan","Ng, Sai kheong",Sai_kheong_Ng@amat.com,WWO,C,C,,,,,,,0
162026,"Izzat Bin Abdul Rashid, Muhammad","Peh, Wee Kok",Wee_Kok_Peh@amat.com,WWO,C,C,,,,,,,0
162027,"Shafeeq, Abdul","Sivaraj, Ganesh",Ganesh_Sivaraj@amat.com,WWO,C,C,,,,,,,0
162047,"Lim, Chiang Loh","Leng, Wai Keong",WaiKeong_Leng@amat.com,WWO,C,C,,,,,,,0
162091,"Goh, Sze Yong","Leong, Kok Meng",KokMeng_Leong@amat.com,WWO,C,C,,,,,,,0
162105,"Venkidusamy, Ganesh","Leong, Kok Meng",KokMeng_Leong@amat.com,WWO,X1,C,,,,,,,1
162239,"Ong, Heng Guan","Jamil, Irfan",Irfan_Jamil@amat.com,SPG,C,C,,,,,,,0
162273,"Cordova, Alex","Leonor, Ramir",Ramir_Leonor@amat.com,AGS,,C,,,,,,,0
162321,"Soh, Boon Tiang","Chai, Meng Yih",Meng_Yih_Chai@amat.com,WWO,C,C,,,,,,,0
162425,"Tan, Kenneth (???)","Lim, Cheng Hwee",CH_Lim@amat.com,WWO,C,C,,,,,,,0
162428,"BIN BASIRAN, RAFLI","Mohd Hassan, Abu Talib",Mohd_Hassan@amat.com,WWO,C,C,,,,,,,0
162477,"Chong, Kee Boon","Soh, Boon Tiang",BoonTiang_Soh@amat.com,WWO,C,C,,,,,,,0
162478,"Chin, Hock Yong","Lim, Teow Beng",Teow_Beng_Lim@amat.com,WWO,C,C,,,,,,,0
162627,"Mohamad Razali, Muhamad Khir","Mohd Hassan, Abu Talib",Mohd_Hassan@amat.com,WWO,C,X1,,,,,,,1
162721,"Chan, Jenny Lian Hoe","Tan, Lee sar",Lee_Sar_Tan@amat.com,HRM,X1,,,,,,,,1
162750,"Espejo, Van Algene Estioco","Leonor, Ramir",Ramir_Leonor@amat.com,AGS,C,,,,,,,,0
162874,"Guan, Kuang Ren","Leng, Wai Keong",WaiKeong_Leng@amat.com,WWO,X1,C,,,,,,,1
162917,"Kang, Zhang","Wei, Junqi (???)",Junqi_Wei@amat.com,SPG,X1,C,,,,,,,1
163022,"Yue, Cui","Song, Jiao",Jessica_JiaoSong@amat.com,SPG,X1,X2,,,,,,,2
163355,"Koh, Weijun Darrel","Ng, Kim Hai",Kimhai_Ng@amat.com,WWO,C,C,,,,,,,0
163426,"Lim, Kok Keong Stanley","Sudijono, John",John_Sudijono@amat.com,SPG,,C,,,,,,,0
163470,"Raut, Trupti Shashikant","Rosa, Michel A",Mike_Rosa@amat.com,SPG,C,,,,,,,,0
163471,"Rafi, Mohamed","Sudijono, John",John_Sudijono@amat.com,SPG,C,C,,,,,,,0
163492,"Chia, Kian Koon","Kuah, Wee Hian",Wee_Hian_Kuah@amat.com,AGS,C,,,,,,,,0
163500,"Khairuddin, Ahmad","Soon, Khim Tiong",KhimTiong_Soon@amat.com,SPG,C,C,,,,,,,0
163583,"Elumalai, Karthik","Jupudi, Ananthkrishna",Ananth_Jupudi@amat.com,SPG,C,C,,,,,,,0
163601,"Shamsudin, Abdul Fattah","Ramasamy, Selvakumar",Selvakumar_Ramasamy@amat.com,AGS,,C,,,,,,,0
163606,"Abdul Aziz, Abu Uzaeid Usman","Mohamad Iskandar, Mohamad Fadillah",Mohd_Fadillah@amat.com,AGS,,C,,,,,,,0
163698,"Yaoying, Zhong","Hoi, Siew Kit",SiewKit_Hoi@amat.com,SPG,X1,X2,,,,,,,2
163756,"Seow, Desmond","Ryan, Conor",Conor_Ryan@amat.com,AGS,C,C,,,,,,,0
163855,"Pabroquez, Arlene","Seah, Chee Kheong",Victor_Seah@amat.com,CSD,C,C,,,,,,,0
164143,"Yoong, Herng Yau","Xiao, Wen",Wen_Xiao@amat.com,SPG,C,C,,,,,,,0
164204,,,,,X1,X1,,,,,,,2
164220,"Cheong, Sarah","Ang, Kok Wah",Kok_Wah_Ang@amat.com,QUA,C,,,,,,,,0
164240,"Chin, Derrick","Hambleton, Scott A",Scott_Hambleton@amat.com,CSD,C,C,,,,,,,0
164468,"Wang, Aylwin","Lim, Cheng Hwee",CH_Lim@amat.com,WWO,C,X1,,,,,,,1
164882,"Kader Maideen, Mohamed Thaqif","Low, Queency",Queencyhl_Low@amat.com,WWO,C,,,,,,,,0
164893,"Solaimuthu, Navaneetham","Tesic, Lisa C",Lisa_Tesic@amat.com,WWO,C,C,,,,,,,0
164912,"Urlam, Harsha","Mardivirin, Pascal Daniel",Pascal_Mardivirin@amat.com,WWO,,C,,,,,,,0
165135,"Shaharuddin, Ahmad Akmal","Mohamad Iskandar, Mohamad Fadillah",Mohd_Fadillah@amat.com,AGS,C,C,,,,,,,0
165243,"Guo, Jingyi","Sowmithri, C k",C_k_Sowmithri@amat.com,WWO,C,X1,,,,,,,1
165255,"Jayasurya, Rahul","Kang, Eunsook (???)",Eunsook_Kang@amat.com,GIS,C,C,,,,,,,0
165306,"Tan, Chin Wei","Elumalai, Karthik",Karthik_Elumalai@amat.com,SPG,C,C,,,,,,,0
165401,"Wong, Shao Kit","Xie, Yong Liang (???)",Joe_Xie@amat.com,WWO,C,C,,,,,,,0
165538,"Kodumuri, Sai Kumar","Babu, Sarath",Sarath_Babu@amat.com,SPG,C,C,,,,,,,0
165568,"Ng, Eng Huat","Russell, Dougie",Dougie_Russell@amat.com,AGS,C,C,,,,,,,0
165618,"Romero Navarre, Tomas","Rodriguez, Juan A",Juan_Manufacturing_Rodriguez@amat.com,WWO,C,X1,,,,,,,1
165731,"Yap, Chin Po (YapChin Po)","Toh, William",William_Toh@amat.com,LEG,C,C,,,,,,,0
165862,"Loo, Yih Liang","Lim, Ai Ling",Ai_Ling_Lim@amat.com,WWO,C,,,,,,,,0
165945,"Teo, Erica","Li, Zhen",Zhen_Li@amat.com,AIT,C,C,,,,,,,0
165982,"Wong, Fei Yong","Mohamad Iskandar, Mohamad Fadillah",Mohd_Fadillah@amat.com,AGS,C,,,,,,,,0
166057,,,,,X1,X2,,,,,,,2
166222,"Khoo, Tracy Ai Lee","Lee, Melvin",Melvin_Lee@amat.com,WWO,C,C,,,,,,,0
166226,"Jeslin, Poh","Seetoh, Raymond",Raymond_Seetoh@amat.com,WWO,,C,,,,,,,0
166244,"Tsang, Ka Mei","Pon, Joseph M",joe_pon@amat.com,CSD,C,C,,,,,,,0
166256,"XIAOFENG, YE (???)","Peh, Wee Kok",Wee_Kok_Peh@amat.com,WWO,C,C,,,,,,,0
166259,"Phan, Wai Kin","Rastegar, Abbas",Abbas_Rastegar@amat.com,SPG,C,C,,,,,,,0
166277,"Chan, Wei Qin","Lim, Cheng Hwee",CH_Lim@amat.com,WWO,C,C,,,,,,,0
166322,"CAI, XIAO (CAIXIAO)","Soon, Khim Tiong",KhimTiong_Soon@amat.com,SPG,C,X1,,,,,,,1
166325,"Kok, Roy","Liu, George",George_Liu@amat.com,WWO,C,C,,,,,,,0
166389,"ONG, TIAN HUANG","Peh, Wee Kok",Wee_Kok_Peh@amat.com,WWO,C,C,,,,,,,0
166475,"FangJie, LIM","Elumalai, Karthik",Karthik_Elumalai@amat.com,SPG,C,C,,,,,,,0
166513,"Kamsani, Hairil","Koh, Jeff",Jeff_Koh@amat.com,WWO,C,C,,,,,,,0
166525,"Ng, Kok Chun","Leong, Kok Meng",KokMeng_Leong@amat.com,WWO,C,C,,,,,,,0
166553,"Loy, Teck Poon","Ee, Tian Chor",TianChor_Ee@amat.com,WWO,C,C,,,,,,,0
166556,"Liang, XiaoLing","Leong, Kok Meng",KokMeng_Leong@amat.com,WWO,C,X1,,,,,,,1
166557,"Poh, WeiYi","Ee, Tian Chor",TianChor_Ee@amat.com,WWO,X1,C,,,,,,,1
166595,"Tan, Shui Yuan","Lim, Wei Yang",WeiYang_Lim@amat.com,WWO,C,C,,,,,,,0
166597,"Tan, Ngiap Han","Le, Nam",Nam_Le@amat.com,SPG,C,C,,,,,,,0
166609,"Orana, Johnathan","Ng, Kim Hai",Kimhai_Ng@amat.com,WWO,X1,X2,,,,,,,2
166857,"Hasan, Mohamed Isa","Chia, Soon Kiat",Soon_Kiat_Chia@amat.com,WWO,C,C,,,,,,,0
166865,"Lee, Teck Koon","Lam, Zadig",Zadig_Lam@amat.com,AGS,C,C,,,,,,,0
166885,"Tham, Yong Kin","Lim, Cheng Hwee",CH_Lim@amat.com,WWO,C,C,,,,,,,0
166923,"Yap, Eng soon","Sithamparanathan, S.Kunalan",SKunalan_Sithamparanathan@amat.com,WWO,C,C,,,,,,,0
167025,"Xie, Liangpeng","Lloyd, Scott G",Scott_Lloyd@amat.com,WWO,,C,,,,,,,0
167051,"Qiu, David JunJie","Xie, Yong Liang (???)",Joe_Xie@amat.com,WWO,X1,X2,,,,,,,2
167052,"Wu, Mengxue","Hoi, Siew Kit",SiewKit_Hoi@amat.com,SPG,C,X1,,,,,,,1
167053,"Wang, Ying","See, Guan Huei",gilbert_see@amat.com,SPG,C,C,,,,,,,0
167058,"Xiong, Lulu","Wang, Ben Zongbin",Zongbin_Wang@amat.com,SPG,X1,X2,,,,,,,2
170248,"LIM, MAVERICK WEN LONG","Peh, Wee Kok",Wee_Kok_Peh@amat.com,WWO,C,C,,,,,,,0
170257,"BIN AYUB, MUHAMMAD KHAIRUL HUDA","Leng, Wai Keong",WaiKeong_Leng@amat.com,WWO,C,C,,,,,,,0
170337,"Salleh, Sulaiman","Koh, Bok Lim",Bok_Lim_Koh@amat.com,WWO,X1,X2,,,,,,,2
170338,"Rasid, Muhammad Afiq","Koh, Bok Lim",Bok_Lim_Koh@amat.com,WWO,X1,C,,,,,,,1
170365,"PERUMALU, NAGARAJAN","Sivaraj, Ganesh",Ganesh_Sivaraj@amat.com,WWO,X1,X2,,,,,,,2
170395,"Ho, Jim","Xie, Yong Liang (???)",Joe_Xie@amat.com,WWO,X1,X2,,,,,,,2
170491,"Nguh, Yeong Jian","Lim, Teow Beng",Teow_Beng_Lim@amat.com,WWO,X1,X2,,,,,,,2
170531,"Ee, Tian Chor","Liu, George",George_Liu@amat.com,WWO,C,C,,,,,,,0
170546,"Cheng, Edwin","Koh, Bok Lim",Bok_Lim_Koh@amat.com,WWO,X1,X2,,,,,,,2
170551,"Cheng, Hsiao-Ying Shelly","Charn, Tze Howe",TzeHowe_Charn@amat.com,AIT,X1,C,,,,,,,1
170660,"Lai, Weng Mun Austin","Lim, Cheng Hwee",CH_Lim@amat.com,WWO,C,C,,,,,,,0
170803,"Devarajan, Mohankumar","Wyly, Kristopher S",Kristopher_Wyly@amat.com,WWO,C,C,,,,,,,0
170811,"Ng, Jin Kiat","Dietz, Jim",James_Dietz@amat.com,CTO,,C,,,,,,,0
170828,"Chen, Tian Seong Teeas","Ee, Tian Chor",TianChor_Ee@amat.com,WWO,C,C,,,,,,,0
170835,"Liew, De Xiang Max","Ng, Kim Hai",Kimhai_Ng@amat.com,WWO,X1,X2,,,,,,,2
170838,"Bin Mohamad Razali, Muhamad Nasir","Koh, Bok Lim",Bok_Lim_Koh@amat.com,WWO,C,C,,,,,,,0
170842,"SU, EMILY","Wang, Yingmin",Yingmin_Wang@amat.com,CTO,X1,,,,,,,,1
171068,"Lim, Roy","Chiam, June Hwee Kiang",june_chiam@amat.com,HRM,C,,,,,,,,0
171078,"Chong, Jye Lin","Toh, William",William_Toh@amat.com,LEG,C,C,,,,,,,0
171096,"JAGADEESH, ARUN","Sivaraj, Ganesh",Ganesh_Sivaraj@amat.com,WWO,X1,X2,,,,,,,2
171131,"Lee, Janice Sze Jie","Soon, Khim Tiong",KhimTiong_Soon@amat.com,SPG,C,C,,,,,,,0
171146,"Lau, Fu Long","Teo, Kevin",Kevin_Teo@amat.com,WWO,C,C,,,,,,,0
171177,"Teo, Wei Xuan Bryan","Lim, Wei Yang",WeiYang_Lim@amat.com,WWO,X1,X2,,,,,,,2
171223,"Aliwarga, Edita","Li, Zhen",Zhen_Li@amat.com,AIT,X1,X2,,,,,,,2
171242,"Sahib, Meera","Ng, Sai kheong",Sai_kheong_Ng@amat.com,WWO,C,C,,,,,,,0
171316,"Khoo, Ding Jie","Hong, Khai Hwa",Khai_Hwa_Hong@amat.com,SPG,C,X1,,,,,,,1
171464,"Mok, Danielle","Chan, Jenny",Jenny_Chan_HR@amat.com,HRM,C,,,,,,,,0
171487,"Tong, Shayna","Lim, Cheng Hwee",CH_Lim@amat.com,WWO,C,C,,,,,,,0
171494,"Zheng, Terence","Ee, Tian Chor",TianChor_Ee@amat.com,WWO,C,C,,,,,,,0
171512,"Lau, Darrell","Koh, Jeff",Jeff_Koh@amat.com,WWO,C,C,,,,,,,0
171630,"Chong, Hoi Jin","R Subramaniam, Muralidhar",Muralidhar_Subramaniam@amat.com,SPG,C,C,,,,,,,0
171670,"Chung, Ka Wai","Le, Nam",Nam_Le@amat.com,SPG,C,C,,,,,,,0
171699,"Abdul, Muhamad","Mohd Hassan, Abu Talib",Mohd_Hassan@amat.com,WWO,C,X1,,,,,,,1
171702,"Lim, Ben Khai","Leng, Wai Keong",WaiKeong_Leng@amat.com,WWO,C,C,,,,,,,0
171732,"Hoo, Jimmy","Chia, Soon Kiat",Soon_Kiat_Chia@amat.com,WWO,C,C,,,,,,,0
171788,"Sa adan, Muhammad Shahril Bin","Leng, Wai Keong",WaiKeong_Leng@amat.com,WWO,C,X1,,,,,,,1
171830,"Tan, Ching Loong","Mohamad Iskandar, Mohamad Fadillah",Mohd_Fadillah@amat.com,AGS,,C,,,,,,,0
171831,"MUHAMMAD, Azmin","Mohamad Iskandar, Mohamad Fadillah",Mohd_Fadillah@amat.com,AGS,C,C,,,,,,,0
171859,"Rengaraj, Arun","Bhat, Sanjay",Sanjay_Bhat@amat.com,SPG,C,,,,,,,,0
171887,"Dass, Taroon","Mohd Hassan, Abu Talib",Mohd_Hassan@amat.com,WWO,C,C,,,,,,,0
171985,"Ismail, Fairuz","Wong, Kim Soon",KimSoon_Wong@amat.com,WWO,X1,C,,,,,,,1
172022,"Kua, Mei San","Zhou, Li",Li_Zhou@amat.com,WWO,X1,X2,,,,,,,2
172034,"Bin Sabtu, Muhammad Syafizan","Leng, Wai Keong",WaiKeong_Leng@amat.com,WWO,X1,X2,,,,,,,2
172088,"Leong, Kok Meng","Liu, George",George_Liu@amat.com,WWO,X1,X2,,,,,,,2
172193,"Wang, Qifeng","Lim, Wei Yang",WeiYang_Lim@amat.com,WWO,C,C,,,,,,,0
172356,,,,,X1,X1,,,,,,,2
172405,"Lim, Chu Ern","Mohamad Iskandar, Mohamad Fadillah",Mohd_Fadillah@amat.com,AGS,C,C,,,,,,,0
172409,"Selva Raju, Kaviya","Li, Zhen",Zhen_Li@amat.com,AIT,X1,X2,,,,,,,2
172428,"Hazlehurst, Richard","Jupudi, Ananthkrishna",Ananth_Jupudi@amat.com,SPG,C,C,,,,,,,0
172436,"Foo, Siang Hui","Mohd Hassan, Abu Talib",Mohd_Hassan@amat.com,WWO,X1,X2,,,,,,,2
172493,,,,,X1,X2,,,,,,,2
172506,"Wong, Kim Soon","Chai, Meng Yih",Meng_Yih_Chai@amat.com,WWO,C,C,,,,,,,0
172526,"Neoh, Boon Teong","Mohamad Iskandar, Mohamad Fadillah",Mohd_Fadillah@amat.com,AGS,,C,,,,,,,0
172535,"Berasamy, Rhhutrashiny","Ramasamy, Selvakumar",Selvakumar_Ramasamy@amat.com,AGS,C,C,,,,,,,0
172643,"ROSLAN, MOHAMAD KHAIRUL ANUAR","Mohamad Iskandar, Mohamad Fadillah",Mohd_Fadillah@amat.com,AGS,,C,,,,,,,0
172666,"Kumar Rath, Santosh","YONG, Andy",Andy_Yong@amat.com,SPG,C,X1,,,,,,,1
172668,,,,,C,C,,,,,,,0
172675,"Tang, Lih Fang","Ng, Jin Kiat",JinKiat_Ng@amat.com,CTO,C,C,,,,,,,0
172683,"SHANMUGAM, Vinodh","YONG, Andy",Andy_Yong@amat.com,SPG,C,C,,,,,,,0
172712,"Lim, Jia Min, Germaine","Seah, Chee Kheong",Victor_Seah@amat.com,CSD,X1,C,,,,,,,1
172843,"Bin Hashim, Mohd Zaki","Ramasamy, Selvakumar",Selvakumar_Ramasamy@amat.com,AGS,X1,C,,,,,,,1
172879,"Bin Anuar, Muhamad Azreen","Sithamparanathan, S.Kunalan",SKunalan_Sithamparanathan@amat.com,WWO,C,X1,,,,,,,1
172917,"Hong, Wan Yin","Ng, Jin Kiat",JinKiat_Ng@amat.com,CTO,,C,,,,,,,0
172918,"WU, Jiyan","Le, Nam",Nam_Le@amat.com,SPG,C,,,,,,,,0
172949,"Ong, Hao Ying","Lim, Teow Beng",Teow_Beng_Lim@amat.com,WWO,C,C,,,,,,,0
172967,"Ang, Wei Jing","Sowmithri, C k",C_k_Sowmithri@amat.com,WWO,X1,X2,,,,,,,2
172999,"Chen, Edwin","Tsou, James (???)",James_Tsou@amat.com,GIS,,C,,,,,,,0
173026,"Liyaw, Chong Xin","Lim, Cheng Hwee",CH_Lim@amat.com,WWO,C,C,,,,,,,0
173182,"Jiyi, Yao","Lim, Teow Beng",Teow_Beng_Lim@amat.com,WWO,C,X1,,,,,,,1
173268,"Bin Mohd Fadzil, Mohd Amirul","Ramasamy, Selvakumar",Selvakumar_Ramasamy@amat.com,AGS,,C,,,,,,,0
173271,"Chia, Meng Hui","Ng, Jin Kiat",JinKiat_Ng@amat.com,CTO,C,C,,,,,,,0
173310,"Bin Abdullah Samad, Abdul Hadi","Leng, Wai Keong",WaiKeong_Leng@amat.com,WWO,C,C,,,,,,,0
173341,"Chan, Jasmine","Lim, Cheng Hwee",CH_Lim@amat.com,WWO,C,C,,,,,,,0
173435,"Koh, Fei Yuan Louisa","Lim, Wei Yang",WeiYang_Lim@amat.com,WWO,C,C,,,,,,,0
173466,"Gian, Chui Kiong","Koh, Jeff",Jeff_Koh@amat.com,WWO,C,X1,,,,,,,1
173467,"Bin Selamat, Arif","Koh, Jeff",Jeff_Koh@amat.com,WWO,C,X1,,,,,,,1
173626,"Tan, Ye Ming","Lim, Cheng Hwee",CH_Lim@amat.com,WWO,C,C,,,,,,,0
173710,"Wu, Lei","Lim, Wei Yang",WeiYang_Lim@amat.com,WWO,X1,C,,,,,,,1
173717,"Azlan, Muhammad Afiq Bin","Ng, Sai kheong",Sai_kheong_Ng@amat.com,WWO,C,,,,,,,,0
173733,"Mindal Singh, Pearlvinder Kaur","Leong, Kok Meng",KokMeng_Leong@amat.com,WWO,C,C,,,,,,,0
173746,"Tan, Zhong Jie","Lim, Wei Yang",WeiYang_Lim@amat.com,WWO,C,C,,,,,,,0
173770,"Binte Sabtu, Diana","Leng, Wai Keong",WaiKeong_Leng@amat.com,WWO,C,C,,,,,,,0
173795,"Bin Abdul Rahman, Abdul Razak","Leong, Kok Meng",KokMeng_Leong@amat.com,WWO,C,C,,,,,,,0
173851,"Bin Abdul Latiff, Mohamad Hafis","Wong, Kim Soon",KimSoon_Wong@amat.com,WWO,C,C,,,,,,,0
174001,"bin Che Sani, Muhammad Khairi","Koh, Bok Lim",Bok_Lim_Koh@amat.com,WWO,X1,X2,,,,,,,2
174002,"Kean, Lam","Koh, Bok Lim",Bok_Lim_Koh@amat.com,WWO,C,C,,,,,,,0
174026,"Jing Nam, Lo","Leong, Kok Meng",KokMeng_Leong@amat.com,WWO,C,C,,,,,,,0
174027,"Bin Syed Ismail, Syed Muhammad","Santos, Sherwin",Sherwin_Santos@amat.com,WWO,X1,X2,,,,,,,2
174028,"Bin Hamid, Suhaimi","Ng, Kim Hai",Kimhai_Ng@amat.com,WWO,C,X1,,,,,,,1
174041,"Wang, Qian (WangQian)","Chin, Derrick",Derrick_Chin@amat.com,CSD,X1,X2,,,,,,,2
174141,"Bin Mohd Salleh, Alif Ridhwan","Ng, Sai kheong",Sai_kheong_Ng@amat.com,WWO,X1,X2,,,,,,,2
174154,"Binte Aminuddin, Ewanie","Santos, Sherwin",Sherwin_Santos@amat.com,WWO,X1,X2,,,,,,,2
174155,"Tan, Chu Boon","Soh, Boon Tiang",BoonTiang_Soh@amat.com,WWO,C,C,,,,,,,0
174178,"Sugumaran, Priyan Parvez","Leong, Kok Meng",KokMeng_Leong@amat.com,WWO,C,C,,,,,,,0
174191,"Bin Abdul Rahman, Abdur Razi in","Leng, Wai Keong",WaiKeong_Leng@amat.com,WWO,C,C,,,,,,,0
174229,"Soh, Kian Heng Jayden","Santos, Sherwin",Sherwin_Santos@amat.com,WWO,C,C,,,,,,,0
174243,"Lim, Siew Poh","Leng, Wai Keong",WaiKeong_Leng@amat.com,WWO,C,C,,,,,,,0
174246,"Rusley, Nor Syahirah","Leong, Kok Meng",KokMeng_Leong@amat.com,WWO,,X1,,,,,,,1
174335,"Sivaraj, Ganesh","Chan, Steven",Steven_Chan@amat.com,WWO,C,C,,,,,,,0
174351,"Chia, Ching Keat","Wang, Ben Zongbin",Zongbin_Wang@amat.com,SPG,C,X1,,,,,,,1
174454,"Sim, York Tiong","Gregory, Sean J",Sean_J_Gregory@amat.com,AGS,C,C,,,,,,,0
174704,"Dzul, Muhd","Wong, Kim Soon",KimSoon_Wong@amat.com,WWO,C,X1,,,,,,,1
174713,"Lim, Darryl","Munirathnan Ganesan, Saravanan",Saravanan_Ganesan@amat.com,WWO,X1,C,,,,,,,1
174742,"Sieng Shee Keong, Desmond","Peh, Wee Kok",Wee_Kok_Peh@amat.com,WWO,C,C,,,,,,,0
174772,"Bin Muhamad, Nur Tauhid","Zhou, Li",Li_Zhou@amat.com,WWO,C,X1,,,,,,,1
174777,"Lai, Rhen Hwa","Lim, Cheng Hwee",CH_Lim@amat.com,WWO,C,X1,,,,,,,1
174782,"Bin Rahmat, Noor Hakym","Munirathnan Ganesan, Saravanan",Saravanan_Ganesan@amat.com,WWO,C,C,,,,,,,0
174785,"Bin Abdul Samad, Muhammad Hamni","Koh, Bok Lim",Bok_Lim_Koh@amat.com,WWO,C,C,,,,,,,0
174848,"Ho, Grace","Chan, Timothy",Timothy_Chan@amat.com,SPG,C,,,,,,,,0
174951,"Yeng, Kok Wey","Chin, Derrick",Derrick_Chin@amat.com,CSD,C,C,,,,,,,0
175002,"Packir Moheiadeen, Shahul Hameed Abbas Bukari","Cortes, Jose S.",Jose_S_Cortes@amat.com,WWO,,C,,,,,,,0
175003,"Santos, Canlas Michael Justine","Munirathnan Ganesan, Saravanan",Saravanan_Ganesan@amat.com,WWO,C,C,,,,,,,0
175134,"Paul, Dominic","Santos, Sherwin",Sherwin_Santos@amat.com,WWO,,X1,,,,,,,1
175138,"Sim, Kim Seong","Lam, Zadig",Zadig_Lam@amat.com,AGS,C,C,,,,,,,0
175173,"Soriano, Adolfo D","Munirathnan Ganesan, Saravanan",Saravanan_Ganesan@amat.com,WWO,C,C,,,,,,,0
175248,"Chong Siong, Chieng","Ang, Kok Wah",Kok_Wah_Ang@amat.com,QUA,X1,X2,,,,,,,2
175249,"Bin Rahmat, Muhammad Fauzie","Munirathnan Ganesan, Saravanan",Saravanan_Ganesan@amat.com,WWO,C,C,,,,,,,0
175250,"Soh, Hui Ming Gary","Li, Zhen",Zhen_Li@amat.com,AIT,C,C,,,,,,,0
175261,"Gabriel, Selvakumar","Munirathnan Ganesan, Saravanan",Saravanan_Ganesan@amat.com,WWO,C,C,,,,,,,0
175262,"JEGABAR ALI, SHEIK MOHAMED","Munirathnan Ganesan, Saravanan",Saravanan_Ganesan@amat.com,WWO,C,C,,,,,,,0
175267,"Bin Isa, Abdul Fattaah","Koh, Jeff",Jeff_Koh@amat.com,WWO,C,C,,,,,,,0
175309,"Arivanantham, M Selvin","Munirathnan Ganesan, Saravanan",Saravanan_Ganesan@amat.com,WWO,C,X1,,,,,,,1
175328,"Arumugam Venkada, Ashok","Ang, Kok Wah",Kok_Wah_Ang@amat.com,QUA,X1,X2,,,,,,,2
175329,"Lim, Wei Jie","Leong, Kok Meng",KokMeng_Leong@amat.com,WWO,C,C,,,,,,,0
175609,"Tan, Ee Beng","Ng, Sai kheong",Sai_kheong_Ng@amat.com,WWO,C,C,,,,,,,0
175657,"JANG, CHUN IL","Lee, Teck Koon",Teck_Koon_Lee@amat.com,AGS,X1,X2,,,,,,,2
175671,"Thia, Zhi Wei","Ng, Kim Hai",Kimhai_Ng@amat.com,WWO,X1,C,,,,,,,1
175687,"Velusamy, Saravanakumar","Ng, Kim Hai",Kimhai_Ng@amat.com,WWO,X1,X2,,,,,,,2
175690,"Ng, Kim Hai","Lousma, Matthew O",Matthew_Lousma@amat.com,WWO,C,C,,,,,,,0
175692,"Sasi Kumar, Govindan","Munirathnan Ganesan, Saravanan",Saravanan_Ganesan@amat.com,WWO,C,C,,,,,,,0
175693,"Kurunthazha, Shyju","Munirathnan Ganesan, Saravanan",Saravanan_Ganesan@amat.com,WWO,C,C,,,,,,,0
175893,"Swe Liam, Ang","Chan, Steven",Steven_Chan@amat.com,WWO,C,C,,,,,,,0
175971,"Shahul Hameed, Mohamed Moosha Malik","Munirathnan Ganesan, Saravanan",Saravanan_Ganesan@amat.com,WWO,X1,C,,,,,,,1
175977,"Wong, Dickson","Chia, Soon Kiat",Soon_Kiat_Chia@amat.com,WWO,C,C,,,,,,,0
176009,"SYAFIAH, NUR","Lonier, Robert A",Robert_Lonier@amat.com,QUA,C,C,,,,,,,0
176010,"YEE, JIUN SHYAN","Xie, Yong Liang (???)",Joe_Xie@amat.com,WWO,C,C,,,,,,,0
176011,"Sarga, Tiban","Munirathnan Ganesan, Saravanan",Saravanan_Ganesan@amat.com,WWO,C,X1,,,,,,,1
176012,"Thanakody, Thanarajan","Munirathnan Ganesan, Saravanan",Saravanan_Ganesan@amat.com,WWO,C,C,,,,,,,0
176014,"MALAIKKOLUNDHU, ALAGESAN","Munirathnan Ganesan, Saravanan",Saravanan_Ganesan@amat.com,WWO,X1,C,,,,,,,1
176018,"Tuazon, Michael G.","Santos, Sherwin",Sherwin_Santos@amat.com,WWO,,X1,,,,,,,1
176021,"Tee, Jeff","Ng, Jin Kiat",JinKiat_Ng@amat.com,CTO,C,,,,,,,,0
176051,"Zane, Chua","Sun, Cheng",Cheng_Sun@amat.com,SPG,C,C,,,,,,,0
176053,"Rajasekaran, Prabu","Munirathnan Ganesan, Saravanan",Saravanan_Ganesan@amat.com,WWO,C,C,,,,,,,0
176055,"Tan, Jian Zhen","Lim, Teow Beng",Teow_Beng_Lim@amat.com,WWO,C,C,,,,,,,0
176069,"Bin Syed Abdul Aziz, Syed Muhammad Noh","Leng, Wai Keong",WaiKeong_Leng@amat.com,WWO,C,X1,,,,,,,1
176080,"Rasid, Muhammad Aslam","Koh, Bok Lim",Bok_Lim_Koh@amat.com,WWO,X1,C,,,,,,,1
176081,"Saleh, Muhammad Shaifudin","Koh, Bok Lim",Bok_Lim_Koh@amat.com,WWO,X1,C,,,,,,,1
176122,"Hirayama, Koji Jack","Zhou, Li",Li_Zhou@amat.com,WWO,C,X1,,,,,,,1
176175,"Jaffar, Nazir","Munirathnan Ganesan, Saravanan",Saravanan_Ganesan@amat.com,WWO,,X1,,,,,,,1
176199,"Bin Ahmad, Mohamad Fauzi","Mohd Hassan, Abu Talib",Mohd_Hassan@amat.com,WWO,C,C,,,,,,,0
176200,"Keuk, Hock Seng","Peh, Wee Kok",Wee_Kok_Peh@amat.com,WWO,C,C,,,,,,,0
176221,"Chua, Xing Juan","Ng, Jin Kiat",JinKiat_Ng@amat.com,CTO,,C,,,,,,,0
176222,"Ganasan, Sarrean Raj","Ng, Kim Hai",Kimhai_Ng@amat.com,WWO,X1,C,,,,,,,1
176233,"Kok Chun, Law","Chia, Soon Kiat",Soon_Kiat_Chia@amat.com,WWO,X1,C,,,,,,,1
176236,"Rai, Santhosh","Munirathnan Ganesan, Saravanan",Saravanan_Ganesan@amat.com,WWO,X1,X2,,,,,,,2
176237,"William George, Jeffiery Roy","Ramasamy, Selvakumar",Selvakumar_Ramasamy@amat.com,AGS,C,X1,,,,,,,1
176256,"Isnin, Yusri Bin","Peh, Wee Kok",Wee_Kok_Peh@amat.com,WWO,X1,C,,,,,,,1
176264,"Koh, Melvin","Lim, Teow Beng",Teow_Beng_Lim@amat.com,WWO,X1,C,,,,,,,1
176301,"Tay, Zhi Wen, Desmond","Mohd Hassan, Abu Talib",Mohd_Hassan@amat.com,WWO,C,C,,,,,,,0
176337,"Kader Sultan, Mohamed Basurudeen","Peh, Wee Kok",Wee_Kok_Peh@amat.com,WWO,,X1,,,,,,,1
176540,"Yap, Chan Kok","Ng, Sai kheong",Sai_kheong_Ng@amat.com,WWO,,X1,,,,,,,1
176548,,,,,,X1,,,,,,,1
63452,,,,,X1,X2,,,,,,,2
64658,"Ho, Kevin","Kumar, Devender",Devender_Kumar@amat.com,GIS,C,C,,,,,,,0
64665,"Liu, Guang He","Kurkcu, Nihat",Nihat_Kurkcu@amat.com,WWO,C,C,,,,,,,0
64675,"Sia, Kok Lee","Char, Ming Sun",Ming_Sun_Char@amat.com,WWO,C,,,,,,,,0
64702,"Saw, Peck-Leng","Johnson, Christopher E",Eric_Finance_Johnson@amat.com,FIN,,C,,,,,,,0
66625,,,,,X1,,,,,,,,1
66947,,,,,X1,X2,,,,,,,2
67681,"Kim, Jong Min","Lee, Teck Koon",Teck_Koon_Lee@amat.com,AGS,C,C,,,,,,,0
67912,"Vinluan, Ricardo F","Soh, Kian Seng",Damien_Soh@amat.com,SPG,X1,X2,,,,,,,2
68454,"Loh, Kha Leong","Quah, Han Oon",Oliver_Quah@amat.com,AGS,,C,,,,,,,0
71032,,,,,X1,X1,,,,,,,2
71936,"Ang, Kok Wah","Conley, Andrew",Andrew_Conley@amat.com,WWO,C,,,,,,,,0
73902,"Seah, Chee Kheong","Banholzer, Thomas J",Tom_Banholzer@amat.com,CSD,C,C,,,,,,,0
74432,"Johnson, Christopher E","Read, Charles",Charles_Read@amat.com,FIN,,C,,,,,,,0
78902,,,,,,X1,,,,,,,1
79048,"Foo, Sei Wang Terence","Sithamparanathan, S.Kunalan",SKunalan_Sithamparanathan@amat.com,WWO,C,C,,,,,,,0
79144,"Tan, Chin Hock","Tesic, Lisa C",Lisa_Tesic@amat.com,WWO,X1,C,,,,,,,1
79182,"Chai, Meng Yih","Neo, Wee Chong",Wee_Chong_Neo@amat.com,WWO,X1,C,,,,,,,1
79509,"Hee, Jyh Chyang","Sundarrajan, Arvind",Arvind_Sundarrajan@amat.com,SPG,C,C,,,,,,,0
79955,"Soh, Kian Seng","Hee, Jyh Chyang",Dominic_Hee@amat.com,SPG,,C,,,,,,,0
79959,"Phang, Tze Kong","Lim, Wei Yang",WeiYang_Lim@amat.com,WWO,C,C,,,,,,,0
80178,"Mahfodz, Saipul Nizam","Ramasamy, Selvakumar",Selvakumar_Ramasamy@amat.com,AGS,C,,,,,,,,0
80686,"Lim, Teow Beng","Smith, David S",David_Smith@amat.com,WWO,C,C,,,,,,,0
80814,"Pang, Heok Cheng (???)","Cortes, Jose S.",Jose_S_Cortes@amat.com,WWO,X1,X2,,,,,,,2
81031,"See, Ek Chuan","Zhou, Li",Li_Zhou@amat.com,WWO,C,C,,,,,,,0
81266,,,,,X1,,,,,,,,1
82576,"Sng, Jin Tiong","Ng, David_FSO",David_Ng@amat.com,AGS,,C,,,,,,,0
83493,"Tay, Guan Hung","Quah, Han Oon",Oliver_Quah@amat.com,AGS,X1,,,,,,,,1
83867,"Tan, Kai Piang","Ryan, Conor",Conor_Ryan@amat.com,AGS,C,C,,,,,,,0
84571,"Neo, Wee Chong","Dorff, Brad W",Brad_Dorff@amat.com,WWO,C,C,,,,,,,0
86098,"Liew, Kai Liang","Castro, Joseph F",Joseph_Castro@amat.com,SPG,C,X1,,,,,,,1
86603,"Lee, Chee Kheong","Kurkcu, Nihat",Nihat_Kurkcu@amat.com,WWO,C,C,,,,,,,0
87259,"Chiu, Man Ming","Lim, Wei Yang",WeiYang_Lim@amat.com,WWO,C,C,,,,,,,0
87746,"Tay, Lee Guan","Seow, Desmond",Desmond_Seow@amat.com,AGS,C,,,,,,,,0
88049,"Kariakarfan, Vageswaran","Campbell, Douglas J",Douglas_Campbell@amat.com,WWO,C,,,,,,,,0
88969,"Leong, Weng Cheong","Zhou, Li",Li_Zhou@amat.com,WWO,C,,,,,,,,0
89133,"Garagan, Paulino E","Xie, Yong Liang (???)",Joe_Xie@amat.com,WWO,C,C,,,,,,,0
89415,,,,,X1,X1,,,,,,,2
x0100010,,,,,C,,,,,,,,0
x0100083,"Song Ming, Tan","Low, Queency",,WWO,C,C,,,,,,,0
x0100100,"Perth, Si","Pabroquez, Arlene",,CSD,C,C,,,,,,,0
x0100224,"Wong, Raymond","Pabroquez, Arlene",,CSD,C,C,,,,,,,0
x0100385,"RAJESH KUMAR, PUTTI","Hazlehurst, Richard",,SPG,C,C,,,,,,,0
x0100386,"Savitha, Suresh","Sun, Cheng",,SPG,X1,C,,,,,,,1
x0100827,"Weixiang, Ang","Boh, Kelvin",,SPG,,C,,,,,,,0
x0100870,"Saifudin, Bin Maskuri","Pabroquez, Arlene",,CSD,C,X1,,,,,,,1
x0101020,"Yoke Tim, Yap","Yap, Chin Po (YapChin Po)",,LEG,C,C,,,,,,,0
x0101040,"Regine, Leonardo Luna","Pabroquez, Arlene",,CSD,C,C,,,,,,,0
x0101204,"Chris, See","Seah, Chee Kheong",,CSD,C,,,,,,,,0
x0101338,"Jimenez, Dominador","Chin, Vui Khen (???)",,QUA,X1,C,,,,,,,1
x0101760,"Ramya, Ramalingam","Liu, Shuwei",,SPG,X1,X2,,,,,,,2
x0101972,"Bee Choo, Chew","Pabroquez, Arlene",,CSD,C,X1,,,,,,,1
x0102430,"Lawa, Dalawa","Chin, Vui Khen (???)",,QUA,C,C,,,,,,,0
x0102524,"Peter Joseph, Clemente","Pabroquez, Arlene",,CSD,X1,X2,,,,,,,2
x0102526,"Sew Ha, Neo","Pabroquez, Arlene",,CSD,C,X1,,,,,,,1
x0102659,"Yew Kuan, Ho","Chin, Vui Khen (???)",,QUA,C,X1,,,,,,,1
x0102660,"Choong Fatt, Ho","Chin, Vui Khen (???)",,QUA,C,C,,,,,,,0
x0102737,"Muhammad Amiruddin, Bin Zairudin","Pabroquez, Arlene",,CSD,C,C,,,,,,,0
x0102742,"Muniandy, Mathan","Ng, Kim Hai",,WWO,X1,X2,,,,,,,2
x0102857,"Michelle, Chong","Pabroquez, Arlene",,CSD,C,X1,,,,,,,1
x0102952,"Sim, Linda","Pabroquez, Arlene",,CSD,C,X1,,,,,,,1
x0103026,"Muhammad Adli Danish, Abdullah","See, Guan Huei",,SPG,,C,,,,,,,0
x0103090,,,,,C,,,,,,,,0
x0103133,"Bin Ismail, Muhamad Ziqkrul","Seah, Chee Kheong",,CSD,C,C,,,,,,,0
x0103571,"Bin Zainal, Mohamad","Kader Maideen, Mohamed Thaqif",,WWO,C,C,,,,,,,0
x0103572,"Kerk, Koon Nam","Kader Maideen, Mohamed Thaqif",,WWO,C,X1,,,,,,,1
x0103574,"Tan, Yeow Kim","Kader Maideen, Mohamed Thaqif",,WWO,X1,X2,,,,,,,2
x0103601,"Binte Litlay, Halfiah","Pabroquez, Arlene",,CSD,C,C,,,,,,,0
x0103629,"Cruz, Maria","Yeo, Derrick",,GIS,,C,,,,,,,0
x0103674,"Poh, Luang keng","Pabroquez, Arlene",,CSD,C,X1,,,,,,,1
x0103675,"Feng, Shi Guo","Pabroquez, Arlene",,CSD,C,C,,,,,,,0
x0103717,"Myo, Nyunt","Seah, Chee Kheong",,CSD,X1,X2,,,,,,,2
x0103959,"Winson Winson, Terence","Yap, Chin Po (YapChin Po)",,LEG,C,C,,,,,,,0
x0104099,"Zhi, YuGui (YuGui Zhi)","Pabroquez, Arlene",,CSD,C,X1,,,,,,,1
x0104497,"Kew, Wei Hao","See, Guan Huei",,SPG,C,C,,,,,,,0
x0104558,"Manzana, Hermosa","Pabroquez, Arlene",,CSD,C,C,,,,,,,0
x0104559,"ACEDO, DIVINA MARILEX TAN","Pabroquez, Arlene",,CSD,C,C,,,,,,,0
x0104632,"Malong C, Federico","Yap, Chin Po (YapChin Po)",,LEG,C,C,,,,,,,0
x0104814,"Ng, Kaize  Khai Teik","Chin, Vui Khen (???)",,QUA,C,C,,,,,,,0
x0104901,"Kumar, Karunakaran","Seah, Chee Kheong",,CSD,C,C,,,,,,,0
x0104964,"Koh, Benedict Zachary","Gautam, Ribhu",,SPG,C,C,,,,,,,0
x0105028,"Li, Jian Chang","Kader Maideen, Mohamed Thaqif",,WWO,C,C,,,,,,,0
x0105114,"Parmasivam, Sharmila","Ramasamy, Selvakumar",,AGS,,X1,,,,,,,1
x0105119,,,,,X1,X2,,,,,,,2
x0105219,,,,,C,,,,,,,,0
x0105238,"ZAL, HENDRY","Seah, Chee Kheong",,CSD,C,C,,,,,,,0
x0105281,"Chow, Kooi Hyan","Chin, Vui Khen (???)",,QUA,X1,C,,,,,,,1
x0105671,"Yan Long, Ji (JiYan Long)","Pabroquez, Arlene",,CSD,C,C,,,,,,,0
x0105695,"SUBRAMANIAM, SHANMUGAM","Santos, Sherwin",,WWO,X1,C,,,,,,,1
x0106032,,,,,C,C,,,,,,,0
x0106093,"Clarence, Chong","Wang, Xinxin",,SPG,C,X1,,,,,,,1
x0106181,"Koh, Eng Kok","Ng, Sai kheong",,WWO,C,C,,,,,,,0
x0106185,"Mohamed Khir, Muhammad Hafiz Bin","Soh, Boon Tiang",,WWO,C,C,,,,,,,0
x0106187,"Lim, Sin Han","Soh, Boon Tiang",,WWO,C,C,,,,,,,0
x0106260,"Murad, Abdul Matiin","Wong, Keat Choong",,WWO,C,C,,,,,,,0
x0106261,"Poon, Jian Wei Esmond","Wong, Keat Choong",,WWO,C,C,,,,,,,0
x0106370,"Jayalingam, Kishnu Kumar","Wong, Keat Choong",,WWO,X1,X2,,,,,,,2
x0106423,"Ahmad, Mohammed Rizuan","Wong, Keat Choong",,WWO,X1,C,,,,,,,1
x0106624,"Tan Yu Juin, Eugene","Koh, Bok Lim",,WWO,X1,X2,,,,,,,2
x0106787,"S Vyapury, Krishnaleela","Yap, Chin Po (YapChin Po)",,LEG,C,C,,,,,,,0
x0106795,"Parales B., Alex","Yap, Chin Po (YapChin Po)",,LEG,C,C,,,,,,,0
x0106939,"Xin, Wang","Seah, Chee Kheong",,CSD,C,C,,,,,,,0
x0107021,"Koh, Li Li Joann","Char, Ming Sun",,WWO,,C,,,,,,,0
x0107051,"Zainal Abidin, Muhammad Ya aqub Bin","Leong, Kok Meng",,WWO,X1,C,,,,,,,1
x0107280,"Ong, Edmund","Sivaraj, Ganesh",,WWO,C,C,,,,,,,0
x0107365,"Tho, Boon Hock","Soh, Boon Tiang",,WWO,C,C,,,,,,,0
x0107480,"Anuar, Muhammad Faris","Koh, Jeff",,WWO,X1,X2,,,,,,,2
x0107528,"Khan, Sajedul Islam Sunny","Wang, Ben Zongbin",,SPG,C,C,,,,,,,0
x0107685,,,,,X1,X2,,,,,,,2
x0107730,"NG, ZHUO QUN","Pabroquez, Arlene",,CSD,C,X1,,,,,,,1
x0107756,"Mohamed Ali, Mohd As?ari","Koh, Jeff",,WWO,X1,X2,,,,,,,2
x0107906,"IRISH JOY, EDRALIN","Pabroquez, Arlene",,CSD,C,C,,,,,,,0
x0107933,"Hj Ahmad Zaki, Abdul Hannan","Wong, Keat Choong",,WWO,C,C,,,,,,,0
x0108018,"Douglas Kading Chai, Wee Boon","Koh, Jeff",,WWO,X1,X2,,,,,,,2
x0108020,"Kahmis, Harith Haikel","Koh, Jeff",,WWO,C,C,,,,,,,0
x0108233,"BIN AHMAD RAFFIEE, AMIRUL HAKIM","Pabroquez, Arlene",,CSD,C,C,,,,,,,0
x0108272,"Bin Mohamad Hasnul, Mohamad Firdaus","Ng, Sai kheong",,WWO,C,C,,,,,,,0
x0108314,"Abdul Aziz, Mohammad Azhar","Kader Maideen, Mohamed Thaqif",,WWO,X1,X2,,,,,,,2
x0108401,"Lee, Xuan Ying","Chin Soon, Yap",,WWO,C,C,,,,,,,0
x0108469,"Omprakash Upadhya, Amit Upadhya S/O","Wong, Kim Soon",,WWO,C,C,,,,,,,0
x0108505,"Jong, Kiam Chun","Soh, Boon Tiang",,WWO,C,C,,,,,,,0
x0108531,"Chong, Jia Jun","Ng, Kim Hai",,WWO,X1,C,,,,,,,1
x0108585,"Lenkaswaran AL, Ramalingam","Kader Maideen, Mohamed Thaqif",,WWO,X1,X2,,,,,,,2
x0108611,"Rahmat, Farhan","Ng, Kim Hai",,WWO,X1,X2,,,,,,,2
x0112747,"Tia, Choon Huat","Kader Maideen, Mohamed Thaqif",,WWO,C,C,,,,,,,0
x0112909,"SEAH, JIAN HONG","Pabroquez, Arlene",,CSD,C,C,,,,,,,0
x0112910,"Lim, Beng Huat","Pabroquez, Arlene",,CSD,,C,,,,,,,0
x0112914,"Mustapa, Fa?eeza","Kader Maideen, Mohamed Thaqif",,WWO,C,C,,,,,,,0
x0113171,"Muniappan, Kishok Kumar","Koh, Jeff",,WWO,X1,X2,,,,,,,2
x0113328,"Lee, Ah Peng","Kader Maideen, Mohamed Thaqif",,WWO,C,C,,,,,,,0
x0113346,"Nill, Puvarasu periasamy","Leong, Kok Meng",,WWO,C,C,,,,,,,0
x0113508,"Ng, Soon Chye","Wong, Keat Choong",,WWO,C,C,,,,,,,0
x0113509,"Nelasilvan, Guginasen","Soh, Boon Tiang",,WWO,C,C,,,,,,,0
x0113709,"YAHYA, ANIAH","Pabroquez, Arlene",,CSD,C,,,,,,,,0
x0113710,"MANAP, SAPINAH","Pabroquez, Arlene",,CSD,,X1,,,,,,,1
x0113761,"Thurgathevi, Vathumalai","Yap, Chin Po (YapChin Po)",,LEG,C,C,,,,,,,0
x0113765,"Lai, Chin Hui","Kader Maideen, Mohamed Thaqif",,WWO,C,C,,,,,,,0
x0113766,"Foo, Ann Tin","Leong, Kok Meng",,WWO,C,C,,,,,,,0
x0113789,"Iqbal, Muhammad","Kader Maideen, Mohamed Thaqif",,WWO,X1,X2,,,,,,,2
x0113830,"Lee, Johnny","Leong, Kok Meng",,WWO,C,C,,,,,,,0
x0113832,"Borhan, Muhammad Ruzaini","Soh, Boon Tiang",,WWO,C,C,,,,,,,0
x0113879,"Juhaini, Muhammad Haziq","Peh, Wee Kok",,WWO,X1,C,,,,,,,1
x0113883,"A/L Kanesan, Muralitaran","Yap, Chin Po (YapChin Po)",,LEG,C,C,,,,,,,0
x0113899,,,,,C,,,,,,,,0
x0113922,"Kyaw, Myo","Seah, Chee Kheong",,CSD,C,C,,,,,,,0
x0114008,"Sulaiman, Muhammad Syairazi","Ng, Sai kheong",,WWO,C,C,,,,,,,0
x0114012,"Rahmat, Natrah","Koh, Jeff",,WWO,X1,C,,,,,,,1
x0114016,"Jumiat, Muhammad Sufian","Soh, Boon Tiang",,WWO,C,C,,,,,,,0
x0114017,"Mustajab, Abdul Majid","Soh, Boon Tiang",,WWO,C,C,,,,,,,0
x0114018,"Mazlan, Muhammad Haffiz","Wong, Keat Choong",,WWO,C,C,,,,,,,0
x0114135,"Azahari, Muhammad Nurhafi Bin Mohamed","Mohd Hassan, Abu Talib",,WWO,X1,X2,,,,,,,2
x0114193,"Badjenid, Shaikh","Koh, Jeff",,WWO,X1,X2,,,,,,,2
x0114264,"Wan Zaludin, Wan Nazirul Ameer","Wong, Keat Choong",,WWO,C,C,,,,,,,0
x0114302,"Abdul Rahman, Muhammad Fiqri","Peh, Wee Kok",,WWO,C,C,,,,,,,0
x0114321,"Ng, Yao Rui","Koh, Jeff",,WWO,C,C,,,,,,,0
x0114459,"Hamdan, Muhammad Suffian","Ng, Kim Hai",,WWO,X1,C,,,,,,,1
x0114496,"EE, JIA MIN","Koh, Bok Lim",,WWO,X1,X2,,,,,,,2
x0114499,"ESPIRITU, JONEVEIVE","Pabroquez, Arlene",,CSD,C,C,,,,,,,0
x0114505,"Rosman, Muhammad Iskandar Bin","Leong, Kok Meng",,WWO,C,X1,,,,,,,1
x0114506,"Low, Yeet Ly","Kader Maideen, Mohamed Thaqif",,WWO,X1,C,,,,,,,1
x0114507,"Sariman, Siti Umairah","Kader Maideen, Mohamed Thaqif",,WWO,X1,X2,,,,,,,2
x0114587,"Wong, Siong Hua","Le, Nam",,SPG,C,C,,,,,,,0
x0114589,"Subramaniam, Selvakumari","Yap, Chin Po (YapChin Po)",,LEG,C,C,,,,,,,0
x0114699,"Zainal, Zainuddin Bin","Wang, Ben Zongbin",,SPG,C,C,,,,,,,0
x0114829,"Mohd Indra, Shaufy Sufyan Bin","Kang, Zhang",,SPG,C,C,,,,,,,0
x0115155,"Ham, Jordan","Chin, Vui Khen (???)",,QUA,C,C,,,,,,,0
x0115361,"Razali, Firas Fitri Bin","Mohd Hassan, Abu Talib",,WWO,C,C,,,,,,,0
x0115412,"Kwek, Tze Kok (Guo CiGuo)","Ng, Sai kheong",,WWO,X1,C,,,,,,,1
x0115413,"Salleh Udin, Faza","Ng, Sai kheong",,WWO,C,C,,,,,,,0
x0115420,"Puthumangala, Nikhil","Lim, Wei Yang",,WWO,C,C,,,,,,,0
x0115427,"Chew, Zuo Han Aaron","Yaoying, Zhong",,SPG,C,C,,,,,,,0
x0115448,"Nazarudin, Nazar Ali Bin","Chin, Derrick",,CSD,X1,C,,,,,,,1
x0115494,"CHUA, JING WEN","Pabroquez, Arlene",,CSD,C,C,,,,,,,0
x0115648,"Chidambaram, Palaniappan","Babu, Sarath",,SPG,X1,C,,,,,,,1
x0115766,"Mohamed Zaaini, Muhammad Sufyan","Koh, Jeff",,WWO,C,X1,,,,,,,1
x0115767,"bin Abdul Khalid, Muhammad Basyir","Koh, Jeff",,WWO,X1,X2,,,,,,,2
x0115816,"BIN HUSSIN, MUHAMMAD ARSYAD","Pabroquez, Arlene",,CSD,X1,C,,,,,,,1
x0116109,"Seneman, Iis Nasyitah","Seah, Chee Kheong",,CSD,C,C,,,,,,,0
x0116125,"Yusof, Yanti","Kader Maideen, Mohamed Thaqif",,WWO,C,C,,,,,,,0
x0116239,"Soh, Jay Min","Wu, Mengxue",,SPG,X1,X2,,,,,,,2
x0116270,"Nguyen, Ngoc Han","Seah, Chee Kheong",,CSD,C,C,,,,,,,0
x0116271,"NAUFAL, IRFAN","Pabroquez, Arlene",,CSD,C,C,,,,,,,0
x0116437,"Devendran, Suresh","Seah, Chee Kheong",,CSD,X1,C,,,,,,,1
x0116485,"Koh, Remus","Wang, Ben Zongbin",,SPG,C,X1,,,,,,,1
x0116665,"Khant, Ye Min","Seah, Chee Kheong",,CSD,C,C,,,,,,,0
x0116738,,,,,C,C,,,,,,,0
x0116864,"Umila Sanchez, Evan Morris","Rastegar, Abbas",,SPG,X1,C,,,,,,,1
x0116893,"Shen, Zheng","Soh, Kian Seng",,SPG,C,C,,,,,,,0
x0116974,"Kamis, Siti Ruzainah","Kader Maideen, Mohamed Thaqif",,WWO,X1,X2,,,,,,,2
x0117034,"Liau, Marc Siong Eng","Chin, Vui Khen (???)",,QUA,C,C,,,,,,,0
x0117035,"Bao, Nina","Liu, Shuwei",,SPG,C,C,,,,,,,0
x0117036,"Yusof Lee, Muhammad Hafeez Lee Bin","Hazlehurst, Richard",,SPG,C,,,,,,,,0
x0117207,"Vanaikutty, Gunaseelan","Ng, Kim Hai",,WWO,C,C,,,,,,,0
x0117213,"CHUNG, PING LUN","Chin, Vui Khen (???)",,QUA,,X1,,,,,,,1
x0117289,,,,,C,C,,,,,,,0
x0117320,"Goh, Chee Keong","Chin, Vui Khen (???)",,QUA,,C,,,,,,,0
x0117348,Min Tun Ye,"Seah, Chee Kheong",,CSD,C,C,,,,,,,0
x0117400,"Tay, Yi Yang Gabriel","Seah, Chee Kheong",,CSD,C,C,,,,,,,0
x0117509,"B Zakaria, Muhamad Yatim","Seah, Chee Kheong",,CSD,X1,C,,,,,,,1
x0117980,"Mohamed Helmi Isik, Nur Yasmeen Addina Binte","See, Guan Huei",,SPG,,C,,,,,,,0
x0117981,"Chua, Boon Jin","Leng, Wai Keong",,WWO,X1,X2,,,,,,,2
x0117983,"Delgado, Nino Dexter","Seah, Chee Kheong",,CSD,C,X1,,,,,,,1
x0117984,"Choo, Bernard Zhe Ping","Seah, Chee Kheong",,CSD,X1,X2,,,,,,,2
x0118008,"SENONG, NADIA","Pabroquez, Arlene",,CSD,C,C,,,,,,,0
x0118009,"Nguyen, Hang","Seah, Chee Kheong",,CSD,C,X1,,,,,,,1
x0118010,,,,,C,C,,,,,,,0
x0118032,"Sim, Tze Hao","Wong, Keat Choong",,WWO,C,C,,,,,,,0
x0118033,"Alagapan, Jagatisan","Ng, Sai kheong",,WWO,C,C,,,,,,,0
x0118113,"Shohel, Shohel","Pabroquez, Arlene",,CSD,X1,X2,,,,,,,2
x0118232,"Sariff, Muhamad Sharul","Pabroquez, Arlene",,CSD,C,C,,,,,,,0
x0118263,"Muhammad Bahri, Muhammad Faeez Shah","Yap, Chin Po (YapChin Po)",,LEG,C,C,,,,,,,0
x0118335,"Ton, Pai Hong","Chin Soon, Yap",,WWO,C,C,,,,,,,0
x0118384,"Mohamed Sahari, Mohd Shamiredzuan","Koh, Jeff",,WWO,X1,X2,,,,,,,2
x0118406,"Vuluknathan, Krishnan","Wong, Keat Choong",,WWO,X1,X2,,,,,,,2
x0118407,"Chong, Fook Chuen","Wong, Keat Choong",,WWO,C,C,,,,,,,0
x0118550,"Perumal, Suresh","Soh, Boon Tiang",,WWO,C,C,,,,,,,0
x0118618,"Mustajab, Muhammad Roshidi Bin","Ng, Sai kheong",,WWO,X1,X2,,,,,,,2
x0118619,"Ramesh, Komol","Seah, Chee Kheong",,CSD,C,C,,,,,,,0
x0118641,"Nasir, Muhammad Firdaus","Seah, Chee Kheong",,CSD,C,C,,,,,,,0
x0118706,,,,,C,X1,,,,,,,1
x0118710,"BALAKRISHNAN, PARAMASIVAM","Seah, Chee Kheong",,CSD,C,C,,,,,,,0
x0118711,"Thangaraj, Palanivel","Seah, Chee Kheong",,CSD,C,C,,,,,,,0
x0118713,"RAJENDRAN, PAKKIYARAJ","Seah, Chee Kheong",,CSD,C,C,,,,,,,0
x0118714,"SHANMUGARAJ, SURESH","Seah, Chee Kheong",,CSD,C,C,,,,,,,0
x0118739,"Lou, Peng","Wang, Ben Zongbin",,SPG,X1,X2,,,,,,,2
x0118741,"S/O Alakirisamy, Ragupathy","Koh, Jeff",,WWO,C,C,,,,,,,0
x0118754,"Bin Abdul Rashid, Mohammad Khidir","Santos, Sherwin",,WWO,C,X1,,,,,,,1
x0118755,,,,,X1,X2,,,,,,,2
x0118779,"Heng, Lee Ing","Soh, Kian Seng",,SPG,C,X1,,,,,,,1
x0118811,"Wong, Wei Hung","Seah, Chee Kheong",,CSD,,C,,,,,,,0
x0118821,"Mohamad Sani, Mohamad Azrull","Kader Maideen, Mohamed Thaqif",,WWO,C,X1,,,,,,,1
x0118826,"Theodore, Ricky","Wang, Xinxin",,SPG,C,X1,,,,,,,1
x0118827,"Cheng, Zheng","Wu, Mengxue",,SPG,X1,X2,,,,,,,2
x0118828,"Foo, Chuan Yew","Song, Jiao",,SPG,C,C,,,,,,,0
x0118829,"Gao, Weixi","Yaoying, Zhong",,SPG,C,X1,,,,,,,1
x0118841,,,,,C,,,,,,,,0
x0118843,"Cheng, Ting","Wei, Junqi (???)",,SPG,X1,C,,,,,,,1
x0119016,"Yee, Weng Ann","Soh, Boon Tiang",,WWO,C,C,,,,,,,0
x0119027,"Tan, Koon Aun Alex","Soh, Boon Tiang",,WWO,C,C,,,,,,,0
x0119093,"Subramanian, Alagu","Seah, Chee Kheong",,CSD,C,C,,,,,,,0
x0119094,"Ilayaraja, Alagu","Seah, Chee Kheong",,CSD,C,X1,,,,,,,1
x0119124,"Soo, Siew Chuan","Wong, Keat Choong",,WWO,C,C,,,,,,,0
x0119127,"Choo, Kim Seng","Pabroquez, Arlene",,CSD,,C,,,,,,,0
x0119128,"Sumit, Rosman","Pabroquez, Arlene",,CSD,C,X1,,,,,,,1
x0119155,"Chan, Si En","See, Guan Huei",,SPG,C,C,,,,,,,0
x0119206,"Seow, Chee Siong","Kader Maideen, Mohamed Thaqif",,WWO,C,C,,,,,,,0
x0119266,"Liew, Kian Hoe","Singh, Jacjit",,WWO,X1,X2,,,,,,,2
x0119308,"Tan, Ho Yang Bryan","Santos, Sherwin",,WWO,C,X1,,,,,,,1
x0119329,"Chan, Wen Xuan","Leng, Wai Keong",,WWO,X1,C,,,,,,,1
x0119396,"Bin Rashid, Mohammad Tarmizi","Chin Soon, Yap",,WWO,C,C,,,,,,,0
x0119427,"Mohd Samman, Ahmad Haziq","Koh, Jeff",,WWO,X1,X2,,,,,,,2
x0119522,"Wong, Hong Liang","Soh, Boon Tiang",,WWO,C,C,,,,,,,0
x0119523,"P, Hariprasath","Koh, Jeff",,WWO,C,X1,,,,,,,1
x0119553,"Chua, Si En Jodi","Chen, Nuno Yen-Chu",,SPG,C,X1,,,,,,,1
x0119554,"Singh, Govin","Swe Liam, Ang",,WWO,C,C,,,,,,,0
x0119612,"Koh, Serlyna","Yeo, Juliana",,HRM,C,C,,,,,,,0
x0119615,"Murugiah, Vineshkumar","Wong, Keat Choong",,WWO,X1,X2,,,,,,,2
x0119617,"Kee, Yong Chai","Sivaraj, Ganesh",,WWO,X1,X2,,,,,,,2
x0119619,"Bin Khirman, Mohamad Kamaruddin","Mohd Hassan, Abu Talib",,WWO,X1,X2,,,,,,,2
x0119640,"Azlan, Danial Farihin","Leng, Wai Keong",,WWO,X1,C,,,,,,,1
x0119692,"Tan, Yen Ling","Pabroquez, Arlene",,CSD,C,C,,,,,,,0
x0119700,"Bin Zakaria, Khairul Amrien","Wong, Kim Soon",,WWO,X1,X2,,,,,,,2
x0119736,"Murali, Thumbi Chandriah","Seah, Chee Kheong",,CSD,C,C,,,,,,,0
x0119737,"Balasundram, Kumaran","Seah, Chee Kheong",,CSD,C,C,,,,,,,0
x0119805,"Shaharuddin, Aminuddin Bin","Santos, Sherwin",,WWO,X1,X2,,,,,,,2
x0119806,"Bin Mohd Mulyana, Muhammad Ino Indera","Santos, Sherwin",,WWO,C,C,,,,,,,0
x0119807,"Ameen, Muhammad Junaid Azli","Wong, Kim Soon",,WWO,X1,X2,,,,,,,2
x0119808,"Sng, Jessie Pei Jing","Santos, Sherwin",,WWO,X1,X2,,,,,,,2
x0119810,"Aljunied, Syed Muhammad Zaki","Soh, Boon Tiang",,WWO,C,C,,,,,,,0
x0119834,"Tan, Wah Guan","Koh, Bok Lim",,WWO,X1,X2,,,,,,,2
x0119837,"Lau, Ming Shiuan Samuel","Wong, Kim Soon",,WWO,X1,X2,,,,,,,2
x0119838,"Bin Wahid, Muhammad Faiz","Mohd Hassan, Abu Talib",,WWO,X1,C,,,,,,,1
x0119839,"Bin Nasip, Mohammad Fadhil","Wong, Kim Soon",,WWO,C,X1,,,,,,,1
x0119909,"Bin Mohd Lazis, Muhammad Fitri","Chia, Soon Kiat",,WWO,C,C,,,,,,,0
x0119911,"Neo, Winson","Gautam, Ribhu",,SPG,,X1,,,,,,,1
x0119969,"M Kalimuthu, Sanjikumar","Wong, Keat Choong",,WWO,C,C,,,,,,,0
x0119970,"Md Dali, Khairul Anuar","Wong, Keat Choong",,WWO,C,C,,,,,,,0
x0119971,"Sanmugan, Naveen","Wong, Keat Choong",,WWO,C,,,,,,,,0
x0120003,"Abdul Sani, Muhammad Sufiyan Bin","Leong, Kok Meng",,WWO,X1,X2,,,,,,,2
x0120004,"Toh, Ruo Xuan, Jace","Soon, Khim Tiong",,SPG,C,C,,,,,,,0
x0120006,"Cheong, Poh Wah Alastair","Koh, Jeff",,WWO,C,C,,,,,,,0
x0120037,"Sethu Madhavan, Kishan Menon","Soh, Boon Tiang",,WWO,C,C,,,,,,,0
x0120038,"Narayanan, Moganes","Soh, Boon Tiang",,WWO,X1,C,,,,,,,1
x0120039,"Palanisamy, Mathivanan","Santos, Sherwin",,WWO,X1,C,,,,,,,1
x0120043,"Lim, Chin Hock","Chin Soon, Yap",,WWO,C,C,,,,,,,0
x0120044,"Lim, Kai Sheng Daryl","Wong, Keat Choong",,WWO,X1,X2,,,,,,,2
x0120045,"Lee, Chi Kheong","Wong, Keat Choong",,WWO,C,C,,,,,,,0
x0120046,"Abdul Kadir, Muhammad Hilmi","Wong, Keat Choong",,WWO,C,C,,,,,,,0
x0120073,"Ismail, Ismail","Seah, Chee Kheong",,CSD,X1,C,,,,,,,1
x0120074,"Suing, Wilson","Seah, Chee Kheong",,CSD,C,C,,,,,,,0
x0120075,"Jantan, Safarudin Bin","Yap, Chin Po (YapChin Po)",,LEG,C,C,,,,,,,0
x0120178,"Rahmat, Nurul Syariza Binte","Leong, Kok Meng",,WWO,X1,C,,,,,,,1
x0120179,"Jayaprakash, Panneerselvam","Koh, Bok Lim",,WWO,C,C,,,,,,,0
x0120180,"Rajendran, Sunilprashanth","Chin, Derrick",,CSD,X1,X2,,,,,,,2
x0120204,"Abdullah, Muhammad Amsyar","Koh, Jeff",,WWO,X1,X2,,,,,,,2
x0120229,"Jamalludin, Muhammad Dary Asyraf","Koh, Jeff",,WWO,C,X1,,,,,,,1
x0120293,"Tan, Choon Hai","Chin Soon, Yap",,WWO,X1,X2,,,,,,,2
x0120294,"Kamalluddin, Khaleellolah Bin","Santos, Sherwin",,WWO,X1,X2,,,,,,,2
x0120295,"Bin Mohamed Isa, Shaik Amirul","Wong, Kim Soon",,WWO,,C,,,,,,,0
x0120297,"Heng, Jason Siak Heong","Lim, Chin Hui",,WWO,X1,X2,,,,,,,2
x0120299,"Saiful Bahri, Adli","Soh, Boon Tiang",,WWO,C,C,,,,,,,0
x0120321,"AB Rashid, Mohamad Mujib","Koh, Bok Lim",,WWO,X1,X2,,,,,,,2
x0120323,"Aw, Seng Chiew","Wong, Keat Choong",,WWO,C,C,,,,,,,0
x0120324,"Francis Raj, Arulnathan","Wong, Keat Choong",,WWO,C,C,,,,,,,0
x0120325,"Perhat Abbas, Raja Farhat Firdaus","Wong, Keat Choong",,WWO,C,C,,,,,,,0
x0120365,"Chua, Zhen Ye","Wu, Mengxue",,SPG,X1,X2,,,,,,,2
x0120410,"Mohammed Iqbal, Abdul Salam","Ng, Sai kheong",,WWO,C,C,,,,,,,0
x0120463,"Bin Azman, Muhammad Khidir","Koh, Jeff",,WWO,X1,X2,,,,,,,2
x0120464,"Arujunan, Sarath Babu","Kader Maideen, Mohamed Thaqif",,WWO,X1,X2,,,,,,,2
x0120465,"Hean, Yee Piang","Kader Maideen, Mohamed Thaqif",,WWO,X1,X2,,,,,,,2
x0120468,"Rajmohan, Rajmohan","Chia, Soon Kiat",,WWO,X1,C,,,,,,,1
x0120488,"Ruslan, Muhammad Suffiyannuddin Bin","Ng, Sai kheong",,WWO,C,C,,,,,,,0
x0120537,"Manickkam, Murthi","Chin Soon, Yap",,WWO,X1,X2,,,,,,,2
x0120538,"Zaharudin, Zairilshah","Soh, Boon Tiang",,WWO,C,C,,,,,,,0
x0120542,"Bin Jumahat, Muhammad Salman","Mohd Hassan, Abu Talib",,WWO,X1,C,,,,,,,1
x0120602,"Bin Hamzah, Dzulqifli","Leong, Kok Meng",,WWO,X1,C,,,,,,,1
x0120631,"Bin Ramli, Mohammad Faizal","Leong, Kok Meng",,WWO,X1,X2,,,,,,,2
x0120632,"Amer, Muhammad Nour Ashraaf Bin","Leong, Kok Meng",,WWO,X1,X2,,,,,,,2
x0120647,"Chin, Chih Han","Leng, Wai Keong",,WWO,C,C,,,,,,,0
x0120648,"Kassim, Mohammad Yusof Bin","Chin Soon, Yap",,WWO,X1,C,,,,,,,1
x0120706,"Mohamad Akhir, Mohamad Faad","Soh, Boon Tiang",,WWO,C,C,,,,,,,0
x0120742,"Hu, Kendrick Zhan Hua","Santos, Sherwin",,WWO,C,X1,,,,,,,1
x0120743,"Selamany, Rishi Kumar","Santos, Sherwin",,WWO,C,,,,,,,,0
x0120752,"Varghese, Sober Sam","Swe Liam, Ang",,WWO,C,C,,,,,,,0
x0120753,"Wong, Yen Shang","Ng, Sai kheong",,WWO,C,C,,,,,,,0
x0120807,"Binte Hidayat, Siti Nur Dinah","Koh, Jeff",,WWO,C,C,,,,,,,0
x0120839,"Tan, Xiu Ting","Ng, Jin Kiat",,CTO,C,C,,,,,,,0
x0120878,"Bin Mohd Fairus, Mohammad Danish Harraz","Koh, Bok Lim",,WWO,C,C,,,,,,,0
x0120880,"Bin Razali, Muhammad Hafiz","Leng, Wai Keong",,WWO,C,C,,,,,,,0
x0120911,"Ramle, Muhammad Radhi","Wong, Keat Choong",,WWO,C,C,,,,,,,0
x0120912,"Omar, Ahmad Fadhil","Wong, Keat Choong",,WWO,C,C,,,,,,,0
x0120962,"Bin Omar, Nur Shodiqiin","Leong, Kok Meng",,WWO,C,C,,,,,,,0
x0120988,"Tee, Tony Wern Yet","Pabroquez, Arlene",,CSD,C,,,,,,,,0
x0121023,"Suresh Kumar, Kishan","Kader Maideen, Mohamed Thaqif",,WWO,C,X1,,,,,,,1
x0121056,"Samsudin, Muhammad Syahin Bin","Leong, Kok Meng",,WWO,C,C,,,,,,,0
x0121096,"Ramlee, Mohamad Shafique","Koh, Jeff",,WWO,C,X1,,,,,,,1
x0121097,"Azhar, Nur Azrin","Koh, Jeff",,WWO,X1,X2,,,,,,,2
x0121098,"Kemat, Qamarul Arifin","Koh, Jeff",,WWO,X1,X2,,,,,,,2
x0121099,"Mas Shibul Bakhri, Muhammad Faizul","Koh, Jeff",,WWO,X1,C,,,,,,,1
x0121105,"BIN MOHD FAIRUS, MOHAMMAD LUTFIL HADI","Koh, Bok Lim",,WWO,X1,C,,,,,,,1
x0121123,"Bin Rahmat, Hairulnizam","Wong, Kim Soon",,WWO,C,C,,,,,,,0
x0121124,"Bin Mohamed Omar, Mohamed Nazri","Leng, Wai Keong",,WWO,C,X1,,,,,,,1
x0121127,"Bin Mohamed Omar, Mohamed Nazmi","Leng, Wai Keong",,WWO,X1,X2,,,,,,,2
x0121129,"Lau, Chi Chuen","Ng, Kim Hai",,WWO,C,C,,,,,,,0
x0121147,"Murugan, Somanathan","Pabroquez, Arlene",,CSD,C,X1,,,,,,,1
x0121150,"Bin Mohamed Omar, Mohamed Nazrul","Wong, Kim Soon",,WWO,C,C,,,,,,,0
x0121195,,,,,X1,X2,,,,,,,2
x0121196,"Lam, Kok Meng","Seah, Chee Kheong",,CSD,X1,X2,,,,,,,2
x0121278,"Thirunavukarasu, Bimal Arivin","Koh, Bok Lim",,WWO,C,C,,,,,,,0
x0121279,"Noordin, Noor Hakim Bin","Swe Liam, Ang",,WWO,C,,,,,,,,0
x0121339,"Lim, Chen Yang","Kader Maideen, Mohamed Thaqif",,WWO,C,X1,,,,,,,1
x0121343,"Ong, Chun Guan Benny","Kader Maideen, Mohamed Thaqif",,WWO,C,C,,,,,,,0
x0121368,"Oh, Yi Sen","Seah, Chee Kheong",,CSD,C,C,,,,,,,0
x0121369,"Tan, Sin Yew Bernard","Seah, Chee Kheong",,CSD,C,C,,,,,,,0
x0121370,"Teh, Wei Pin","Seah, Chee Kheong",,CSD,C,C,,,,,,,0
x0121372,"Bin Mohd Radhi, Mohammad Farhan Rabbani","Swe Liam, Ang",,WWO,C,C,,,,,,,0
x0121373,"Raja Mani, Puvinder","Chin Soon, Yap",,WWO,C,C,,,,,,,0
x0121465,"AZMAN, SHAFIQ","Sivaraj, Ganesh",,WWO,C,C,,,,,,,0
x0121468,"Bin Azman, Mohammad Haziq","Leong, Kok Meng",,WWO,X1,C,,,,,,,1
x0121473,"Ashraful, Ashraful","Seah, Chee Kheong",,CSD,X1,C,,,,,,,1
x0121513,"Lim, Eileen Wan Ting","Lim, Wei Yang",,WWO,C,C,,,,,,,0
x0121606,"Assideq, Mohamad Iqraq","Koh, Jeff",,WWO,C,C,,,,,,,0
x0121640,"Zulhilmi, Afiqul Adib","Ng, Kim Hai",,WWO,X1,X2,,,,,,,2
x0121641,"Balakrishnan, Mageswaran","Ng, Kim Hai",,WWO,C,X1,,,,,,,1
x0121645,"Azman, Siti Nur-Atikah","Soh, Boon Tiang",,WWO,C,C,,,,,,,0
x0121646,"Mohamed Nasir, Ahmad Khairul Anwar","Soh, Boon Tiang",,WWO,C,C,,,,,,,0
x0121647,"Low, Chee Seong","Pabroquez, Arlene",,CSD,C,,,,,,,,0
x0121649,"Roslee, Muhammad Nur Alif","Koh, Bok Lim",,WWO,C,C,,,,,,,0
x0121658,"Bin Abdul Rahim, Razali","Koh, Jeff",,WWO,C,C,,,,,,,0
x0121688,"Anuar Khan, Azzmeera Jan Binte","Ng, Sai kheong",,WWO,C,C,,,,,,,0
x0121701,"Bin Mohamed Haroun, Mohamed Hanis Syahmie","Santos, Sherwin",,WWO,C,C,,,,,,,0
x0121703,"Norshah, Muhammad Aliff Bin","Chin Soon, Yap",,WWO,C,,,,,,,,0
x0121708,"Chua, Kee Keong (Cai Qi Qiang)","Chin Soon, Yap",,WWO,C,C,,,,,,,0
x0121727,"AB?Rahman, Khuzairie","Ng, Kim Hai",,WWO,X1,X2,,,,,,,2
x0121728,"Yeong, Kin Foeng","Kader Maideen, Mohamed Thaqif",,WWO,C,C,,,,,,,0
x0121729,"Koothappan, Selvaraj","Seah, Chee Kheong",,CSD,C,C,,,,,,,0
x0121785,"Zainol Abidin, Muhammad Fahmi","Soh, Boon Tiang",,WWO,C,C,,,,,,,0
x0121835,"Bin Sairi, Ari Ryandi","Koh, Bok Lim",,WWO,C,C,,,,,,,0
x0121842,"Tan, Chun Leong","Wong, Keat Choong",,WWO,C,,,,,,,,0
x0121843,"Ramzan, Muhammad Izz Khairul Bin","Sivaraj, Ganesh",,WWO,C,C,,,,,,,0
x0121844,"Bin Nazri, Muhamad Amirul Adli","Swe Liam, Ang",,WWO,C,C,,,,,,,0
x0121910,"Ong, Jing Xian","Sivaraj, Ganesh",,WWO,X1,X2,,,,,,,2
x0121953,"Chua, Khai Shuen","Lim, Cheng Hwee",,WWO,C,C,,,,,,,0
x0121990,"Arulselvam, Raageshwari","Charn, Tze Howe",,AIT,X1,C,,,,,,,1
x0122075,"Mohamed Nazir, Muhammad Syafiq","Ng, Kim Hai",,WWO,X1,C,,,,,,,1
x0122091,"Kumaran, Jothi","Seah, Chee Kheong",,CSD,X1,C,,,,,,,1
x0122105,"Soetarso, Patrick Louie","Wu, Mengxue",,SPG,C,C,,,,,,,0
x0122107,"Han, Lan Chih","Peh, Wee Kok",,WWO,C,C,,,,,,,0
x0122109,"Hamzah, Khairul Asyraff Bin","Koh, Bok Lim",,WWO,X1,X2,,,,,,,2
x0122117,"Amirudin, Fazli Bin","Pabroquez, Arlene",,CSD,X1,C,,,,,,,1
x0122119,"Murugiah, Christopher Paul","Koh, Jeff",,WWO,C,C,,,,,,,0
x0122158,"Chee Kong, Yap","Chin, Derrick",,CSD,C,C,,,,,,,0
x0122276,"Chua, Shao Cong","Zhou, Li",,WWO,C,C,,,,,,,0
x0122284,"Sadakatulla, Muhammad Sathiq Bin","Chin Soon, Yap",,WWO,X1,X2,,,,,,,2
x0122285,"Elanggoh, Haree Kannan","Swe Liam, Ang",,WWO,C,C,,,,,,,0
x0122302,"Rasid, Muhammad Ali","Swe Liam, Ang",,WWO,C,X1,,,,,,,1
x0122320,"Shaharuddin, Izz Irfan Bin","Soh, Boon Tiang",,WWO,C,C,,,,,,,0
x0122420,"Lu, Say Yam","Kader Maideen, Mohamed Thaqif",,WWO,X1,C,,,,,,,1
x0122428,"Atendido, Alexis Ralphael Salao","Swe Liam, Ang",,WWO,X1,X2,,,,,,,2
x0122454,"Wong, Kok Fui Kerwin","Chin Soon, Yap",,WWO,C,C,,,,,,,0
x0122455,"Kamal, Aminurashid","Swe Liam, Ang",,WWO,X1,X2,,,,,,,2
x0122493,"Ghazanfar, Mohammed Fazil","Mohd Hassan, Abu Talib",,WWO,X1,X2,,,,,,,2
x0122523,"Kuan, Jackson","Chin Soon, Yap",,WWO,X1,X2,,,,,,,2
x0122560,"Chandraseker, Suriya Kummar S/O","Chin Soon, Yap",,WWO,X1,X2,,,,,,,2
x0122562,"Azis, Muhammad Adib Bin","Peh, Wee Kok",,WWO,X1,X2,,,,,,,2
x0122564,"Tan, Ke Xin","Santos, Sherwin",,WWO,C,C,,,,,,,0
x0122570,"Jun Hao, Jeremy Goh","Swe Liam, Ang",,WWO,X1,X2,,,,,,,2
x0122577,"Thirugnanam, Naveenan","Seah, Chee Kheong",,CSD,X1,C,,,,,,,1
x0122667,"ANUAR, ZULFIQA","Sivaraj, Ganesh",,WWO,C,C,,,,,,,0
x0122668,"Sanusi, Faisal","Leng, Wai Keong",,WWO,X1,X2,,,,,,,2
x0122669,"Suhaimi, Faiz","Sivaraj, Ganesh",,WWO,X1,X2,,,,,,,2
x0122670,"Balkiah, Muhammad Khairi Bin","Leng, Wai Keong",,WWO,C,X1,,,,,,,1
x0122671,"Bin Hussin, Ahmad Nufayl","Chin Soon, Yap",,WWO,C,C,,,,,,,0
x0122672,"Abu Bakar, Marino Bin","Swe Liam, Ang",,WWO,C,C,,,,,,,0
x0122673,"Haque, Ashraful","Seah, Chee Kheong",,CSD,X1,X2,,,,,,,2
x0122687,"Rahman, Md Mizanur","Seah, Chee Kheong",,CSD,C,C,,,,,,,0
x0122688,"Calinao, Ronneil","Seah, Chee Kheong",,CSD,X1,X2,,,,,,,2
x0122689,"Lau, Ching Joo Roger","Seah, Chee Kheong",,CSD,C,C,,,,,,,0
x0122716,"Li, Runhao","Yaoying, Zhong",,SPG,C,C,,,,,,,0
x0122719,"Samat, Shaifudin Bin","Santos, Sherwin",,WWO,C,C,,,,,,,0
x0122720,"Shahrunnizam, Daniyal Aqasha Lesta Bin","Santos, Sherwin",,WWO,C,X1,,,,,,,1
x0122748,"Ramlan, Muhammad Nur Aide Bin","Swe Liam, Ang",,WWO,C,X1,,,,,,,1
x0122788,"Pandey, Prashant","Chin Soon, Yap",,WWO,C,C,,,,,,,0
x0122789,"Mohan, Mohanarajan","Peh, Wee Kok",,WWO,C,C,,,,,,,0
x0122805,"Mogan, Sumitra","Yap, Chin Po (YapChin Po)",,LEG,C,C,,,,,,,0
x0122836,"Ofiana, Jhunilyn","Pabroquez, Arlene",,CSD,C,X1,,,,,,,1
x0122837,"Chai, Siaw Lan","Kader Maideen, Mohamed Thaqif",,WWO,X1,X2,,,,,,,2
x0122845,"Kwa Ruiling, Chanelyn","Yeo, Juliana",,HRM,C,C,,,,,,,0
x0122962,"Ong, Norman","Singh, Jacjit",,WWO,C,C,,,,,,,0
x0122963,"Amir, Muhammad Shamsul Ariffin Bin","Peh, Wee Kok",,WWO,C,C,,,,,,,0
x0122997,"Ng, Huay Yam","Kader Maideen, Mohamed Thaqif",,WWO,X1,C,,,,,,,1
x0123042,"Zailudin, Muhammad Zulfadhli","Soh, Boon Tiang",,WWO,C,,,,,,,,0
x0123049,"Razlan, Muhamad Ameerul Ashraaf","Swe Liam, Ang",,WWO,C,C,,,,,,,0
x0123050,"Chong, Sing Hok","Chin Soon, Yap",,WWO,X1,C,,,,,,,1
x0123058,"Sum, Qing Hong","Leng, Wai Keong",,WWO,C,C,,,,,,,0
x0123106,"Packrisamy, Ganesan","Ng, Kim Hai",,WWO,C,C,,,,,,,0
x0123107,"Veerapan, Parameswaran","Ng, Kim Hai",,WWO,C,C,,,,,,,0
x0123129,"Lim, Hong Beng","Leng, Wai Keong",,WWO,X1,X2,,,,,,,2
x0123133,"Abu Talib, Muhammad Fazli","Koh, Jeff",,WWO,C,C,,,,,,,0
x0123136,"Arman, Khairulhaziq","Koh, Jeff",,WWO,C,C,,,,,,,0
x0123159,"Kesavan, Kopalsamy","Pabroquez, Arlene",,CSD,X1,C,,,,,,,1
x0123227,"Birendra, Eka","S, Ramesh",,GIS,C,,,,,,,,0
x0123238,"Lee, Jin Ning Deanna","Seah, Chee Kheong",,CSD,C,C,,,,,,,0
x0123298,"Ching, Kwee Loon","Swe Liam, Ang",,WWO,C,C,,,,,,,0
x0123359,"Chin, Yoon Fati","Pabroquez, Arlene",,CSD,C,X1,,,,,,,1
x0123360,"Rahmat, Muhammad Faiz","Santos, Sherwin",,WWO,C,X1,,,,,,,1
x0123361,"Hu, Ying","Pabroquez, Arlene",,CSD,C,X1,,,,,,,1
x0123362,"Francisco, Sharlene","Pabroquez, Arlene",,CSD,C,C,,,,,,,0
x0123368,"Vimalraj, Ramaiya","Seah, Chee Kheong",,CSD,C,C,,,,,,,0
x0123447,"Mak, Wai Kuen","Peh, Wee Kok",,WWO,C,C,,,,,,,0
x0123449,"Samat, Muhammad Afnan Bin","Kader Maideen, Mohamed Thaqif",,WWO,C,C,,,,,,,0
x0123450,"Poh, Zhi Cong Keith","Sim, York Tiong",,AGS,C,C,,,,,,,0
x0123457,"Tan, Roger","Pabroquez, Arlene",,CSD,C,X1,,,,,,,1
x0123483,"Wan, JianPing Jarod","Ng, Kim Hai",,WWO,C,C,,,,,,,0
x0123513,"Lee, Jin Ying Kenneth","Ng, Sai kheong",,WWO,C,C,,,,,,,0
x0123514,"Mohamed Zaini, Muhammad Syafi ee","Leong, Kok Meng",,WWO,X1,C,,,,,,,1
x0123515,"Fadirah, Mohammad Fariq","Soh, Boon Tiang",,WWO,X1,X2,,,,,,,2
x0123516,"Zulhilmi, Muhammad Ikram Ilhami","Soh, Boon Tiang",,WWO,X1,X1,,,,,,,2
x0123563,"Selvaraji, Vathe","Soh, Boon Tiang",,WWO,X1,C,,,,,,,1
x0123566,"Mohamad Lassim, Suriyanah Binti","Pabroquez, Arlene",,CSD,C,C,,,,,,,0
x0123568,"Abdullah, Yusran Bin","Kader Maideen, Mohamed Thaqif",,WWO,X1,X2,,,,,,,2
x0123594,"Salleh, Muhammad Firdaus","Sivaraj, Ganesh",,WWO,C,X1,,,,,,,1
x0123620,"Maszalan, Nabeel Hassan","Koh, Jeff",,WWO,C,X1,,,,,,,1
x0123678,"Ngia, Teck Keng (Wei Di Qing)","Mohd Hassan, Abu Talib",,WWO,C,C,,,,,,,0
x0123716,"Mak, Chee Wah","Leng, Wai Keong",,WWO,C,C,,,,,,,0
x0123752,"Jamalludin, Mohammad Daniez","Chen, Edwin",,GIS,C,C,,,,,,,0
x0123753,"Izman, Noor Shafiq","Mohd Hassan, Abu Talib",,WWO,X1,C,,,,,,,1
x0123801,"Kasssim, Mohamed Isa Bin","Pabroquez, Arlene",,CSD,C,C,,,,,,,0
x0123802,"Atnan, Mohamad Saleh Bin","Pabroquez, Arlene",,CSD,C,C,,,,,,,0
x0123803,"Mapayo, Jomel","Pabroquez, Arlene",,CSD,C,C,,,,,,,0
x0123807,"Ramasamy, Suntheram","Sivaraj, Ganesh",,WWO,C,X1,,,,,,,1
x0123808,"Lim, Denise Li Zhi","Kader Maideen, Mohamed Thaqif",,WWO,C,X1,,,,,,,1
x0123839,"Goi, Kok Leng","Peh, Wee Kok",,WWO,C,X1,,,,,,,1
x0123840,"Abdul Rahman, Muhammad Nur Farhan Bin","Leng, Wai Keong",,WWO,C,C,,,,,,,0
x0123946,"Tsen, Khin Yun","Seah, Chee Kheong",,CSD,C,C,,,,,,,0
x0124078,"Mohd Basri, Mohammad Zulhairy","Chin Soon, Yap",,WWO,,X1,,,,,,,1
x0124141,"Mohamad Yunos, Ahmad Zaki","Seah, Chee Kheong",,CSD,,C,,,,,,,0
x0124142,"Ang, King Soon","Seah, Chee Kheong",,CSD,,X1,,,,,,,1
x0124143,"Lee, Sze Hein","Seah, Chee Kheong",,CSD,,C,,,,,,,0
x0124167,"Osman, Jawahir Bin","Pabroquez, Arlene",,CSD,,C,,,,,,,0
x0124172,"Soorya, Mohan Babu Aravind","Sivaraj, Ganesh",,WWO,,X1,,,,,,,1
x0124226,"Mohamad Aksan, Abdul Muhaimin","Leng, Wai Keong",,WWO,,X1,,,,,,,1
x0124234,"Deepak, Radhakrishnan Nair","R Subramaniam, Muralidhar",,SPG,,X1,,,,,,,1
x0124269,"Sim, Ai Leng","Pabroquez, Arlene",,CSD,C,X1,,,,,,,1
x0124270,"Lim, Ju Ni","Pabroquez, Arlene",,CSD,C,X1,,,,,,,1
x0124271,"Tong, Lye Boon","Pabroquez, Arlene",,CSD,C,X1,,,,,,,1
x0124272,"Thai, Mooi","Pabroquez, Arlene",,CSD,C,X1,,,,,,,1
x0124273,"Radhakrishnan, Rajendiran","Pabroquez, Arlene",,CSD,C,X1,,,,,,,1
x031392,"Lee, Esther","Yeo, Derrick",,GIS,C,C,,,,,,,0
x057150,"Reynaldo, Marcos","Seah, Chee Kheong",,CSD,C,C,,,,,,,0
x058410,"Ahamed, Irsath","Wong, Keat Choong",,WWO,C,C,,,,,,,0
x058491,"Herwan, Mustafar","Ng, Kim Hai",,WWO,C,C,,,,,,,0
x058561,"Dino Khairil, Rahman","Wong, Keat Choong",,WWO,C,C,,,,,,,0
x059385,,,,,C,,,,,,,,0
x063952,"Heng, Tommy","Yeo, Derrick",,GIS,C,X1,,,,,,,1
x065200,"Sherwin, Estacio","Seah, Chee Kheong",,CSD,X1,C,,,,,,,1
x065589,"Laurella, Allan","Annamalai, PL",,AGS,X1,C,,,,,,,1
x065987,"DIAZ, AILEEN","Lim, Kah Pin",,FIN,,X1,,,,,,,1
x071785,"Shahidul Islam, Bhuiyan","Seah, Chee Kheong",,CSD,C,C,,,,,,,0
x073581,"Jing Zong, Zhang","Ang, Kok Wah",,QUA,C,C,,,,,,,0
x073955,"Muhammad Sufian, Esa","Koh, Jeff",,WWO,X1,X1,,,,,,,2
x074157,,,,,C,,,,,,,,0
x075584,"Murni, Mohamad Yusof","Kader Maideen, Mohamed Thaqif",,WWO,X1,X2,,,,,,,2
x075926,"Phang, Far Moi","Kader Maideen, Mohamed Thaqif",,WWO,C,X1,,,,,,,1
x076380,"Subramaniam, Vijaya","Soh, Boon Tiang",,WWO,C,C,,,,,,,0
x077733,"Kathirivel Gopi, Kumar","Seah, Chee Kheong",,CSD,C,C,,,,,,,0
x078430,"Yit Min, Wong","Santos, Sherwin",,WWO,,C,,,,,,,0
x078639,"Nirumal, Peramayil","Kader Maideen, Mohamed Thaqif",,WWO,X1,C,,,,,,,1
x078979,"Malou, Victorino","Pabroquez, Arlene",,CSD,C,C,,,,,,,0
x079675,"A/L Muniandy, Sivamani","Soh, Boon Tiang",,WWO,C,C,,,,,,,0
x080189,"Salni a/p, Moorthy","Ee, Tian Chor",,WWO,C,C,,,,,,,0
x080249,"Muhammad Redzahudin, Ja afar","Seah, Chee Kheong",,CSD,C,C,,,,,,,0
x081476,"Li Chen, Lee","Koh, Jeff",,WWO,C,C,,,,,,,0
x082044,"K Krishnan, K Mahendran","Soh, Boon Tiang",,WWO,C,C,,,,,,,0
x082259,"Muthu, Mutharasu","Seah, Chee Kheong",,CSD,C,C,,,,,,,0
x082586,"Beng Lek, Tang","Pabroquez, Arlene",,CSD,C,X1,,,,,,,1
x083202,"Abdul Rahim, Murad","Koh, Jeff",,WWO,X1,C,,,,,,,1
x083237,"Sithambaram, Puvanesan s/o","Peh, Wee Kok",,WWO,C,X1,,,,,,,1
x083318,"Karl Ian, Tuazon","Pabroquez, Arlene",,CSD,C,C,,,,,,,0
x083429,"John, Miclat","Pabroquez, Arlene",,CSD,C,X1,,,,,,,1
x083443,"AH LENG DENNIS, TAN","Kader Maideen, Mohamed Thaqif",,WWO,X1,X2,,,,,,,2
x084296,"Muhd Afiq, Muhd Afiq","Soh, Boon Tiang",,WWO,C,C,,,,,,,0
x084598,"Jeffrey ?Tor Meng?, Tan (Tor Meng)","Low, Queency",,WWO,X1,X2,,,,,,,2
x084707,"Sallehudin, Bin Salleh","Seah, Chee Kheong",,CSD,C,C,,,,,,,0
x084909,"Wei Kean, Chong","Seah, Chee Kheong",,CSD,C,C,,,,,,,0
x085042,"Meng Kiat, Ng","Seah, Chee Kheong",,CSD,C,C,,,,,,,0
x085179,"Gan, Bon Chai","Leong, Kok Meng",,WWO,X1,X2,,,,,,,2
x085424,"Andrew, Gerard D?Almeida","Low, Queency",,WWO,X1,C,,,,,,,1
x085719,"Mohamed Salleh, Ahmad Hairul","Koh, Jeff",,WWO,C,X1,,,,,,,1
x085810,"Syed Shafiq, Bin Syed Fadil Alsagoff","Kader Maideen, Mohamed Thaqif",,WWO,X1,X2,,,,,,,2
x085925,"Punzalan, Jaynes","Yeo, Derrick",,GIS,C,X1,,,,,,,1
x086017,"Jun Cheng, Loo","Wong, Keat Choong",,WWO,C,C,,,,,,,0
x086315,"Manivel, Thangavel","Seah, Chee Kheong",,CSD,C,C,,,,,,,0
x086359,"Yian Thye, Ng","Kader Maideen, Mohamed Thaqif",,WWO,C,C,,,,,,,0
x086364,"Thiruch Selvam, A/L Sagathevan","Low, Queency",,WWO,C,C,,,,,,,0
x086378,"MARIE DASS, GEORGE","Koh, Jeff",,WWO,C,X1,,,,,,,1
x086436,,,,,C,C,,,,,,,0
x086770,"Sam, Lim Lik Harn","Loo, Yih Liang",,WWO,C,,,,,,,,0
x086952,"Yassin, Muhammad","Koh, Tuck Foong",,SPG,,C,,,,,,,0
x087030,"Nagaiya, Renganathan","Ng, Sai kheong",,WWO,C,C,,,,,,,0
x087221,"Saravanan A/L, Krishnan","Koh, Jeff",,WWO,X1,X2,,,,,,,2
x087296,"Kannah, Govindarajoo A/L","Ng, Sai kheong",,WWO,C,C,,,,,,,0
x087352,"Srinivasan, Natarajan","Swe Liam, Ang",,WWO,X1,X2,,,,,,,2
x087894,"Asmaulkhair, Abdul Rahman Bin","Sivaraj, Ganesh",,WWO,X1,X2,,,,,,,2
x088349,"Wai Chin, Cheng","Pabroquez, Arlene",,CSD,C,X1,,,,,,,1
x088529,"Ne Win, Chan Chen, Chi","Wong, Keat Choong",,WWO,C,C,,,,,,,0
x088627,"kok cheong, yee","Soh, Kian Seng",,SPG,C,C,,,,,,,0
x088629,"A/L Muniandy, Theventheran","Peh, Wee Kok",,WWO,C,C,,,,,,,0
x088630,"Gurcharan Singh, Paramjit Singh","Soh, Boon Tiang",,WWO,C,X1,,,,,,,1
x088661,"Kathirvel, Manimala","Kader Maideen, Mohamed Thaqif",,WWO,C,X1,,,,,,,1
x088877,"Wei Siong, Ng","Wong, Keat Choong",,WWO,C,C,,,,,,,0
x088984,"Naganthiran, Devendran","Soh, Boon Tiang",,WWO,C,C,,,,,,,0
x089097,"Yew Chai, Teo","Soh, Boon Tiang",,WWO,C,C,,,,,,,0
x089193,"Viknesh, Palanisamy","Seah, Chee Kheong",,CSD,X1,X2,,,,,,,2
x089353,"Mohamad, Haris","Santos, Sherwin",,WWO,X1,X2,,,,,,,2
x089839,"Parathithasan, Karrthik","Papanu, James S",,SPG,C,C,,,,,,,0
x090042,"Oh, Wen Jian","Soh, Boon Tiang",,WWO,C,C,,,,,,,0
x090418,"Jia Jun, Chai","Low, Queency",,WWO,X1,X2,,,,,,,2
x090425,"Xia San, Yan","Pabroquez, Arlene",,CSD,C,C,,,,,,,0
x090426,"Gay Soon, Teo","Pabroquez, Arlene",,CSD,C,C,,,,,,,0
x090428,"Shu Shan, Yuan","Pabroquez, Arlene",,CSD,C,C,,,,,,,0
x090676,"Chun Kit, Ooi","Seah, Chee Kheong",,CSD,C,,,,,,,,0
x090740,"Wei Shen, Ay (AyWei Shen)","Koh, Jeff",,WWO,C,C,,,,,,,0
x090978,"Oh, Yi Wei Derrick","Yap, Chin Po (YapChin Po)",,LEG,C,C,,,,,,,0
x090979,"Jamaludin, Bin Mohd Salleh","Yap, Chin Po (YapChin Po)",,LEG,C,C,,,,,,,0
x090981,"Kavita, Murugan","Yap, Chin Po (YapChin Po)",,LEG,C,C,,,,,,,0
x091420,"Muhammad Zulfadly, Kamaruddin","Koh, Jeff",,WWO,X1,X2,,,,,,,2
x091455,"Tan, Teik Seng","Ng, Sai kheong",,WWO,C,C,,,,,,,0
x091483,"Say Cheong, Tan","Wong, Keat Choong",,WWO,C,C,,,,,,,0
x091584,"Ravindran, Velliah","Soh, Boon Tiang",,WWO,C,C,,,,,,,0
x091706,"Sua, Sua","Soh, Boon Tiang",,WWO,C,C,,,,,,,0
x091758,"Asenti, Vellasamy","Kader Maideen, Mohamed Thaqif",,WWO,X1,X2,,,,,,,2
x091812,"Chee Fuh, Hoo","Seah, Chee Kheong",,CSD,C,C,,,,,,,0
x091876,"YI WEN, MAH","Kader Maideen, Mohamed Thaqif",,WWO,C,C,,,,,,,0
x091938,"POWZAN, SIRAT","Kader Maideen, Mohamed Thaqif",,WWO,C,C,,,,,,,0
x092234,"Xiao Xiong, Heng","Soh, Boon Tiang",,WWO,C,C,,,,,,,0
x092597,"Zhi Yong, Du","Pabroquez, Arlene",,CSD,C,C,,,,,,,0
x092725,"May, Chong","Yeo, Juliana",,HRM,X1,,,,,,,,1
x093049,"TZE CHAU DESMOND, Heng Kim Chye","Kader Maideen, Mohamed Thaqif",,WWO,X1,C,,,,,,,1
x093209,"SHIAU JING, NG","Kader Maideen, Mohamed Thaqif",,WWO,C,X1,,,,,,,1
x093271,"Daisy, Ramirez","Seah, Chee Kheong",,CSD,C,C,,,,,,,0
x093505,"Sathia Balan Rajandran, Balan Rajandran","Koh, Jeff",,WWO,X1,X2,,,,,,,2
x093509,"RuiHe, Chen","Ng, Sai kheong",,WWO,C,C,,,,,,,0
x093629,"Abdul Rahim, Sharifah Been","Kader Maideen, Mohamed Thaqif",,WWO,C,X1,,,,,,,1
x093753,"Hamdan, Muhammad Firdaus","Kader Maideen, Mohamed Thaqif",,WWO,X1,X2,,,,,,,2
x093765,"MUN WAI, CHEE","Kader Maideen, Mohamed Thaqif",,WWO,C,X1,,,,,,,1
x093766,"Doroimanickam, Seenivasan","Kader Maideen, Mohamed Thaqif",,WWO,C,X1,,,,,,,1
x093777,"ah bee, Tan","Sivaraj, Ganesh",,WWO,C,C,,,,,,,0
x093800,"Ken, Chin","Wong, Keat Choong",,WWO,C,C,,,,,,,0
x093902,"Hong Jiang, Song","Pabroquez, Arlene",,CSD,C,C,,,,,,,0
x093959,"ALEX, CHUA","Kader Maideen, Mohamed Thaqif",,WWO,,C,,,,,,,0
x093963,,,,,X1,X2,,,,,,,2
x094034,"GEOK SAN, LIM","Kader Maideen, Mohamed Thaqif",,WWO,X1,X2,,,,,,,2
x094036,"YOEL LAN, YAP","Kader Maideen, Mohamed Thaqif",,WWO,X1,C,,,,,,,1
x094039,"Mydeen, Khatijah","Kader Maideen, Mohamed Thaqif",,WWO,C,C,,,,,,,0
x094220,"Sarip, Mohammad Fauzan","Kader Maideen, Mohamed Thaqif",,WWO,X1,X2,,,,,,,2
x094266,"Mohammad Ariff, Muhammad Afiq","Kader Maideen, Mohamed Thaqif",,WWO,X1,C,,,,,,,1
x094278,"QING YAN, LIM","Kader Maideen, Mohamed Thaqif",,WWO,X1,C,,,,,,,1
x094560,"DEVASAGAYAN SIMON, JOEL","Koh, Jeff",,WWO,X1,X2,,,,,,,2
x094634,"Rahmat, Zulkifli","Koh, Bok Lim",,WWO,X1,X2,,,,,,,2
x094708,"bin Yusoff, Aman","Kader Maideen, Mohamed Thaqif",,WWO,X1,C,,,,,,,1
x094733,"Cheah, Mun Kit","Kader Maideen, Mohamed Thaqif",,WWO,X1,X2,,,,,,,2
x094735,"SOON YANG, EE","Kader Maideen, Mohamed Thaqif",,WWO,X1,X2,,,,,,,2
x094738,"ZHIA NYONG KELVIN, CHONG","Kader Maideen, Mohamed Thaqif",,WWO,X1,X2,,,,,,,2
x094739,"A/L Endriran, Ravi","Kader Maideen, Mohamed Thaqif",,WWO,C,C,,,,,,,0
x094740,"CHUN PIN, LEE","Kader Maideen, Mohamed Thaqif",,WWO,C,X1,,,,,,,1
x094858,"Bin Buhari, Muhammad Fareez","Soh, Kian Seng",,SPG,C,,,,,,,,0
x094953,"Andy, Ang","Soon, Khim Tiong",,SPG,C,X1,,,,,,,1
x095067,"Nur Asyiqin, Ismail, Sharifah","Low, Queency",,WWO,C,C,,,,,,,0
x095129,"Muhammad Firdaus, Bin Hamzah","Ang, Kok Wah",,QUA,C,C,,,,,,,0
x095130,"Bin Rashid, Nuril Anwar","Soh, Kian Seng",,SPG,C,C,,,,,,,0
x095307,"Eng Long, Ong","Kader Maideen, Mohamed Thaqif",,WWO,C,C,,,,,,,0
x095419,"Koh, Hwee Ting","Sun, Cheng",,SPG,C,C,,,,,,,0
x095495,"Teh, Wilson","Chin, Vui Khen (???)",,QUA,C,,,,,,,,0
x095496,"Wong, Sunny","Chin, Vui Khen (???)",,QUA,C,C,,,,,,,0
x095500,"Leong, Shawn","Chin, Vui Khen (???)",,QUA,C,C,,,,,,,0
x095506,"Tong, Moo Teng","Chin, Vui Khen (???)",,QUA,X1,X2,,,,,,,2
x095508,"Ren, Jie","Chin, Vui Khen (???)",,QUA,C,,,,,,,,0
x095509,"Sin, Kwong Leong","Chin, Vui Khen (???)",,QUA,C,C,,,,,,,0
x095518,"Quek, Han Ming","Chin, Vui Khen (???)",,QUA,C,C,,,,,,,0
x095519,"Ken, Heng Kim Chye","Chin, Vui Khen (???)",,QUA,C,C,,,,,,,0
x095526,"Tang, Yong Chee","Chin, Vui Khen (???)",,QUA,X1,C,,,,,,,1
x095571,"Shafari, Shafari","Koh, Jeff",,WWO,X1,X2,,,,,,,2
x095591,"Chi Dat, Nguyen","Seah, Chee Kheong",,CSD,C,C,,,,,,,0
x095685,"Ng, Kia Yaun","Koh, Jeff",,WWO,X1,X2,,,,,,,2
x095854,"Chandran, Nalliah","Kader Maideen, Mohamed Thaqif",,WWO,X1,C,,,,,,,1
x095855,"Jasvinder, Singh","Kader Maideen, Mohamed Thaqif",,WWO,C,X1,,,,,,,1
x095858,"Manjit Kaur, Balwat Singh","Kader Maideen, Mohamed Thaqif",,WWO,C,C,,,,,,,0
x095860,"Boon Siong, Ang","Kader Maideen, Mohamed Thaqif",,WWO,C,C,,,,,,,0
x095862,"Abdul Aziz, Abdulla","Low, Queency",,WWO,,X1,,,,,,,1
x095902,,,,,C,C,,,,,,,0
x095905,"Rai, Navin","Kapadia, Somil",,WWO,C,C,,,,,,,0
x095910,"Yok Cho, Lew","Kader Maideen, Mohamed Thaqif",,WWO,C,C,,,,,,,0
x096021,"Jaspal, Singh","Pabroquez, Arlene",,CSD,C,C,,,,,,,0
x096243,"Kheng Hian, Chua","Soh, Boon Tiang",,WWO,C,C,,,,,,,0
x096447,"Ah San, Ang","Pabroquez, Arlene",,CSD,C,C,,,,,,,0
x096772,"Muhammad Azhar, Bin Ishak","Soon, Khim Tiong",,SPG,C,C,,,,,,,0
x096869,"Amran, Muhammad  Ezree Syah","Kader Maideen, Mohamed Thaqif",,WWO,X1,X2,,,,,,,2
x096960,"Chean Liang, Tan","Kader Maideen, Mohamed Thaqif",,WWO,X1,X2,,,,,,,2
x096963,"Naveen, Kumar","Kader Maideen, Mohamed Thaqif",,WWO,X1,X2,,,,,,,2
x096968,"Chee Tiong, Tan","Kader Maideen, Mohamed Thaqif",,WWO,C,C,,,,,,,0
x097086,"Ahmad Salim, Muhammad, Hasraf","Koh, Jeff",,WWO,X1,X2,,,,,,,2
x097122,"LOO, YONG SANG","Hee, Jyh Chyang",,SPG,C,C,,,,,,,0
x097314,"Hock Choon, Sim","Kader Maideen, Mohamed Thaqif",,WWO,C,C,,,,,,,0
x097318,"Mohamed Halid Hussein, Mohamed Malik","Kader Maideen, Mohamed Thaqif",,WWO,X1,X2,,,,,,,2
x097319,"Yu Chen, Lau","Kader Maideen, Mohamed Thaqif",,WWO,X1,C,,,,,,,1
x097362,"Kwang Yuan, Yap (YapKwang Yuan)","Wong, Keat Choong",,WWO,C,C,,,,,,,0
x097363,"A/L Kunasegaran, Nagendran","Wong, Keat Choong",,WWO,X1,C,,,,,,,1
x097505,"Chelvam, Ruban","Sivaraj, Ganesh",,WWO,X1,X2,,,,,,,2
x097575,"Siva Balan, S/O Nadan","Soon, Khim Tiong",,SPG,C,C,,,,,,,0
x097621,"Kamal, Rasimon","Lim, Chin Hui",,WWO,X1,X2,,,,,,,2
x098037,"Jasmal, Muhammad Zakir","Mohd Hassan, Abu Talib",,WWO,,X1,,,,,,,1
x098060,"Kim Huat, Goh","Seah, Chee Kheong",,CSD,,C,,,,,,,0
x098068,"Siti Aishah, Hafiz","Hee, Jyh Chyang",,SPG,C,C,,,,,,,0
x098364,"Mansor, Maisurah","Kader Maideen, Mohamed Thaqif",,WWO,C,X1,,,,,,,1
x098434,"Ong, Wan Sheng","Yeo, Derrick",,GIS,X1,X2,,,,,,,2
x098638,"Ridwan, Muhammad","Chin Soon, Yap",,WWO,C,C,,,,,,,0
x098785,"Soh, Eddie","Chin, Vui Khen (???)",,QUA,C,C,,,,,,,0
x098786,"Chen, Eric","Chin, Vui Khen (???)",,QUA,C,C,,,,,,,0
x098800,"Doliente, Arnold","Chin, Vui Khen (???)",,QUA,X1,X2,,,,,,,2
x099079,"Neville Ho Renjie, Ho","Yap, Chin Po (YapChin Po)",,LEG,C,C,,,,,,,0
x099137,"Tai, Hock Chuan","Sim, York Tiong",,AGS,X1,C,,,,,,,1
x099207,"Mohd Riduwan, Abdullah","Sim, York Tiong",,AGS,C,,,,,,,,0
x099414,"Jia Biao, Chen","Low, Queency",,WWO,X1,X2,,,,,,,2
x099419,"Xin Qiang, Yu","Low, Queency",,WWO,X1,X2,,,,,,,2
x099426,,,,,C,,,,,,,,0
x099538,"Muhammad, Danial","Hazlehurst, Richard",,SPG,C,C,,,,,,,0
x099567,"Ang, Danny","Lim, Chin Hui",,WWO,X1,X2,,,,,,,2
x099568,"Albert, Lim","Lim, Chin Hui",,WWO,X1,C,,,,,,,1
x099623,"Saerah Binte, Abdul Latiff","Soon, Khim Tiong",,SPG,X1,C,,,,,,,1
x099638,"Asnah Bte, Ibrahim","Pabroquez, Arlene",,CSD,X1,X1,,,,,,,2
x099641,"Yvonne S, Lee","Pabroquez, Arlene",,CSD,C,C,,,,,,,0
x099692,"Hadi Bin Amir, Muhammad","Hazlehurst, Richard",,SPG,X1,C,,,,,,,1
x099715,"Jian Wei, Loo","Song, Jiao",,SPG,C,X1,,,,,,,1
x099743,"Ryan, Seow (SeowZi Yi Ryan)","Wong, Keat Choong",,WWO,C,X1,,,,,,,1
x099818,"Navin Raj Pillay, Selva Kumaran","Low, Queency",,WWO,X1,X2,,,,,,,2
x099819,"Manimaran, Nadarajan","Kader Maideen, Mohamed Thaqif",,WWO,X1,X2,,,,,,,2
x099820,"Yoon Huei, Lee","Kader Maideen, Mohamed Thaqif",,WWO,X1,X2,,,,,,,2
x099821,"Alexander, Kaliappan","Kader Maideen, Mohamed Thaqif",,WWO,X1,X2,,,,,,,2
x099822,"Cai Mei, Yan","Kader Maideen, Mohamed Thaqif",,WWO,C,C,,,,,,,0
x099824,"Sobana, Rangaswamy","Kader Maideen, Mohamed Thaqif",,WWO,C,C,,,,,,,0
x099835,"Kui Yen, Teah","Low, Queency",,WWO,C,C,,,,,,,0
x099957,"Lee, Siew Wen","Soh, Kian Seng",,SPG,X1,X2,,,,,,,2
