,employ_id,EmployeeEmail,legal_name,manager_id,ManagerEmail,manager_name,bu,Location,employ_id_new
0,170546,Edwin_Cheng@amat.com,"Cheng, Edwin",111634,Bok_Lim_Koh@amat.com,"Koh, Bok Lim",WWO,"Singapore,SGP",170546
50,170491,YeongJian_Nguh@amat.com,"Nguh, Yeong Jian",80686,Teow_Beng_Lim@amat.com,"Lim, Teow Beng",WWO,"Singapore,SGP",170491
95,170828,TianSeongTeeas_Chen@amat.com,"Chen, Tian Seong Teeas",170531,TianChor_Ee@amat.com,"Ee, Tian Chor",WWO,"Singapore,SGP",170828
124,170835,DeXiangMax_Liew@amat.com,"Liew, De Xiang Max",175690,Kimhai_Ng@amat.com,"Ng, Kim Hai",WWO,"Singapore,SGP",170835
173,170838,MuhamadNasir_BinMohamadRazali@amat.com,"Bin Mohamad Razali, Muhamad Nasir",111634,Bok_Lim_Koh@amat.com,"Koh, Bok Lim",WWO,"Singapore,SGP",170838
205,x0114589,,,,,,,,
246,171131,JaniceSzeJie_Lee@amat.com,"Lee, Janice Sze Jie",112724,KhimTiong_Soon@amat.com,"Soon, Khim Tiong",SPG,"Singapore,SGP",171131
282,170842,emily_su@amat.com,"SU, EMILY",165460,Yingmin_Wang@amat.com,"Wang, Yingmin",CTO,"Singapore,SGP",170842
285,171146,FuLong_Lau@amat.com,"Lau, Fu Long",113056,Kevin_Teo@amat.com,"Teo, Kevin",WWO,"Singapore,SGP",171146
292,113022,Kaliapan_Magendren@amat.com,"Magendren, Kaliapan",113575,Chin_Soon_Yap@amat.com,"Chin Soon, Yap",WWO,"Singapore,SGP",113022
339,171068,Roy_Lim@amat.com,"Lim, Roy",113504,june_chiam@amat.com,"Chiam, June Hwee Kiang",HRM,"Singapore,SGP",171068
341,170803,Mohankumar_Devarajan@amat.com,"Devarajan, Mohankumar",78682,Kristopher_Wyly@amat.com,"Wyly, Kristopher S",WWO,"Singapore,SGP",170803
350,x0114829,,,,,,,,
359,171078,JyeLin_Chong@amat.com,"Chong, Jye Lin",144152,William_Toh@amat.com,"Toh, William",LEG,"Singapore,SGP",171078
390,171177,WeiXuanBryan_Teo@amat.com,"Teo, Wei Xuan Bryan",121380,WeiYang_Lim@amat.com,"Lim, Wei Yang",WWO,"Singapore,SGP",171177
424,171242,Meera_Sahib@amat.com,"Sahib, Meera",115051,Sai_kheong_Ng@amat.com,"Ng, Sai kheong",WWO,"Singapore,SGP",171242
436,170660,WengMunAustin_Lai@amat.com,"Lai, Weng Mun Austin",117288,CH_Lim@amat.com,"Lim, Cheng Hwee",WWO,,170660
460,171223,Edita_Aliwarga@amat.com,"Aliwarga, Edita",170848,Zhen_Li@amat.com,"Li, Zhen",AIT,"Singapore,SGP",171223
475,171096,ARUN_JAGADEESH@amat.com,"JAGADEESH, ARUN",174335,Ganesh_Sivaraj@amat.com,"Sivaraj, Ganesh",WWO,"Singapore,SGP",171096
504,x0114587,,,,,,,,
518,171464,Danielle_Mok@amat.com,"Mok, Danielle",162721,Jenny_Chan_HR@amat.com,"Chan, Jenny",HRM,"Singapore,SGP",171464
519,171316,DingJie_Khoo@amat.com,"Khoo, Ding Jie",112319,Khai_Hwa_Hong@amat.com,"Hong, Khai Hwa",SPG,"Singapore,SGP",171316
539,171494,Terence_Zheng@amat.com,"Zheng, Terence",170531,TianChor_Ee@amat.com,"Ee, Tian Chor",WWO,"Singapore,SGP",171494
570,171487,Shayna_Tong@amat.com,"Tong, Shayna",117288,CH_Lim@amat.com,"Lim, Cheng Hwee",WWO,"Singapore,SGP",171487
592,171670,KaWai_Chung@amat.com,"Chung, Ka Wai",160305,Nam_Le@amat.com,"Le, Nam",SPG,,171670
598,171831,mat_Azmin@amat.com,"MUHAMMAD, Azmin",117276,Mohd_Fadillah@amat.com,"Mohamad Iskandar, Mohamad Fadillah",AGS,,171831
600,171859,Arun_Rengaraj@amat.com,"Rengaraj, Arun",106387,Sanjay_Bhat@amat.com,"Bhat, Sanjay",SPG,,171859
605,171512,Darrell_Lau@amat.com,"Lau, Darrell",111635,Jeff_Koh@amat.com,"Koh, Jeff",WWO,,171512
642,171630,HoiJin_Chong@amat.com,"Chong, Hoi Jin",108314,Muralidhar_Subramaniam@amat.com,"R Subramaniam, Muralidhar",SPG,,171630
647,171699,Muhamad_Abdul@amat.com,"Abdul, Muhamad",113051,Mohd_Hassan@amat.com,"Mohd Hassan, Abu Talib",WWO,,171699
680,171887,Taroon_Dass@amat.com,"Dass, Taroon",113051,Mohd_Hassan@amat.com,"Mohd Hassan, Abu Talib",WWO,,171887
714,171732,Jimmy_Hoo@amat.com,"Hoo, Jimmy",104605,Soon_Kiat_Chia@amat.com,"Chia, Soon Kiat",WWO,"Singapore,SGP",171732
743,171985,Fairuz_Ismail@amat.com,"Ismail, Fairuz",172506,KimSoon_Wong@amat.com,"Wong, Kim Soon",WWO,"Singapore,SGP",171985
767,171702,BenKhai_Lim@amat.com,"Lim, Ben Khai",157692,WaiKeong_Leng@amat.com,"Leng, Wai Keong",WWO,"Singapore,SGP",171702
843,172034,MuhammadSyafizan_BinSabtu@amat.com,"Bin Sabtu, Muhammad Syafizan",157692,WaiKeong_Leng@amat.com,"Leng, Wai Keong",WWO,"Singapore,SGP",172034
874,171788,MuhammadShahril_BinSaadan@amat.com,"Sa'adan, Muhammad Shahril Bin",157692,WaiKeong_Leng@amat.com,"Leng, Wai Keong",WWO,"Singapore,SGP",171788
929,172022,MeiSan_Kua@amat.com,"Kua, Mei San",113634,Li_Zhou@amat.com,"Zhou, Li",WWO,"Singapore,SGP",172022
969,172193,Qifeng_Wang@amat.com,"Wang, Qifeng",121380,WeiYang_Lim@amat.com,"Lim, Wei Yang",WWO,,172193
1000,172088,KokMeng_Leong@amat.com,"Leong, Kok Meng",64665,George_Liu@amat.com,"Liu, George",WWO,,172088
1017,x0116485,,,,,,,,
1025,172409,Kaviya_SelvaRaju@amat.com,"Selva Raju, Kaviya",170848,Zhen_Li@amat.com,"Li, Zhen",AIT,,172409
1046,172436,SiangHui_Foo@amat.com,"Foo, Siang Hui",113051,Mohd_Hassan@amat.com,"Mohd Hassan, Abu Talib",WWO,,172436
1100,x0116893,,,,,,,,
1104,172506,KimSoon_Wong@amat.com,"Wong, Kim Soon",79182,Meng_Yih_Chai@amat.com,"Chai, Meng Yih",WWO,,172506
1126,172535,rhhutra_shiny@amat.com,"Berasamy, Rhhutrashiny",111570,Selvakumar_Ramasamy@amat.com,"Ramasamy, Selvakumar",AGS,,172535
1127,172712,JiaMin_Lim@amat.com,"Lim, Jia Min, Germaine",73902,Victor_Seah@amat.com,"Seah, Chee Kheong",CSD,,172712
1162,172843,MohdZaki_Hashim@amat.com,"Bin Hashim, Mohd Zaki",111570,Selvakumar_Ramasamy@amat.com,"Ramasamy, Selvakumar",AGS,,172843
1164,172918,Jiyan_WU@amat.com,"WU, Jiyan",160305,Nam_Le@amat.com,"Le, Nam",SPG,,172918
1165,172879,MuhamadAzreen_BinAnuar@amat.com,"Bin Anuar, Muhamad Azreen",156266,SKunalan_Sithamparanathan@amat.com,"Sithamparanathan, S.Kunalan",WWO,,172879
1181,x0118741,,,,,,,,
1249,x0118843,,,,,,,,
1275,115084,Glenn_Yu@amat.com,"Yu, Glenn",113575,Chin_Soon_Yap@amat.com,"Chin Soon, Yap",WWO,"Singapore,SGP",115084
1303,64658,Kevin_Ho@amat.com,"Ho, Kevin",109075,Devender_Kumar@amat.com,"Kumar, Devender",GIS,,64658
1307,113280,Joseph_Castillo@amat.com,"Castillo, Joseph M",104605,Soon_Kiat_Chia@amat.com,"Chia, Soon Kiat",WWO,"Singapore,SGP",113280
1334,113621,Omar_Hussain_Shah@amat.com,"Bin Hussain Shah, Omar",112962,Sherwin_Santos@amat.com,"Santos, Sherwin",WWO,"Singapore,SGP",113621
1359,113395,Kok_Tim_Tham@amat.com,"Tham, Kok Tim",113051,Mohd_Hassan@amat.com,"Mohd Hassan, Abu Talib",WWO,"Singapore,SGP",113395
1387,113392,Fook_Lam_Lee@amat.com,"Lee, Fook Lam",113051,Mohd_Hassan@amat.com,"Mohd Hassan, Abu Talib",WWO,"Singapore,SGP",113392
1435,113394,Ah_Huat_Lim@amat.com,"Lim, Ah Huat",113051,Mohd_Hassan@amat.com,"Mohd Hassan, Abu Talib",WWO,"Singapore,SGP",113394
1449,88969,Weng_Cheong_Leong@amat.com,"Leong, Weng Cheong",113634,Li_Zhou@amat.com,"Zhou, Li",WWO,"Singapore,SGP",88969
1485,113560,Norsolehin_Bin_Salim@amat.com,"Salim, Norsolehin Bin",104605,Soon_Kiat_Chia@amat.com,"Chia, Soon Kiat",WWO,"Singapore,SGP",113560
1537,113393,Yong_Hui_Yeo@amat.com,"Yeo, Yong Hui",112962,Sherwin_Santos@amat.com,"Santos, Sherwin",WWO,"Singapore,SGP",113393
1567,115086,Kok_Beng_Tan@amat.com,"Tan, Kok Beng",112962,Sherwin_Santos@amat.com,"Santos, Sherwin",WWO,"Singapore,SGP",115086
1586,113561,Lee_Soon_Tan@amat.com,"Tan, Lee Soon",112962,Sherwin_Santos@amat.com,"Santos, Sherwin",WWO,"Singapore,SGP",113561
1617,113258,Kristine_Aquino@amat.com,"Aquino, Kristine Chester L",172506,KimSoon_Wong@amat.com,"Wong, Kim Soon",WWO,"Singapore,SGP",113258
1635,113007,Chee_Wah_Lee@amat.com,"Chee Wah, Lee",172506,KimSoon_Wong@amat.com,"Wong, Kim Soon",WWO,"Singapore,SGP",113007
1675,113527,King_Leou_Chang@amat.com,"Chang, King Leou",113051,Mohd_Hassan@amat.com,"Mohd Hassan, Abu Talib",WWO,"Singapore,SGP",113527
1716,113509,Muhammad_Ridzal@amat.com,"Liakat Ali, Muhammad Ridzal",113503,Saravanan_Ganesan@amat.com,"Munirathnan Ganesan, Saravanan",WWO,"Singapore,SGP",113509
1747,113541,Abdul_Malik@amat.com,"Kader Meera, Abdul Malik",104605,Soon_Kiat_Chia@amat.com,"Chia, Soon Kiat",WWO,"Singapore,SGP",113541
1772,154081,MuhammadAizuddin_Azmuni@amat.com,"Asmuni, Muhammad Aizuddin",104605,Soon_Kiat_Chia@amat.com,"Chia, Soon Kiat",WWO,"Singapore,SGP",154081
1810,116923,Thian_huat_desmond_Ang@amat.com,"Ang, Thian huat desmond",81104,Bono_Koo@amat.com,"Koo, Bono",EEG,"Singapore,SGP",116923
1831,120208,Queencyhl_Low@amat.com,"Low, Queency (Huey Lan)",111179,Ai_Ling_Lim@amat.com,"Lim, Ai Ling",WWO,"Singapore,SGP",120208
1842,79182,Meng_Yih_Chai@amat.com,"Chai, Meng Yih",84571,Wee_Chong_Neo@amat.com,"Neo, Wee Chong",WWO,"Singapore,SGP",79182
1863,112994,Mohd_Suradi_Hashim@amat.com,"Hashim, Mohd Suradi",172088,KokMeng_Leong@amat.com,"Leong, Kok Meng",WWO,"Singapore,SGP",112994
1889,113053,Rodolfo_Lirazan@amat.com,"Lirazan, Rodolfo",170531,TianChor_Ee@amat.com,"Ee, Tian Chor",WWO,"Singapore,SGP",113053
1969,113624,Ting_Yu_Lim@amat.com,"Lim, Ting Yu",172088,KokMeng_Leong@amat.com,"Leong, Kok Meng",WWO,"Singapore,SGP",113624
1993,115336,Yazid_bin_Mohamoad@amat.com,"Mohamoad, Yazid bin",172088,KokMeng_Leong@amat.com,"Leong, Kok Meng",WWO,"Singapore,SGP",115336
2025,115482,Chek_Khoon_Moh@amat.com,"Moh, Chek khoon",172088,KokMeng_Leong@amat.com,"Leong, Kok Meng",WWO,"Singapore,SGP",115482
2059,115848,Thanadayuthapany_Rehnu@amat.com,"Rehnu, Thanadayuthapany",170531,TianChor_Ee@amat.com,"Ee, Tian Chor",WWO,"Singapore,SGP",115848
2083,154317,Balaji_Ramamoorthy@amat.com,"Ramamoorthy, Balaji",172088,KokMeng_Leong@amat.com,"Leong, Kok Meng",WWO,"Singapore,SGP",154317
2108,155007,CalvinTzeHwee_Chia@amat.com,"Chia, Calvin Tze Hwee",172088,KokMeng_Leong@amat.com,"Leong, Kok Meng",WWO,"Singapore,SGP",155007
2133,155101,Victor_George@amat.com,"George, Victor",172088,KokMeng_Leong@amat.com,"Leong, Kok Meng",WWO,"Singapore,SGP",155101
2154,119850,Pascal_Mardivirin@amat.com,"Mardivirin, Pascal Daniel",119075,Nihat_Kurkcu@amat.com,"Kurkcu, Nihat",WWO,"Singapore,SGP",119850
2161,112404,Jason_Lau@amat.com,"Lau, Chin Seng",79509,Dominic_Hee@amat.com,"Hee, Jyh Chyang",SPG,"Singapore,SGP",112404
2213,113620,Chow_Koon_Lim@amat.com,"Lim, Chow Koon",172088,KokMeng_Leong@amat.com,"Leong, Kok Meng",WWO,"Singapore,SGP",113620
2246,156525,Joward_Junio@amat.com,"Junio, Joward",170531,TianChor_Ee@amat.com,"Ee, Tian Chor",WWO,"Singapore,SGP",156525
2291,112981,Ing_Hock_Ko@amat.com,"Ko, Ing Hock",113051,Mohd_Hassan@amat.com,"Mohd Hassan, Abu Talib",WWO,"Singapore,SGP",112981
2322,157837,TienHong_Ho@amat.com,"Ho, Tien Hong",113051,Mohd_Hassan@amat.com,"Mohd Hassan, Abu Talib",WWO,"Singapore,SGP",157837
2347,113385,Ghim_Aik_Oh@amat.com,"Ghim Aik, Oh",104605,Soon_Kiat_Chia@amat.com,"Chia, Soon Kiat",WWO,"Singapore,SGP",113385
2376,156626,YokTin_Chan@amat.com,"Chan, Yok Tin",104537,Kah_Pin_Lim@amat.com,"Lim, Kah Pin",FIN,"Singapore,SGP",156626
2378,156454,Madeline_Goh@amat.com,"Goh, Madeline Wee Ting",116021,Poh_Chin_Tan@amat.com,"Tan, Poh chin",FIN,"Singapore,SGP",156454
2380,111559,David_Chong@amat.com,"Chong, David",104605,Soon_Kiat_Chia@amat.com,"Chia, Soon Kiat",WWO,"Singapore,SGP",111559
2411,81031,Ek_Chuan_See@amat.com,"See, Ek Chuan",113634,Li_Zhou@amat.com,"Zhou, Li",WWO,"Singapore,SGP",81031
2448,157312,BuiKian_Chew@amat.com,"Chew, Bui Kian",170531,TianChor_Ee@amat.com,"Ee, Tian Chor",WWO,"Singapore,SGP",157312
2465,155779,Paniselvam_AlJaison@amat.com,"Jaison, Paniselvam",170531,TianChor_Ee@amat.com,"Ee, Tian Chor",WWO,"Singapore,SGP",155779
2497,159365,Tamilarasu_GollahalliVenkatachalam@amat.com,"Gollahalli Venkatachalam, Tamilarasu",174335,Ganesh_Sivaraj@amat.com,"Sivaraj, Ganesh",WWO,"Singapore,SGP",159365
2536,159150,Darius_Pow@amat.com,"Pow, Darius",108124,Joe_Xie@amat.com,"Xie, Yong Liang (???)",WWO,"Singapore,SGP",159150
2566,111973,Chee_Kiu_Lau@amat.com,"Lau, Chee Kiu",112962,Sherwin_Santos@amat.com,"Santos, Sherwin",WWO,"Singapore,SGP",111973
2600,104605,Soon_Kiat_Chia@amat.com,"Chia, Soon Kiat",79182,Meng_Yih_Chai@amat.com,"Chai, Meng Yih",WWO,"Singapore,SGP",104605
2648,80686,Teow_Beng_Lim@amat.com,"Lim, Teow Beng",67653,David_Smith@amat.com,"Smith, David S",WWO,"Singapore,SGP",80686
2662,159450,ChoonHuat_Pang@amat.com,"Pang, Choon Huat",104605,Soon_Kiat_Chia@amat.com,"Chia, Soon Kiat",WWO,"Singapore,SGP",159450
2701,113175,Junqi_Wei@amat.com,"Wei, Junqi (???)",112311,Bridger_Hoerner@amat.com,"Hoerner, Bridger E",SPG,"Singapore,SGP",113175
2718,116206,Sarath_Babu@amat.com,"Babu, Sarath",106703,Ananth_Jupudi@amat.com,"Jupudi, Ananthkrishna",SPG,"Singapore,SGP",116206
2755,120478,SiewKit_Hoi@amat.com,"Hoi, Siew Kit",112311,Bridger_Hoerner@amat.com,"Hoerner, Bridger E",SPG,"Singapore,SGP",120478
2810,120622,Prayudi_Lianto@amat.com,"Lianto, Prayudi",153538,gilbert_see@amat.com,"See, Guan Huei",SPG,"Singapore,SGP",120622
2827,121165,Jessica_JiaoSong@amat.com,"Song, Jiao",159072,NunoYenChu_Chen@amat.com,"Chen, Nuno Yen-Chu",SPG,"Singapore,SGP",121165
2848,155941,Peng_Suo@amat.com,"Suo, Peng",166598,Andy_Yong@amat.com,"YONG, Andy",SPG,"Singapore,SGP",155941
2856,158558,Felix_Deng@amat.com,"Deng, Guang Yong Felix",153548,Clinton_Goh@amat.com,"Goh, Clinton",SPG,"Singapore,SGP",158558
2884,159072,NunoYenChu_Chen@amat.com,"Chen, Nuno Yen-Chu",112311,Bridger_Hoerner@amat.com,"Hoerner, Bridger E",SPG,"Singapore,SGP",159072
2918,86098,KaiLiang_Liew@amat.com,"Liew, Kai Liang",84221,Joseph_Castro@amat.com,"Castro, Joseph F",SPG,"Singapore,SGP",86098
2941,113521,,,,,,,,
2968,154361,Sharon_Ng@amat.com,"Ng, Sharon",79509,Dominic_Hee@amat.com,"Hee, Jyh Chyang",SPG,"Singapore,SGP",154361
2992,160662,MuhammadHanafi_MatNasir@amat.com,"Mat Nasir, Muhammad Hanafi",104605,Soon_Kiat_Chia@amat.com,"Chia, Soon Kiat",WWO,"Singapore,SGP",160662
3061,115063,Kamaraj_Dhamodharan@amat.com,"Dhamodharan, Kamaraj",112962,Sherwin_Santos@amat.com,"Santos, Sherwin",WWO,"Singapore,SGP",115063
3080,x095509,,,,,,,,
3132,x095495,,,,,,,,
3167,x095500,,,,,,,,
3183,x095526,,,,,,,,
3228,x095506,,,,,,,,
3286,x095519,,,,,,,,
3288,160970,Davib_wong@amat.com,"wong, Ying Zhuo Davib (Leewong ying zhuo)",113051,Mohd_Hassan@amat.com,"Mohd Hassan, Abu Talib",WWO,"Singapore,SGP",160970
3338,x095496,,,,,,,,
3381,x095508,,,,,,,,
3394,100557,,,,,,,,
3396,79144,James_Tan@amat.com,"Tan, Chin Hock",73079,Lisa_Tesic@amat.com,"Tesic, Lisa C",WWO,"Singapore,SGP",79144
3415,161028,ChinYong_Lee@amat.com,"Lee, Chin Yong",80686,Teow_Beng_Lim@amat.com,"Lim, Teow Beng",WWO,"Singapore,SGP",161028
3438,121012,Zongbin_Wang@amat.com,"Wang, Zongbin",82623,Sean_Seutter@amat.com,"Seutter, Sean",SPG,"Singapore,SGP",121012
3450,161407,MuhammadSyarifuddin_BinIsmail@amat.com,"Bin Ismail, Muhammad Syarifuddin",174335,Ganesh_Sivaraj@amat.com,"Sivaraj, Ganesh",WWO,"Singapore,SGP",161407
3476,116326,Vincent_Tan@amat.com,"Tan, Meng hui vincent",65200,Juan_Manufacturing_Rodriguez@amat.com,"Rodriguez, Juan A",WWO,"Singapore,SGP",116326
3478,111634,Bok_Lim_Koh@amat.com,"Koh, Bok Lim",113305,Steven_Chan@amat.com,"Chan, Steven",WWO,"Singapore,SGP",111634
3522,161576,Jadulhakim_IbnuJamal@amat.com,"Ibnu Jamal, Jadulhakim",113051,Mohd_Hassan@amat.com,"Mohd Hassan, Abu Talib",WWO,"Singapore,SGP",161576
3534,121084,,,,,,,,
3592,144075,Jesson_Loh@amat.com,"Loh, Jesson",111636,Wee_Kok_Peh@amat.com,"Peh, Wee Kok",WWO,"Singapore,SGP",144075
3617,160797,DingWei_Chan@amat.com,"Chan, DingWei",111634,Bok_Lim_Koh@amat.com,"Koh, Bok Lim",WWO,"Singapore,SGP",160797
3650,157692,WaiKeong_Leng@amat.com,"Leng, Wai Keong",166325,Roy_Kok@amat.com,"Kok, Roy",WWO,"Singapore,SGP",157692
3682,112949,Johari_Aton@amat.com,"Bin Aton, Johari",111635,Jeff_Koh@amat.com,"Koh, Jeff",WWO,"Singapore,SGP",112949
3711,112961,Richard_Koh@amat.com,"Koh, Hwee Song",111635,Jeff_Koh@amat.com,"Koh, Jeff",WWO,"Singapore,SGP",112961
3742,120989,Yasier_Yusof@amat.com,"Yusof, Yasier",111635,Jeff_Koh@amat.com,"Koh, Jeff",WWO,"Singapore,SGP",120989
3781,155328,ZhiYan_Fu@amat.com,"Fu, Zhi Yan",111635,Jeff_Koh@amat.com,"Koh, Jeff",WWO,"Singapore,SGP",155328
3798,155476,Rames_Munusamy@amat.com,"Munusamy, Rames",157692,WaiKeong_Leng@amat.com,"Leng, Wai Keong",WWO,"Singapore,SGP",155476
3842,155990,Michael_DeGuzmanCris@amat.com,"De Guzman Cris, Michael",157692,WaiKeong_Leng@amat.com,"Leng, Wai Keong",WWO,"Singapore,SGP",155990
3876,156138,KrishnaJothi_Thiyagarajan@amat.com,"Thiyagarajan, Krishna Jothi",157692,WaiKeong_Leng@amat.com,"Leng, Wai Keong",WWO,"Singapore,SGP",156138
3921,156471,Sim_BengTeong@amat.com,"Beng Teong, Sim",157692,WaiKeong_Leng@amat.com,"Leng, Wai Keong",WWO,"Singapore,SGP",156471
3967,156796,Siva_SubramaniamK@amat.com,"Subramaniam K, Siva",157692,WaiKeong_Leng@amat.com,"Leng, Wai Keong",WWO,"Singapore,SGP",156796
4003,157005,BALSAMY_THIYAGARAJAN@amat.com,"THIYAGARAJAN, BALSAMY",157692,WaiKeong_Leng@amat.com,"Leng, Wai Keong",WWO,"Singapore,SGP",157005
4046,157174,Chinthadurai_Balamurugan@amat.com,"Balamurugan, Chinthadurai",157692,WaiKeong_Leng@amat.com,"Leng, Wai Keong",WWO,"Singapore,SGP",157174
4055,157776,NyanThar_Soe@amat.com,"Soe, Nyan Thar",111635,Jeff_Koh@amat.com,"Koh, Jeff",WWO,"Singapore,SGP",157776
4072,157895,Leonil_Sorio@amat.com,"Sorio, Leonil",111635,Jeff_Koh@amat.com,"Koh, Jeff",WWO,"Singapore,SGP",157895
4125,158604,MuhammadHarithzan_Jantan@amat.com,"Jantan, Muhammad Harithzan",157692,WaiKeong_Leng@amat.com,"Leng, Wai Keong",WWO,"Singapore,SGP",158604
4158,160559,TowWei_Koh@amat.com,"Koh, Tow Wei",111635,Jeff_Koh@amat.com,"Koh, Jeff",WWO,"Singapore,SGP",160559
4224,160979,Shawn_Lee@amat.com,"Lee, Shawn",111635,Jeff_Koh@amat.com,"Koh, Jeff",WWO,"Singapore,SGP",160979
4299,161291,MohammedTaqrik_BinHussin@amat.com,"Bin Hussin, Mohammed Taqrik",111635,Jeff_Koh@amat.com,"Koh, Jeff",WWO,"Singapore,SGP",161291
4336,111959,Gabriel_Tan@amat.com,"Tan, Hock Meng",115051,Sai_kheong_Ng@amat.com,"Ng, Sai kheong",WWO,"Singapore,SGP",111959
4362,115882,Kok_Hwee_Toh@amat.com,"Toh, Kok Hwee",115051,Sai_kheong_Ng@amat.com,"Ng, Sai kheong",WWO,"Singapore,SGP",115882
4410,154201,Maheswaran_waran@amat.com,"waran, Maheswaran",115051,Sai_kheong_Ng@amat.com,"Ng, Sai kheong",WWO,"Singapore,SGP",154201
4461,156826,KokKhimKelvin_Chiong@amat.com,"Chiong, Kok Khim Kelvin",115051,Sai_kheong_Ng@amat.com,"Ng, Sai kheong",WWO,"Singapore,SGP",156826
4494,157738,DeneshKumar_Ponusamy@amat.com,"Ponusamy, Denesh Kumar",115051,Sai_kheong_Ng@amat.com,"Ng, Sai kheong",WWO,"Singapore,SGP",157738
4525,158516,Pushpanathan_Ramesh@amat.com,"Ramesh, Pushpanathan",115051,Sai_kheong_Ng@amat.com,"Ng, Sai kheong",WWO,"Singapore,SGP",158516
4562,113056,Kevin_Teo@amat.com,"Teo, Kevin",86603,Taras_Lee@amat.com,"Lee, Taras",WWO,"Singapore,SGP",113056
4569,154257,CanloboAlfie_Caviente@amat.com,"Caviente, Canlobo Alfie",111635,Jeff_Koh@amat.com,"Koh, Jeff",WWO,"Singapore,SGP",154257
4601,162047,ChiangLoh_Lim@amat.com,"Lim, Chiang Loh",157692,WaiKeong_Leng@amat.com,"Leng, Wai Keong",WWO,"Singapore,SGP",162047
4643,155642,YongXiang_Lim@amat.com,"Lim, Yong Xiang",121012,Zongbin_Wang@amat.com,"Wang, Ben Zongbin",SPG,"Singapore,SGP",155642
4661,159746,,,,,,,,
4662,161875,MohamedIrfan_MohamedFirman@amat.com,"Mohamed Firman, Mohamed Irfan",115051,Sai_kheong_Ng@amat.com,"Ng, Sai kheong",WWO,"Singapore,SGP",161875
4693,162027,Abdul_Shafeeq@amat.com,"Shafeeq, Abdul",174335,Ganesh_Sivaraj@amat.com,"Sivaraj, Ganesh",WWO,"Singapore,SGP",162027
4713,x097621,,,,,,,,
4721,116439,Bok_Khim_Chia@amat.com,"Chia, Bok khim",80686,Teow_Beng_Lim@amat.com,"Lim, Teow Beng",WWO,"Singapore,SGP",116439
4748,121380,WeiYang_Lim@amat.com,"Lim, Wei Yang",73724,Steven_Orr@amat.com,"Orr, Steven A",WWO,"Singapore,SGP",121380
4761,79959,Tze_Kong_Phang@amat.com,"Phang, Tze Kong",121380,WeiYang_Lim@amat.com,"Lim, Wei Yang",WWO,"Singapore,SGP",79959
4782,156424,Vilsan_Ravindran@amat.com,"Ravindran, Vilsan",108124,Joe_Xie@amat.com,"Xie, Yong Liang (???)",WWO,"Singapore,SGP",156424
4803,89133,Paulino_Garagan@amat.com,"Garagan, Paulino E",108124,Joe_Xie@amat.com,"Xie, Yong Liang (???)",WWO,"Singapore,SGP",89133
4852,162105,Ganesh_Venkidusamy@amat.com,"Venkidusamy, Ganesh",172088,KokMeng_Leong@amat.com,"Leong, Kok Meng",WWO,"Singapore,SGP",162105
4889,162091,SzeYong_Goh@amat.com,"Goh, Sze Yong",172088,KokMeng_Leong@amat.com,"Leong, Kok Meng",WWO,"Singapore,SGP",162091
4920,112929,Mohd_Salleh@amat.com,"Mohd Salleh, Mohd Sharin",113503,Saravanan_Ganesan@amat.com,"Munirathnan Ganesan, Saravanan",WWO,"Singapore,SGP",112929
4952,113185,Mustaq_Hussain@amat.com,"Kader Moideen, Mustaq Hussain",172506,KimSoon_Wong@amat.com,"Wong, Kim Soon",WWO,"Singapore,SGP",113185
5013,113623,Jay_Ramos@amat.com,"Ramos, Jay Majarreis",172506,KimSoon_Wong@amat.com,"Wong, Kim Soon",WWO,"Singapore,SGP",113623
5023,157279,Jason_Hoe@amat.com,"Hoe, Jason",113051,Mohd_Hassan@amat.com,"Mohd Hassan, Abu Talib",WWO,"Singapore,SGP",157279
5056,160995,Hia_Dion@amat.com,"Dion, Hia",104605,Soon_Kiat_Chia@amat.com,"Chia, Soon Kiat",WWO,"Singapore,SGP",160995
5083,64675,KokLee_Sia@amat.com,"Sia, Kok Lee",88958,Ming_Sun_Char@amat.com,"Char, Ming Sun",WWO,"Singapore,SGP",64675
5087,113634,Li_Zhou@amat.com,"Zhou, Li",86603,Taras_Lee@amat.com,"Lee, Taras",WWO,"Singapore,SGP",113634
5106,162239,HengGuan_Ong@amat.com,"Ong, Heng Guan",84263,Irfan_Jamil@amat.com,"Jamil, Irfan",SPG,"Singapore,SGP",162239
5127,x091455,,,,,,,,
5162,113503,Saravanan_Ganesan@amat.com,"Munirathnan Ganesan, Saravanan",64438,Rory_M_Campbell@amat.com,"Campbell, Rory M",WWO,"Singapore,SGP",113503
5214,113510,Lenin_Micheal_Thobias@amat.com,"Thobias, Lanin Micheal",157692,WaiKeong_Leng@amat.com,"Leng, Wai Keong",WWO,"Singapore,SGP",113510
5291,120888,MuhammadHaqbil_Abdullah@amat.com,"Abdullah, Muhammad Haqbil",157692,WaiKeong_Leng@amat.com,"Leng, Wai Keong",WWO,"Singapore,SGP",120888
5341,115414,Nooralfian_Bin_Isnin@amat.com,"Bin isnin, Nooralfian",112962,Sherwin_Santos@amat.com,"Santos, Sherwin",WWO,"Singapore,SGP",115414
5377,160694,JianYang_Rao@amat.com,"Rao, JianYang",113503,Saravanan_Ganesan@amat.com,"Munirathnan Ganesan, Saravanan",WWO,"Singapore,SGP",160694
5407,161691,MohamedJumali_MohamedJumaaat@amat.com,"Mohamed Juma’at, Mohamed Jumali",111635,Jeff_Koh@amat.com,"Koh, Jeff",WWO,"Singapore,SGP",161691
5452,156434,Peter_Fung@amat.com,"Fung, Peter",155863,Keith_Ypma@amat.com,"Ypma, Keith Edward",SPG,"Singapore,SGP",156434
5459,143849,Christopher_Lee@amat.com,"Lee, Christopher",120923,Zadig_Lam@amat.com,"Lam, Zadig",AGS,"Singapore,SGP",143849
5464,143631,Natarajan_Karthikeyan@amat.com,"Karthikeyan, Natarajan",71936,Kok_Wah_Ang@amat.com,"Ang, Kok Wah",QUA,"Singapore,SGP",143631
5541,143560,MohamedEsa_Sidek@amat.com,"Sidek, Mohamed Esa",71936,Kok_Wah_Ang@amat.com,"Ang, Kok Wah",QUA,"Singapore,SGP",143560
5627,111984,Lian_Huat_Tan@amat.com,"Tan, Lian Huat",104605,Soon_Kiat_Chia@amat.com,"Chia, Soon Kiat",WWO,"Singapore,SGP",111984
5658,x081476,,,,,,,,
5681,x085719,,,,,,,,
5700,x086378,,,,,,,,
5744,x091420,,,,,,,,
5799,x091483,,,,,,,,
5814,x091706,,,,,,,,
5836,120918,Ilamaaran_Ramalinggam@amat.com,"Ramalinggam, Ilamaaran",157692,WaiKeong_Leng@amat.com,"Leng, Wai Keong",WWO,"Singapore,SGP",120918
5870,160316,KokWei_Loke@amat.com,"Loke, Kok Wei",160305,Nam_Le@amat.com,"Le, Nam",SPG,"Singapore,SGP",160316
5888,160304,PohLoy_Chow@amat.com,"Chow, Poh Loy",160305,Nam_Le@amat.com,"Le, Nam",SPG,"Singapore,SGP",160304
5932,160306,SanChoy_Liew@amat.com,"Liew, San Choy",160305,Nam_Le@amat.com,"Le, Nam",SPG,"Singapore,SGP",160306
5942,x092725,,,,,,,,
5986,x094858,,,,,,,,
5988,x098800,,,,,,,,
6008,84571,Wee_Chong_Neo@amat.com,"Neo, Wee Chong",85272,Brad_Dorff@amat.com,"Dorff, Brad W",WWO,"Singapore,SGP",84571
6030,162627,MuhamadKhir_MohamadRazali@amat.com,"Mohamad Razali, Muhamad Khir",113051,Mohd_Hassan@amat.com,"Mohd Hassan, Abu Talib",WWO,"Singapore,SGP",162627
6049,x098786,,,,,,,,
6071,155235,Xinxin_Wang@amat.com,"Wang, Xinxin",120478,SiewKit_Hoi@amat.com,"Hoi, Siew Kit",SPG,"Singapore,SGP",155235
6089,73902,Victor_Seah@amat.com,"Seah, Chee Kheong",12922,Tom_Banholzer@amat.com,"Banholzer, Thomas J",CSD,"Singapore,SGP",73902
6137,162321,BoonTiang_Soh@amat.com,"Soh, Boon Tiang",79182,Meng_Yih_Chai@amat.com,"Chai, Meng Yih",WWO,"Singapore,SGP",162321
6178,x098785,,,,,,,,
6202,x080249,,,,,,,,
6285,162478,HockYong_Chin@amat.com,"Chin, Hock Yong",80686,Teow_Beng_Lim@amat.com,"Lim, Teow Beng",WWO,"Singapore,SGP",162478
6316,x092234,,,,,,,,
6342,162874,KuangRen_Guan@amat.com,"Guan, Kuang Ren",157692,WaiKeong_Leng@amat.com,"Leng, Wai Keong",WWO,"Singapore,SGP",162874
6382,x099079,,,,,,,,
6495,x076380,,,,,,,,
6569,160456,Wen_Xiao@amat.com,"Xiao, Wen",165406,Azeddine_Zerrade@amat.com,"Zerrade, Azeddine",SPG,"Singapore,SGP",160456
6595,x098068,,,,,,,,
6600,161035,Ye_Y_Liu@amat.com,"Liu, Ye",120032,Cheng_Sun@amat.com,"Sun, Cheng",SPG,"Singapore,SGP",161035
6622,x094634,,,,,,,,
6679,116021,Poh_Chin_Tan@amat.com,"Tan, Poh chin",64702,Peck_Leng_Saw@amat.com,"Saw, Peck-Leng",FIN,"Singapore,SGP",116021
6683,163355,WeijunDarrel_Koh@amat.com,"Koh, Weijun Darrel",175690,Kimhai_Ng@amat.com,"Ng, Kim Hai",WWO,"Singapore,SGP",163355
6758,163022,Cui_Yue@amat.com,"Yue, Cui",121165,Jessica_JiaoSong@amat.com,"Song, Jiao",SPG,"Singapore,SGP",163022
6770,111635,Jeff_Koh@amat.com,"Koh, Chin Beng",166325,Roy_Kok@amat.com,"Kok, Roy",WWO,"Singapore,SGP",111635
6801,113028,Benson_Tan@amat.com,"Tan, Benson",115051,Sai_kheong_Ng@amat.com,"Ng, Sai kheong",WWO,"Singapore,SGP",113028
6834,156594,EdwinCollins_Lim@amat.com,"Lim, Edwin Collins",111635,Jeff_Koh@amat.com,"Koh, Jeff",WWO,"Singapore,SGP",156594
6905,x093209,,,,,,,,
6928,79509,Dominic_Hee@amat.com,"Hee, Jyh Chyang",67394,Arvind_Sundarrajan@amat.com,"Sundarrajan, Arvind",SPG,"Singapore,SGP",79509
6959,110472,John_Jamora@amat.com,"Jamora, John Apostol",172088,KokMeng_Leong@amat.com,"Leong, Kok Meng",WWO,"Singapore,SGP",110472
6983,112996,Melvin_Lee@amat.com,"Lee, Kim Chye",119075,Nihat_Kurkcu@amat.com,"Kurkcu, Nihat",WWO,"Singapore,SGP",112996
7008,119916,Lee_Sar_Tan@amat.com,"Tan, Lee sar",75227,Rachel_Fichbein@amat.com,"Fichbein Kleiner, Rachel",HRM,"Singapore,SGP",119916
7009,116959,Amanda_Woon@amat.com,"Woon, Amanda",119075,Nihat_Kurkcu@amat.com,"Kurkcu, Nihat",WWO,"Singapore,SGP",116959
7016,x099743,,,,,,,,
7026,163470,Trupti_Raut@amat.com,"Raut, Trupti Shashikant",113283,Mike_Rosa@amat.com,"Rosa, Michel A",SPG,"Singapore,SGP",163470
7027,163492,KianKoon_Chia@amat.com,"Chia, Kian Koon",113523,Wee_Hian_Kuah@amat.com,"Kuah, Wee Hian",AGS,"Singapore,SGP",163492
7048,117273,Steven_Chim@amat.com,"Chim, Chee Ming",68401,Brian_Neibauer@amat.com,"Neibauer, Brian D",QUA,"Singapore,SGP",117273
7053,113478,Wee_Heng_Mah@amat.com,"Mah, Wee Heng",83267,Robert_Lonier@amat.com,"Lonier, Robert A",QUA,"Singapore,SGP",113478
7074,113305,Steven_Chan@amat.com,"Chan, Nan Fatt",86603,Taras_Lee@amat.com,"Lee, Taras",WWO,"Singapore,SGP",113305
7108,157256,Duraipandi_Shanmugaraj@amat.com,"Shanmugaraj, Duraipandi",115051,Sai_kheong_Ng@amat.com,"Ng, Sai kheong",WWO,"Singapore,SGP",157256
7143,162428,RAFLI_BINBASIRAN@amat.com,"BIN BASIRAN, RAFLI",113051,Mohd_Hassan@amat.com,"Mohd Hassan, Abu Talib",WWO,"Singapore,SGP",162428
7171,155045,MohammadFaizalBinAermie_Ang@amat.com,"Ang, Mohammad Faizal Bin Aermie",112724,KhimTiong_Soon@amat.com,"Soon, Khim Tiong",SPG,"Singapore,SGP",155045
7185,163500,Ahmad_Khairuddin@amat.com,"Khairuddin, Ahmad",112724,KhimTiong_Soon@amat.com,"Soon, Khim Tiong",SPG,"Singapore,SGP",163500
7200,154436,Yubin_Zhang@amat.com,"Zhang, Yubin",121012,Zongbin_Wang@amat.com,"Wang, Ben Zongbin",SPG,"Singapore,SGP",154436
7215,x099568,,,,,,,,
7235,x099567,,,,,,,,
7242,155518,Viswanath_Sivadhramani@amat.com,"Sivadhramani, Viswanath",112724,KhimTiong_Soon@amat.com,"Soon, Khim Tiong",SPG,"Singapore,SGP",155518
7272,x094953,,,,,,,,
7300,162917,Zhang_Kang@amat.com,"Kang, Zhang",113175,Junqi_Wei@amat.com,"Wei, Junqi (???)",SPG,"Singapore,SGP",162917
7323,87746,Lee_Guan_Tay@amat.com,"Tay, Lee Guan",163756,Desmond_Seow@amat.com,"Seow, Desmond",AGS,"Singapore,SGP",87746
7326,157509,ChingHu_Yeo@amat.com,"Yeo, Ching Hu",113503,Saravanan_Ganesan@amat.com,"Munirathnan Ganesan, Saravanan",WWO,"Singapore,SGP",157509
7359,112962,Sherwin_Santos@amat.com,"Santos, Sherwin",71970,Matthew_Lousma@amat.com,"Lousma, Matthew O",WWO,"Singapore,SGP",112962
7384,x099957,,,,,,,,
7438,160307,ThimChong_Wong@amat.com,"Wong, Thim Choong",160305,Nam_Le@amat.com,"Le, Nam",SPG,"Singapore,SGP",160307
7515,x087221,,,,,,,,
7564,x093505,,,,,,,,
7632,x093800,,,,,,,,
7659,x0100386,,,,,,,,
7682,108410,Sherwin_Ytac@amat.com,"Ytac, Sherwin",79955,Damien_Soh@amat.com,"Soh, Kian Seng",SPG,"Singapore,SGP",108410
7706,113524,Chun_Yu_To@amat.com,"To, Chun Yu",79955,Damien_Soh@amat.com,"Soh, Kian Seng",SPG,"Singapore,SGP",113524
7726,154486,CheSalman_Ismail@amat.com,"Ismail, Che Salman",79955,Damien_Soh@amat.com,"Soh, Kian Seng",SPG,"Singapore,SGP",154486
7731,155148,ChangYong_Ngui@amat.com,"Ngui, Chang Yong",87433,David_Ng@amat.com,"Ng, David_FSO",AGS,"Singapore,SGP",155148
7745,155375,JunLiang_Su@amat.com,"Su, Jun-Liang",172428,Richard_Hazlehurst@amat.com,"Hazlehurst, Richard",SPG,"Singapore,SGP",155375
7748,x099715,,,,,,,,
7762,113029,Herman_Natividad@amat.com,"Natividad, Herman B",162321,BoonTiang_Soh@amat.com,"Soh, Boon Tiang",WWO,"Singapore,SGP",113029
7808,113615,Edwin_Villaflor@amat.com,"Villaflor, Edwin Santiago",162321,BoonTiang_Soh@amat.com,"Soh, Boon Tiang",WWO,"Singapore,SGP",113615
7870,156500,Shuwei_Liu@amat.com,"Liu, Shuwei",165406,Azeddine_Zerrade@amat.com,"Zerrade, Azeddine",SPG,"Singapore,SGP",156500
7897,157253,BoonChye_Tan@amat.com,"Tan, Boon Chye",162321,BoonTiang_Soh@amat.com,"Soh, Boon Tiang",WWO,"Singapore,SGP",157253
7932,158577,MohamadHedhir_Othman@amat.com,"Othman, Mohamad Hedhir",162321,BoonTiang_Soh@amat.com,"Soh, Boon Tiang",WWO,"Singapore,SGP",158577
7960,162477,KeeBoon_Chong@amat.com,"Chong, Kee Boon",162321,BoonTiang_Soh@amat.com,"Soh, Boon Tiang",WWO,"Singapore,SGP",162477
8011,163698,Zhong_Yaoying@amat.com,"Yaoying, Zhong",120478,SiewKit_Hoi@amat.com,"Hoi, Siew Kit",SPG,"Singapore,SGP",163698
8050,162721,Jenny_Chan_HR@amat.com,"Chan, Jenny Lian Hoe",119916,Lee_Sar_Tan@amat.com,"Tan, Lee sar",HRM,"Singapore,SGP",162721
8052,120830,Lourduraj_LeoRaja@amat.com,"Leo Raja, Lourduraj Christofer",78682,Kristopher_Wyly@amat.com,"Wyly, Kristopher S",WWO,"Singapore,SGP",120830
8073,x058410,,,,,,,,
8092,x0101020,,,,,,,,
8331,105939,Patrick_Lim@amat.com,"Lim, Yin Wei",153538,gilbert_see@amat.com,"See, Guan Huei",SPG,"Singapore,SGP",105939
8339,x088984,,,,,,,,
8421,111636,Wee_Kok_Peh@amat.com,"Peh, Wee Kok",113305,Steven_Chan@amat.com,"Chan, Steven",WWO,"Singapore,SGP",111636
8449,x093509,,,,,,,,
8468,x087030,,,,,,,,
8521,x087296,,,,,,,,
8616,x073581,,,,,,,,
8703,x084707,,,,,,,,
8753,x085042,,,,,,,,
8756,x088349,,,,,,,,
8870,x090425,,,,,,,,
9095,x090426,,,,,,,,
9229,x090428,,,,,,,,
9335,x091812,,,,,,,,
9386,x092597,,,,,,,,
9445,x093271,,,,,,,,
9458,x093902,,,,,,,,
9528,x095591,,,,,,,,
9583,x096021,,,,,,,,
9810,x096447,,,,,,,,
9854,x099638,,,,,,,,
9863,x099692,,,,,,,,
9866,x099641,,,,,,,,
9893,x0100010,,,,,,,,
9944,x0100100,,,,,,,,
9950,x0100224,,,,,,,,
9992,163855,Arlene_Pabroquez@amat.com,"Pabroquez, Arlene",73902,Victor_Seah@amat.com,"Seah, Chee Kheong",CSD,"Singapore,SGP",163855
10033,113259,Jefferson_Perez@amat.com,"Perez, Jefferson E",65200,Juan_Manufacturing_Rodriguez@amat.com,"Rodriguez, Juan A",WWO,"Singapore,SGP",113259
10047,112999,Armando_Ellana@amat.com,"Ellana, Armando",115051,Sai_kheong_Ng@amat.com,"Ng, Sai kheong",WWO,"Singapore,SGP",112999
10087,112984,Solino_Anos@amat.com,"Anos, Solino",170531,TianChor_Ee@amat.com,"Ee, Tian Chor",WWO,"Singapore,SGP",112984
10117,112950,Saravanan_Shan@amat.com,"Shan, Saravanan",172088,KokMeng_Leong@amat.com,"Leong, Kok Meng",WWO,"Singapore,SGP",112950
10143,113575,Chin_Soon_Yap@amat.com,"Chin Soon, Yap",113305,Steven_Chan@amat.com,"Chan, Steven",WWO,"Singapore,SGP",113575
10189,x093777,,,,,,,,
10233,x087352,,,,,,,,
10260,x0101204,,,,,,,,
10263,x086315,,,,,,,,
10282,x077733,,,,,,,,
10287,x090676,,,,,,,,
10322,x084909,,,,,,,,
10534,x071785,,,,,,,,
10555,x065200,,,,,,,,
10686,x059385,,,,,,,,
10729,x082259,,,,,,,,
10809,108511,Yang_Ming_Lee@amat.com,"Lee, Yang Ming",161417,TzeHowe_Charn@amat.com,"Charn, Tze Howe",AIT,"Singapore,SGP",108511
10822,x065589,,,,,,,,
10911,112644,John_Rosario@amat.com,"Rosario, John",112417,Ramir_Leonor@amat.com,"Leonor, Ramir",AGS,"Clark Freeport Zone,PHL",112644
10926,155384,Haaritaas_AlMathuvanan@amat.com,"A l Mathuvanan, Haaritaas",117276,Mohd_Fadillah@amat.com,"Mohamad Iskandar, Mohamad Fadillah",AGS,"Kulim,MYS",155384
10927,158029,MohdAfzan_BinMohdFadzil@amat.com,"Bin Mohd Fadzil, Mohd Afzan",111570,Selvakumar_Ramasamy@amat.com,"Ramasamy, Selvakumar",AGS,"Kulim,MYS",158029
10928,117276,Mohd_Fadillah@amat.com,"Mohamad Iskandar, Mohamad Fadillah",79234,Oliver_Quah@amat.com,"Quah, Han Oon",AGS,"Kulim,MYS",117276
10930,154014,Nizam_Iskandar@amat.com,"Fairulnizam B.  Mohd Iskandar, Mohamad",111570,Selvakumar_Ramasamy@amat.com,"Ramasamy, Selvakumar",AGS,"Kulim,MYS",154014
10932,155231,KeongYoong_Han@amat.com,"Han, Keong Yoong",111570,Selvakumar_Ramasamy@amat.com,"Ramasamy, Selvakumar",AGS,"Kulim,MYS",155231
10933,154707,Sathis_Kumar@amat.com,"Kumar, Sathis",111570,Selvakumar_Ramasamy@amat.com,"Ramasamy, Selvakumar",AGS,"Kulim,MYS",154707
10943,117292,TK_Lim@amat.com,"Lim, Teng Kooi",117276,Mohd_Fadillah@amat.com,"Mohamad Iskandar, Mohamad Fadillah",AGS,"Kulim,MYS",117292
10948,80178,Saipul_Nizam_Mahfodz@amat.com,"Mahfodz, Saipul Nizam",111570,Selvakumar_Ramasamy@amat.com,"Ramasamy, Selvakumar",AGS,"Kulim,MYS",80178
10951,157311,syamil_satri@amat.com,"Satri, Muhammad Syamil",117276,Mohd_Fadillah@amat.com,"Mohamad Iskandar, Mohamad Fadillah",AGS,"Kulim,MYS",157311
10953,143925,Saravanan_Shanmugham@amat.com,"Shanmugham, Saravanan",111570,Selvakumar_Ramasamy@amat.com,"Ramasamy, Selvakumar",AGS,"Kulim,MYS",143925
10956,154566,Kalaiselvan_Supparamainam@amat.com,"Supparamainam, Kalaiselvan",111570,Selvakumar_Ramasamy@amat.com,"Ramasamy, Selvakumar",AGS,"Kulim,MYS",154566
10966,160863,HsienYoongJohn_Voon@amat.com,"Voon, Hsien Yoong John",111570,Selvakumar_Ramasamy@amat.com,"Ramasamy, Selvakumar",AGS,"Kulim,MYS",160863
10970,161770,Binni_Varghese@amat.com,"Varghese, Binni",160456,Wen_Xiao@amat.com,"Xiao, Wen",SPG,"Singapore,SGP",161770
10998,163471,Mohamed_Rafi@amat.com,"Rafi, Mohamed",163941,John_Sudijono@amat.com,"Sudijono, John",SPG,"Singapore,SGP",163471
11008,164143,HerngYau_Yoong@amat.com,"Yoong, Herng Yau",160456,Wen_Xiao@amat.com,"Xiao, Wen",SPG,"Singapore,SGP",164143
11035,162750,VanAlgeneEstioco_Espejo@amat.com,"Espejo, Van Algene Estioco",112417,Ramir_Leonor@amat.com,"Leonor, Ramir",AGS,"Clark Freeport Zone,PHL",162750
11043,x0101760,,,,,,,,
11079,164204,,,,,,,,
11099,x073955,,,,,,,,
11109,x0101972,,,,,,,,
11143,x087894,,,,,,,,
11202,x083318,,,,,,,,
11254,120602,TuckFoong_Koh@amat.com,"Koh, Tuck Foong",153548,Clinton_Goh@amat.com,"Goh, Clinton",SPG,"Singapore,SGP",120602
11276,157722,ChangKuei_Chen@amat.com,"Chen, Chang Kuei",121380,WeiYang_Lim@amat.com,"Lim, Wei Yang",WWO,"Singapore,SGP",157722
11305,113400,Javien_seah@amat.com,"Seah, Javien Jin Ping",83867,Brian_Tan@amat.com,"Tan, Brian",AGS,"Singapore,SGP",113400
11307,x057150,,,,,,,,
11456,x082044,,,,,,,,
11516,x088529,,,,,,,,
11528,158270,KooiTattJason_Loo@amat.com,"Loo, Kooi Tatt Jason",157692,WaiKeong_Leng@amat.com,"Leng, Wai Keong",WWO,"Singapore,SGP",158270
11577,x094560,,,,,,,,
11634,80814,HeokCheng_Pang@amat.com,"Pang, Heok Cheng (???)",155836,Jose_S_Cortes@amat.com,"Cortes, Jose S.",WWO,"Singapore,SGP",80814
11647,112724,KhimTiong_Soon@amat.com,"Soon, Khim Tiong",106387,Sanjay_Bhat@amat.com,"Bhat, Sanjay",SPG,"Singapore,SGP",112724
11672,x095419,,,,,,,,
11689,x091584,,,,,,,,
11761,115341,Rick_Chua@amat.com,"Chua, Eng tiong",80454,Shaji_Vallinayagam@amat.com,"Vallinayagam, Shaji P",WWO,"Singapore,SGP",115341
11763,117288,CH_Lim@amat.com,"Lim, Cheng Hwee",64665,George_Liu@amat.com,"Liu, George",WWO,"Singapore,SGP",117288
11781,86603,Taras_Lee@amat.com,"Lee, Chee Kheong",119075,Nihat_Kurkcu@amat.com,"Kurkcu, Nihat",WWO,"Singapore,SGP",86603
11806,164240,Derrick_Chin@amat.com,"Chin, Derrick",85310,Scott_Hambleton@amat.com,"Hambleton, Scott A",CSD,"Singapore,SGP",164240
11809,x088629,,,,,,,,
11871,x088630,,,,,,,,
11926,x095571,,,,,,,,
11962,x0102526,,,,,,,,
11980,x0102430,,,,,,,,
11984,x088627,,,,,,,,
11991,x083443,,,,,,,,
12018,x089193,,,,,,,,
12224,159475,,,,,,,,
12251,161342,Bryan_Cheng@amat.com,"Cheng, Bryan Ting On",115341,Rick_Chua@amat.com,"Chua, Eng tiong",WWO,"Singapore,SGP",161342
12254,x078979,,,,,,,,
12284,83493,Guan_Hung_Tay@amat.com,"Tay, Guan Hung",79234,Oliver_Quah@amat.com,"Quah, Han Oon",AGS,"Singapore,SGP",83493
12285,111570,Selvakumar_Ramasamy@amat.com,"Ramasamy, Selvakumar",79234,Oliver_Quah@amat.com,"Quah, Han Oon",AGS,"Kulim,MYS",111570
12291,112417,Ramir_Leonor@amat.com,"Leonor, Ramir",79234,Oliver_Quah@amat.com,"Quah, Han Oon",AGS,"Clark Freeport Zone,PHL",112417
12316,108124,Joe_Xie@amat.com,"Xie, Yong Liang (???)",113634,Li_Zhou@amat.com,"Zhou, Li",WWO,"Singapore,SGP",108124
12343,x095067,,,,,,,,
12379,x0102737,,,,,,,,
12513,x099426,,,,,,,,
12620,119551,Prashant_Agarwal@amat.com,"Agarwal, Prashant",116206,Sarath_Babu@amat.com,"Babu, Sarath",SPG,,119551
12650,x089097,,,,,,,,
12673,x096243,,,,,,,,
12736,x0102524,,,,,,,,
12807,116034,Sok_Kee_Lim@amat.com,"Lim, Sok kee",165338,Steve_Shee@amat.com,"Shee, Steven",FIN,,116034
12811,x082586,,,,,,,,
12853,161400,,,,,,,,
12881,113024,Jimmy_Ranchez@amat.com,"Ranchez, Jimmy Julius P",112962,Sherwin_Santos@amat.com,"Santos, Sherwin",WWO,"Singapore,SGP",113024
12912,115484,Mohamed_Zafarrulah@amat.com,"Mohamed noordin, Mohamed zafarrulah",112962,Sherwin_Santos@amat.com,"Santos, Sherwin",WWO,"Singapore,SGP",115484
12920,158313,Michael_Deveza@amat.com,"Deveza, Michael",112962,Sherwin_Santos@amat.com,"Santos, Sherwin",WWO,"Singapore,SGP",158313
12945,x0102857,,,,,,,,
12949,x058561,,,,,,,,
12968,x083202,,,,,,,,
13016,x088877,,,,,,,,
13077,x095902,,,,,,,,
13169,x074157,,,,,,,,
13175,164220,Sarah_Cheong@amat.com,"Cheong, Sarah",71936,Kok_Wah_Ang@amat.com,"Ang, Kok Wah",QUA,"Singapore,SGP",164220
13183,x095129,,,,,,,,
13249,x0102742,,,,,,,,
13338,162026,Muhammad_IzzatBinAbdulRashid@amat.com,"Izzat Bin Abdul Rashid, Muhammad",111636,Wee_Kok_Peh@amat.com,"Peh, Wee Kok",WWO,"Singapore,SGP",162026
13392,x099538,,,,,,,,
13401,163583,Karthik_Elumalai@amat.com,"Elumalai, Karthik",106703,Ananth_Jupudi@amat.com,"Jupudi, Ananthkrishna",SPG,"Singapore,SGP",163583
13435,81266,,,,,,,,
13454,104326,,,,,,,,
13474,112955,Julius_Sanchez@amat.com,"Sanchez, Julius",172088,KokMeng_Leong@amat.com,"Leong, Kok Meng",WWO,"Singapore,SGP",112955
13489,112952,Christopher_Macatangay@amat.com,"Macatangay, Christopher",111635,Jeff_Koh@amat.com,"Koh, Jeff",WWO,"Singapore,SGP",112952
13518,115321,Heng_seng_Ong@amat.com,"Ong, Heng seng",117288,CH_Lim@amat.com,"Lim, Cheng Hwee",WWO,"Singapore,SGP",115321
13572,115520,Zeleang_Lee@amat.com,"Lee, Ze leang",170531,TianChor_Ee@amat.com,"Ee, Tian Chor",WWO,"Singapore,SGP",115520
13597,66625,,,,,,,,
13610,121170,Vendy_Limhoisim@amat.com,"Lim Hoi Sim, Vendy",113503,Saravanan_Ganesan@amat.com,"Munirathnan Ganesan, Saravanan",WWO,,121170
13628,154034,Muraly_Sunthiramohan@amat.com,"Sunthiramohan, Muraly",172088,KokMeng_Leong@amat.com,"Leong, Kok Meng",WWO,"Singapore,SGP",154034
13644,156218,Arunkumar_Gurusamy@amat.com,"Gurusamy, Arunkumar",170531,TianChor_Ee@amat.com,"Ee, Tian Chor",WWO,"Singapore,SGP",156218
13666,158875,KokWai_Yew@amat.com,"Yew, Kok Wai",111635,Jeff_Koh@amat.com,"Koh, Jeff",WWO,"Singapore,SGP",158875
13701,158868,SENGGUAN_S_LEE@amat.com,"LEE, SENG GUAN",170531,TianChor_Ee@amat.com,"Ee, Tian Chor",WWO,"Singapore,SGP",158868
13718,161775,KokChong_Tan@amat.com,"Tan, Kok Chong",172088,KokMeng_Leong@amat.com,"Leong, Kok Meng",WWO,"Singapore,SGP",161775
13746,x095685,,,,,,,,
13777,x0102659,,,,,,,,
13779,x0102660,,,,,,,,
13782,119075,Nihat_Kurkcu@amat.com,"Kurkcu, Nihat",157327,KC_ong@amat.com,"Ong, KC",WWO,"Singapore,SGP",119075
13789,x0101338,,,,,,,,
13841,x096772,,,,,,,,
13848,x0103133,,,,,,,,
13949,104540,Pin_Gian_Gan@amat.com,"Gan, Pin Gian",79509,Dominic_Hee@amat.com,"Hee, Jyh Chyang",SPG,"Singapore,SGP",104540
13957,71936,Kok_Wah_Ang@amat.com,"Ang, Kok Wah",165326,Andrew_Conley@amat.com,"Conley, Andrew",WWO,"Singapore,SGP",71936
13969,116250,Ticher_Tan@amat.com,"Tan, Ticher",164240,Derrick_Chin@amat.com,"Chin, Derrick",CSD,"Singapore,SGP",116250
14003,110736,Steve_Cai@amat.com,"Cai, Steve",164240,Derrick_Chin@amat.com,"Chin, Derrick",CSD,"Singapore,SGP",110736
14047,120549,ShuangHueiSteve_Chai@amat.com,"Chai, Shuang Huei",172506,KimSoon_Wong@amat.com,"Wong, Kim Soon",WWO,"Singapore,SGP",120549
14076,x079675,,,,,,,,
14112,112899,Sooi_Hwa_Lim@amat.com,"Lim, Sooi Hwa",104605,Soon_Kiat_Chia@amat.com,"Chia, Soon Kiat",WWO,"Singapore,SGP",112899
14139,120923,Zadig_Lam@amat.com,"Lam, Zadig",89915,Sanjiv_Mittal@amat.com,"Mittal, Sanjiv",AGS,"Singapore,SGP",120923
14143,x0103090,,,,,,,,
14233,x0100385,,,,,,,,
14263,164893,Navaneetham_Solaimuthu@amat.com,"Solaimuthu, Navaneetham",73079,Lisa_Tesic@amat.com,"Tesic, Lisa C",WWO,"Singapore,SGP",164893
14274,103084,sw_chow@amat.com,"Chow, Seng Wong",111636,Wee_Kok_Peh@amat.com,"Peh, Wee Kok",WWO,"Singapore,SGP",103084
14334,110464,Laurence_Borjal@amat.com,"Borjal, Laurence G",112962,Sherwin_Santos@amat.com,"Santos, Sherwin",WWO,"Singapore,SGP",110464
14360,111980,Garry_Hay@amat.com,"Hay, Garry",113575,Chin_Soon_Yap@amat.com,"Chin Soon, Yap",WWO,"Singapore,SGP",111980
14393,113023,Siak_Meng_Foo@amat.com,"Foo, Siak Meng",113575,Chin_Soon_Yap@amat.com,"Chin Soon, Yap",WWO,"Singapore,SGP",113023
14430,113525,Sanjay_Kumar@amat.com,"Kumar, Sanjay",113575,Chin_Soon_Yap@amat.com,"Chin Soon, Yap",WWO,"Singapore,SGP",113525
14439,113625,Chee_Keong_Koh@amat.com,"Koh, Chee Keong",113575,Chin_Soon_Yap@amat.com,"Chin Soon, Yap",WWO,"Singapore,SGP",113625
14473,115046,Thomas_Lee@amat.com,"Lee, Leng keaw thomas",111636,Wee_Kok_Peh@amat.com,"Peh, Wee Kok",WWO,"Singapore,SGP",115046
14506,115059,Nazir_Ali@amat.com,"Noor ali, Nazir ali bin",113575,Chin_Soon_Yap@amat.com,"Chin Soon, Yap",WWO,"Singapore,SGP",115059
14543,115305,Ching_lee_Poo@amat.com,"Poo, Ching lee",111636,Wee_Kok_Peh@amat.com,"Peh, Wee Kok",WWO,"Singapore,SGP",115305
14560,115412,Farid_Idros_Sukri@amat.com,"Sukri, Farid idros",111636,Wee_Kok_Peh@amat.com,"Peh, Wee Kok",WWO,"Singapore,SGP",115412
14596,121066,Matthew_P_Williams@amat.com,"Williams, Matthew P",156266,SKunalan_Sithamparanathan@amat.com,"Sithamparanathan, S.Kunalan",WWO,,121066
14615,153955,Rommel_Balatbat@amat.com,"Balatbat, Rommel",111636,Wee_Kok_Peh@amat.com,"Peh, Wee Kok",WWO,"Singapore,SGP",153955
14680,154191,ChinHui_Beh@amat.com,"Beh, Chin Hui",113575,Chin_Soon_Yap@amat.com,"Chin Soon, Yap",WWO,"Singapore,SGP",154191
14723,154249,CheeHong_Tan@amat.com,"Tan, Chee Hong",111636,Wee_Kok_Peh@amat.com,"Peh, Wee Kok",WWO,"Singapore,SGP",154249
14756,x083237,,,,,,,,
14791,155338,KennyKinBin_Lo@amat.com,"Lo, Kenny Kin Bin",113575,Chin_Soon_Yap@amat.com,"Chin Soon, Yap",WWO,"Singapore,SGP",155338
14844,155363,HeCai_Chen@amat.com,"Chen, He Cai",113634,Li_Zhou@amat.com,"Zhou, Li",WWO,"Singapore,SGP",155363
14857,155404,KianHuat_Kang@amat.com,"Kang, Kian Huat",113575,Chin_Soon_Yap@amat.com,"Chin Soon, Yap",WWO,"Singapore,SGP",155404
14892,x085179,,,,,,,,
14914,156988,DwiRahmawanSaputra_BinSamad@amat.com,"Bin Samad, Dwi Rahmawan Saputra",111636,Wee_Kok_Peh@amat.com,"Peh, Wee Kok",WWO,"Singapore,SGP",156988
14974,157002,Hairul_BinAlwi@amat.com,"Bin Alwi, Hairul",111634,Bok_Lim_Koh@amat.com,"Koh, Bok Lim",WWO,"Singapore,SGP",157002
15007,156989,JiaHan_Goh@amat.com,"Goh, Jia Han",175690,Kimhai_Ng@amat.com,"Ng, Kim Hai",WWO,"Singapore,SGP",156989
15039,156990,Laljin_Vasundaran@amat.com,"Vasundaran, Laljin",113575,Chin_Soon_Yap@amat.com,"Chin Soon, Yap",WWO,"Singapore,SGP",156990
15132,159494,Kumar_Dhayalan@amat.com,"Dhayalan, Kumar",113503,Saravanan_Ganesan@amat.com,"Munirathnan Ganesan, Saravanan",WWO,"Singapore,SGP",159494
15162,160148,Wong_KoonSeong@amat.com,"Wong, Koon Seong",111636,Wee_Kok_Peh@amat.com,"Peh, Wee Kok",WWO,"Singapore,SGP",160148
15186,160144,WaiChung_Chaik@amat.com,"Chaik, Wai Chung",111636,Wee_Kok_Peh@amat.com,"Peh, Wee Kok",WWO,"Singapore,SGP",160144
15225,160149,YewLiong_Chieng@amat.com,"Chieng, Yew Liong",113575,Chin_Soon_Yap@amat.com,"Chin Soon, Yap",WWO,"Singapore,SGP",160149
15296,160651,Xinyu_Wu@amat.com,"Wu, Xinyu",111636,Wee_Kok_Peh@amat.com,"Peh, Wee Kok",WWO,"Singapore,SGP",160651
15322,161124,MuhammadSahril_BinZulkipli@amat.com,"Bin Zulkipli, Muhammad Sahril",111636,Wee_Kok_Peh@amat.com,"Peh, Wee Kok",WWO,"Singapore,SGP",161124
15354,160978,Mohandas_Mathavan@amat.com,"Mathavan, Mohandas",113503,Saravanan_Ganesan@amat.com,"Munirathnan Ganesan, Saravanan",WWO,"Singapore,SGP",160978
15383,161414,MuhammadRaizan_BinSuati@amat.com,"Bin Suati, Muhammad Raizan",113575,Chin_Soon_Yap@amat.com,"Chin Soon, Yap",WWO,"Singapore,SGP",161414
15412,161459,JiinXiong_Ooi@amat.com,"Ooi, Jiin Xiong",113575,Chin_Soon_Yap@amat.com,"Chin Soon, Yap",WWO,"Singapore,SGP",161459
15458,x098638,,,,,,,,
15542,x0101040,,,,,,,,
15734,x096869,,,,,,,,
15780,155709,FeiFei_Zheng@amat.com,"Zheng, Fei Fei",113575,Chin_Soon_Yap@amat.com,"Chin Soon, Yap",WWO,"Singapore,SGP",155709
15840,111179,Ai_Ling_Lim@amat.com,"Lim, Ai Ling",164590,Bilal_Abdallah@amat.com,"Abdallah, Bilal",WWO,"Singapore,SGP",111179
15849,113021,Aan_Wooi_Mu@amat.com,"Mu, Aan Wooi",111636,Wee_Kok_Peh@amat.com,"Peh, Wee Kok",WWO,"Singapore,SGP",113021
15927,115413,Noordin_bin_Razali@amat.com,"Mohamad razali, Noordin bin",111636,Wee_Kok_Peh@amat.com,"Peh, Wee Kok",WWO,"Singapore,SGP",115413
15950,161105,KokYew_Tan@amat.com,"Tan, Kok Yew",174335,Ganesh_Sivaraj@amat.com,"Sivaraj, Ganesh",WWO,"Singapore,SGP",161105
15977,x031392,,,,,,,,
15989,x085925,,,,,,,,
16040,x090042,,,,,,,,
16116,x097086,,,,,,,,
16127,x097363,,,,,,,,
16156,112985,Wayne_Tan@amat.com,"Tan, Wee Yen",157692,WaiKeong_Leng@amat.com,"Leng, Wai Keong",WWO,"Singapore,SGP",112985
16186,120927,Gandhi_Eswaraprasad@amat.com,"ESWARAPRASAD, GANDHI",157692,WaiKeong_Leng@amat.com,"Leng, Wai Keong",WWO,"Singapore,SGP",120927
16221,x097505,,,,,,,,
16260,x099207,,,,,,,,
16316,x086770,,,,,,,,
16321,63452,,,,,,,,
16352,112117,Sik_Hin_Chi@amat.com,"Chi, Sik Hin",71032,Jim_Papanu@amat.com,"Papanu, James S",SPG,"Singapore,SGP",112117
16362,158973,Kelvin_Boh@amat.com,"Boh, Kelvin",113175,Junqi_Wei@amat.com,"Wei, Junqi (???)",SPG,"Singapore,SGP",158973
16389,x097122,,,,,,,,
16390,x058491,,,,,,,,
16426,x0103571,,,,,,,,
16473,x0103574,,,,,,,,
16533,x0103601,,,,,,,,
16585,x0103674,,,,,,,,
16611,x0100870,,,,,,,,
16624,115517,Yue_Hoe_Sum@amat.com,"Sum, Yue hoe",158024,Divya_Nadig@amat.com,"Nadig, Divya V",AGS,"Singapore,SGP",115517
16636,156670,,,,,,,,
16654,x0103717,,,,,,,,
16726,153548,Clinton_Goh@amat.com,"Goh, Clinton",112311,Bridger_Hoerner@amat.com,"Hoerner, Bridger E",SPG,"Singapore,SGP",153548
16727,x0102952,,,,,,,,
16790,163756,Desmond_Seow@amat.com,"Seow, Desmond",63859,Conor_Ryan@amat.com,"Ryan, Conor",AGS,,163756
16793,x095518,,,,,,,,
16874,x0103675,,,,,,,,
17038,157172,Dat_Le@amat.com,"Le, Dat T",74426,Mei_Li@amat.com,"Li, Mei (??)",FIN,,157172
17050,113653,Vincentius_Djoko_Nugroho@amat.com,"Djoko Nugroho, Vincentius",162321,BoonTiang_Soh@amat.com,"Soh, Boon Tiang",WWO,"Singapore,SGP",113653
17088,x089839,,,,,,,,
17096,164882,MohamedThaqif_KaderMaideen@amat.com,"Kader Maideen, Mohamed Thaqif",120208,Queencyhl_Low@amat.com,"Low, Queency",WWO,"Singapore,SGP",164882
17104,x080189,,,,,,,,
17134,x084296,,,,,,,,
17208,156266,SKunalan_Sithamparanathan@amat.com,"Sithamparanathan, S.Kunalan",84182,Sonny_Kunnakkat@amat.com,"Kunnakkat, Sonny",WWO,"Singapore,SGP",156266
17231,143957,felix_hau@amat.com,"Lian Hwee, Hau",119012,C_k_Sowmithri@amat.com,"Sowmithri, C k",WWO,"Singapore,SGP",143957
17259,79048,Terence_Foo@amat.com,"Foo, Sei Wang Terence",156266,SKunalan_Sithamparanathan@amat.com,"Sithamparanathan, S.Kunalan",WWO,"Singapore,SGP",79048
17294,67681,JongMin_Kim@amat.com,"Kim, Jong Min",166865,Teck_Koon_Lee@amat.com,"Lee, Teck Koon",AGS,"Singapore,SGP",67681
17298,x0103959,,,,,,,,
17454,153953,Alvin_Huang@amat.com,"Huang, Alvin",113575,Chin_Soon_Yap@amat.com,"Chin Soon, Yap",WWO,"Singapore,SGP",153953
17473,155351,ChunHing_Kwok@amat.com,"Kwok, Chun Hing",111636,Wee_Kok_Peh@amat.com,"Peh, Wee Kok",WWO,"Singapore,SGP",155351
17501,157988,ShengJie_Teo@amat.com,"Teo, Sheng Jie",113634,Li_Zhou@amat.com,"Zhou, Li",WWO,"Singapore,SGP",157988
17512,111450,Dinesh_BudhiSubramani@amat.com,"Budhi Subramani, Dinesh",113634,Li_Zhou@amat.com,"Zhou, Li",WWO,"Singapore,SGP",111450
17516,113504,june_chiam@amat.com,"Chiam, June Hwee Kiang",173679,Kelly_Maberry@amat.com,"Maberry, Kelly M",HRM,"Singapore,SGP",113504
17517,113622,Arnold_Dela_Cruz@amat.com,"Dela Cruz, Arnold",113575,Chin_Soon_Yap@amat.com,"Chin Soon, Yap",WWO,"Singapore,SGP",113622
17554,155339,MohamedNazirudeen_BinAbdulRahman@amat.com,"Bin Abdul Rahman, Mohamed Nazirudeen",111634,Bok_Lim_Koh@amat.com,"Koh, Bok Lim",WWO,"Singapore,SGP",155339
17577,109569,Khor_Wui_Cheng@amat.com,"Cheng, Khor Wui",170811,JinKiat_Ng@amat.com,"Ng, Jin Kiat",CTO,"Singapore,SGP",109569
17604,112898,Roy_Ocampo@amat.com,"Ocampo, Roy L",117288,CH_Lim@amat.com,"Lim, Cheng Hwee",WWO,"Singapore,SGP",112898
17621,x090978,,,,,,,,
17765,x090979,,,,,,,,
17846,x090981,,,,,,,,
18000,x097362,,,,,,,,
18026,113051,Mohd_Hassan@amat.com,"Mohd Hassan, Abu Talib",79182,Meng_Yih_Chai@amat.com,"Chai, Meng Yih",WWO,"Singapore,SGP",113051
18100,x097575,,,,,,,,
18122,x099623,,,,,,,,
18149,102541,Azlan_Aziz@amat.com,"Aziz, Azlan Abdul",117288,CH_Lim@amat.com,"Lim, Cheng Hwee",WWO,"Singapore,SGP",102541
18169,110635,Christopher_Fortuna@amat.com,"Fortuna, Christopher Joy",117288,CH_Lim@amat.com,"Lim, Cheng Hwee",WWO,"Singapore,SGP",110635
18190,111955,Ephraim_Tio@amat.com,"Tio, Ephraim",117288,CH_Lim@amat.com,"Lim, Cheng Hwee",WWO,"Singapore,SGP",111955
18209,121145,SriRengan_Gopal@amat.com,"Gopal, Sri Rengan",117288,CH_Lim@amat.com,"Lim, Cheng Hwee",WWO,"Singapore,SGP",121145
18225,x075584,,,,,,,,
18267,x086359,,,,,,,,
18484,x088661,,,,,,,,
18520,x091758,,,,,,,,
18581,x091876,,,,,,,,
18613,x091938,,,,,,,,
18780,x093629,,,,,,,,
18813,x093753,,,,,,,,
18848,x093765,,,,,,,,
18942,164468,Aylwin_Wang@amat.com,"Wang, Aylwin",117288,CH_Lim@amat.com,"Lim, Cheng Hwee",WWO,"Singapore,SGP",164468
18969,165255,Rahul_Jayasurya@amat.com,"Jayasurya, Rahul",66113,Eunsook_Kang@amat.com,"Kang, Eunsook (???)",GIS,"Singapore,SGP",165255
18991,x084598,,,,,,,,
19056,115419,Boon_Chai_Eng@amat.com,"Eng, Boon chai",113575,Chin_Soon_Yap@amat.com,"Chin Soon, Yap",WWO,"Singapore,SGP",115419
19087,x078639,,,,,,,,
19132,x085810,,,,,,,,
19206,x093049,,,,,,,,
19282,x093766,,,,,,,,
19304,x094034,,,,,,,,
19443,x094036,,,,,,,,
19456,x094039,,,,,,,,
19469,x094220,,,,,,,,
19528,x094266,,,,,,,,
19624,x099821,,,,,,,,
19658,155981,Jonald_Vivero@amat.com,"Vivero, Jonald",172088,KokMeng_Leong@amat.com,"Leong, Kok Meng",WWO,"Singapore,SGP",155981
19676,x085424,,,,,,,,
19691,x086364,,,,,,,,
19695,x090418,,,,,,,,
19718,x093963,,,,,,,,
19719,x094278,,,,,,,,
19763,x094708,,,,,,,,
19859,x094739,,,,,,,,
19961,x094738,,,,,,,,
20006,x094740,,,,,,,,
20058,x094735,,,,,,,,
20111,x094733,,,,,,,,
20177,x095858,,,,,,,,
20210,x095860,,,,,,,,
20322,x095855,,,,,,,,
20375,x095854,,,,,,,,
20468,x095910,,,,,,,,
20505,x096963,,,,,,,,
20556,x096960,,,,,,,,
20623,x096968,,,,,,,,
20705,x097314,,,,,,,,
20759,x097319,,,,,,,,
20834,x097318,,,,,,,,
20927,x098364,,,,,,,,
20982,x099819,,,,,,,,
21038,x099818,,,,,,,,
21131,x099835,,,,,,,,
21171,x099822,,,,,,,,
21205,x099824,,,,,,,,
21251,x099820,,,,,,,,
21331,165135,ahmad_akmal@amat.com,"Shaharuddin, Ahmad Akmal",117276,Mohd_Fadillah@amat.com,"Mohamad Iskandar, Mohamad Fadillah",AGS,"Kulim,MYS",165135
21335,x0100083,,,,,,,,
21392,x090740,,,,,,,,
21433,x098434,,,,,,,,
21441,165243,Jingyi_Guo@amat.com,"Guo, Jingyi",119012,C_k_Sowmithri@amat.com,"Sowmithri, C k",WWO,"Singapore,SGP",165243
21464,166475,LIM_FangJie@amat.com,"FangJie, LIM",163583,Karthik_Elumalai@amat.com,"Elumalai, Karthik",SPG,"Singapore,SGP",166475
21556,x095307,,,,,,,,
21709,x086017,,,,,,,,
21746,119182,Wiselin_Rajasundaram@amat.com,"Rajasundaram, Wiselin",12809,Ben_Goel@amat.com,"Goel, Vaneet K",WWO,,119182
21784,116828,Chanishka_niduk_Ratnapala@amat.com,"Ratnapala, Chanishka niduk",71936,Kok_Wah_Ang@amat.com,"Ang, Kok Wah",QUA,"Singapore,SGP",116828
21841,x095130,,,,,,,,
21844,165306,ChinWei_Tan@amat.com,"Tan, Chin Wei",163583,Karthik_Elumalai@amat.com,"Elumalai, Karthik",SPG,"Singapore,SGP",165306
21860,x0104099,,,,,,,,
21928,106703,Ananth_Jupudi@amat.com,"Jupudi, Ananthkrishna",11659,Matt_Tsai@amat.com,"Tsai, Cheng-Hsiung",SPG,"Singapore,SGP",106703
21958,87259,Man_Ming_Chiu@amat.com,"Chiu, Man Ming",121380,WeiYang_Lim@amat.com,"Lim, Wei Yang",WWO,"Singapore,SGP",87259
21982,119012,C_k_Sowmithri@amat.com,"Sowmithri, C k",119075,Nihat_Kurkcu@amat.com,"Kurkcu, Nihat",WWO,"Singapore,SGP",119012
22009,89415,,,,,,,,
22014,64665,George_Liu@amat.com,"Liu, Guang He",119075,Nihat_Kurkcu@amat.com,"Kurkcu, Nihat",WWO,"Singapore,SGP",64665
22030,115051,Sai_kheong_Ng@amat.com,"Ng, Sai kheong",64665,George_Liu@amat.com,"Liu, George",WWO,"Singapore,SGP",115051
22072,108314,Muralidhar_Subramaniam@amat.com,"R Subramaniam, Muralidhar",106387,Sanjay_Bhat@amat.com,"Bhat, Sanjay",SPG,"Singapore,SGP",108314
22101,67912,Ricardo_Vinluan@amat.com,"Vinluan, Ricardo F",79955,Damien_Soh@amat.com,"Soh, Kian Seng",SPG,"Singapore,SGP",67912
22116,88049,Vageswaran_Kariakarfan@amat.com,"Kariakarfan, Vageswaran",80193,Douglas_Campbell@amat.com,"Campbell, Douglas J",WWO,"Singapore,SGP",88049
22127,71032,,,,,,,,
22147,116859,Praveen_Choragudi@amat.com,"Choragudi, Praveen",106387,Sanjay_Bhat@amat.com,"Bhat, Sanjay",SPG,"Singapore,SGP",116859
22171,144152,William_Toh@amat.com,"Toh, William",108082,To-Anh_Nguyen@amat.com,"Nguyen, To-Anh T",LEG,"Singapore,SGP",144152
22211,x063952,,,,,,,,
22325,83867,Brian_Tan@amat.com,"Tan, Kai Piang",63859,Conor_Ryan@amat.com,"Ryan, Conor",AGS,"Singapore,SGP",83867
22333,66947,,,,,,,,
22374,116145,Ribhu_Gautam@amat.com,"Gautam, Ribhu",106387,Sanjay_Bhat@amat.com,"Bhat, Sanjay",SPG,"Singapore,SGP",116145
22409,106387,Sanjay_Bhat@amat.com,"Bhat, Sanjay",154348,Vibhu_Jindal@amat.com,"Jindal, Vibhu",SPG,"Singapore,SGP",106387
22447,120647,Sankesha_Bhoyar@amat.com,"Bhoyar, Sankesha",153874,Abbas_Rastegar@amat.com,"Rastegar, Abbas",SPG,"Singapore,SGP",120647
22474,103773,Shan_Ponnambalam@amat.com,"Shanmuganathan, Ponnambalam",170200,Ann_Fleishell@amat.com,"Fleishell, Ann",EEG,"Singapore,SGP",103773
22480,153825,ChoonHong_Yong@amat.com,"Yong, Choon Hong",79955,Damien_Soh@amat.com,"Soh, Kian Seng",SPG,"Singapore,SGP",153825
22486,165401,ShaoKit_Wong@amat.com,"Wong, Shao Kit",108124,Joe_Xie@amat.com,"Xie, Yong Liang (???)",WWO,"Singapore,SGP",165401
22543,x0104497,,,,,,,,
22544,x099414,,,,,,,,
22556,x099419,,,,,,,,
22569,x0104559,,,,,,,,
22622,x0104632,,,,,,,,
22672,x0104558,,,,,,,,
22757,165538,SaiKumar_Kodumuri@amat.com,"Kodumuri, Sai Kumar",116206,Sarath_Babu@amat.com,"Babu, Sarath",SPG,"Singapore,SGP",165538
22771,x0104814,,,,,,,,
22837,165568,EngHuat_Ng@amat.com,"Ng, Eng Huat",72247,Dougie_Russell@amat.com,"Russell, Dougie",AGS,"Singapore,SGP",165568
22865,x0104901,,,,,,,,
23009,x0104964,,,,,,,,
23029,x0105028,,,,,,,,
23086,x0105119,,,,,,,,
23092,165618,Tomas_RomeroNavarre@amat.com,"Romero Navarre, Tomas",65200,Juan_Manufacturing_Rodriguez@amat.com,"Rodriguez, Juan A",WWO,,165618
23122,165731,James_Yap@amat.com,"Yap, Chin Po (YapChin Po)",144152,William_Toh@amat.com,"Toh, William",LEG,"Singapore,SGP",165731
23124,x0105219,,,,,,,,
23185,x0105238,,,,,,,,
23225,x0105281,,,,,,,,
23283,166322,Cai_Xiao@amat.com,"CAI, XIAO (CAIXIAO)",112724,KhimTiong_Soon@amat.com,"Soon, Khim Tiong",SPG,"Singapore,SGP",166322
23401,162425,Kenneth_Tan@amat.com,"Tan, Kenneth (???)",117288,CH_Lim@amat.com,"Lim, Cheng Hwee",WWO,"Singapore,SGP",162425
23425,x0103572,,,,,,,,
23464,119104,,,,,,,,
23469,x083429,,,,,,,,
23532,161234,Jacjit_Singh@amat.com,"Singh, Jacjit",79547,Mark_Derderian@amat.com,"Derderian, Mark A",WWO,"Singapore,SGP",161234
23590,x086436,,,,,,,,
23607,165862,YihLiang_Loo@amat.com,"Loo, Yih Liang",111179,Ai_Ling_Lim@amat.com,"Lim, Ai Ling",WWO,"Singapore,SGP",165862
23621,165945,Erica_Teo@amat.com,"Teo, Erica",170848,Zhen_Li@amat.com,"Li, Zhen",AIT,"Singapore,SGP",165945
23628,165982,FeiYong_Wong@amat.com,"Wong, Fei Yong",117276,Mohd_Fadillah@amat.com,"Mohamad Iskandar, Mohamad Fadillah",AGS,"Kulim,MYS",165982
23629,x0105671,,,,,,,,
23740,x0105695,,,,,,,,
23810,166057,,,,,,,,
23841,166222,tracy_khoo@amat.com,"Khoo, Tracy Ai Lee",112996,Melvin_Lee@amat.com,"Lee, Melvin",WWO,"Singapore,SGP",166222
23845,166244,Rita_Tsang@amat.com,"Tsang, Ka Mei",11621,joe_pon@amat.com,"Pon, Joseph M",CSD,"Singapore,SGP",166244
23851,x0106032,,,,,,,,
23852,166277,WeiQin_Chan@amat.com,"Chan, Wei Qin",117288,CH_Lim@amat.com,"Lim, Cheng Hwee",WWO,"Singapore,SGP",166277
23879,x0106181,,,,,,,,
23903,x0106187,,,,,,,,
23980,x0106185,,,,,,,,
24006,x0106260,,,,,,,,
24018,x0106261,,,,,,,,
24029,166259,WaiKin_Phan@amat.com,"Phan, Wai Kin",153874,Abbas_Rastegar@amat.com,"Rastegar, Abbas",SPG,"Singapore,SGP",166259
24076,166256,YE_XIAOFENG@amat.com,"XIAOFENG, YE (???)",111636,Wee_Kok_Peh@amat.com,"Peh, Wee Kok",WWO,"Singapore,SGP",166256
24104,x0106370,,,,,,,,
24116,166325,Roy_Kok@amat.com,"Kok, Roy",64665,George_Liu@amat.com,"Liu, George",WWO,"Singapore,SGP",166325
24161,x0106423,,,,,,,,
24186,x0106093,,,,,,,,
24220,166389,TIANHUANG_ONG@amat.com,"ONG, TIAN HUANG",111636,Wee_Kok_Peh@amat.com,"Peh, Wee Kok",WWO,"Singapore,SGP",166389
24240,x0106624,,,,,,,,
24262,x0106795,,,,,,,,
24353,x0106787,,,,,,,,
24377,166513,Hairil_Kamsani@amat.com,"Kamsani, Hairil",111635,Jeff_Koh@amat.com,"Koh, Jeff",WWO,"Singapore,SGP",166513
24419,166525,KokChun_Ng@amat.com,"Ng, Kok Chun",172088,KokMeng_Leong@amat.com,"Leong, Kok Meng",WWO,"Singapore,SGP",166525
24448,166556,XiaoLing_Liang@amat.com,"Liang, XiaoLing",172088,KokMeng_Leong@amat.com,"Leong, Kok Meng",WWO,"Singapore,SGP",166556
24488,166553,TeckPoon_Loy@amat.com,"Loy, Teck Poon",170531,TianChor_Ee@amat.com,"Ee, Tian Chor",WWO,"Singapore,SGP",166553
24525,166557,WeiYi_Poh@amat.com,"Poh, WeiYi",170531,TianChor_Ee@amat.com,"Ee, Tian Chor",WWO,"Singapore,SGP",166557
24554,x0106939,,,,,,,,
24595,166597,NgiapHan_Tan@amat.com,"Tan, Ngiap Han",160305,Nam_Le@amat.com,"Le, Nam",SPG,"Singapore,SGP",166597
24623,166595,ShuiYuan_Tan@amat.com,"Tan, Shui Yuan",121380,WeiYang_Lim@amat.com,"Lim, Wei Yang",WWO,"Singapore,SGP",166595
24649,166609,Johnathan_Orana@amat.com,"Orana, Johnathan",175690,Kimhai_Ng@amat.com,"Ng, Kim Hai",WWO,"Singapore,SGP",166609
24660,x0107051,,,,,,,,
24685,x0107280,,,,,,,,
24738,x0107365,,,,,,,,
24777,x0107480,,,,,,,,
24818,x0107528,,,,,,,,
24821,x0107685,,,,,,,,
24835,x0107730,,,,,,,,
24918,x0107756,,,,,,,,
24936,x0107933,,,,,,,,
24958,166857,MohamedIsa_Hasan@amat.com,"Hasan, Mohamed Isa",104605,Soon_Kiat_Chia@amat.com,"Chia, Soon Kiat",WWO,"Singapore,SGP",166857
25003,x0108020,,,,,,,,
25065,x0108018,,,,,,,,
25116,166885,YongKin_Tham@amat.com,"Tham, Yong Kin",117288,CH_Lim@amat.com,"Lim, Cheng Hwee",WWO,"Singapore,SGP",166885
25146,x0107906,,,,,,,,
25185,x0108233,,,,,,,,
25357,166923,Engsoon_Yap@amat.com,"Yap, Eng soon",156266,SKunalan_Sithamparanathan@amat.com,"Sithamparanathan, S.Kunalan",WWO,"Singapore,SGP",166923
25360,x0108272,,,,,,,,
25382,x0108314,,,,,,,,
25468,166865,Teck_Koon_Lee@amat.com,"Lee, Teck Koon",120923,Zadig_Lam@amat.com,"Lam, Zadig",AGS,"Singapore,SGP",166865
25472,x0108401,,,,,,,,
25516,x0108469,,,,,,,,
25533,x0108505,,,,,,,,
25593,x0108531,,,,,,,,
25630,x0108585,,,,,,,,
25668,x0108611,,,,,,,,
25699,167052,Mengxue_Wu@amat.com,"Wu, Mengxue",120478,SiewKit_Hoi@amat.com,"Hoi, Siew Kit",SPG,"Singapore,SGP",167052
25718,167051,DavidJunJie_Qiu@amat.com,"Qiu, David JunJie",108124,Joe_Xie@amat.com,"Xie, Yong Liang (???)",WWO,"Singapore,SGP",167051
25756,x0112747,,,,,,,,
25774,x0112909,,,,,,,,
25798,x0112914,,,,,,,,
25856,167053,Ying_Wang2@amat.com,"Wang, Ying",153538,gilbert_see@amat.com,"See, Guan Huei",SPG,"Singapore,SGP",167053
25878,167058,Lulu_Xiong@amat.com,"Xiong, Lulu",121012,Zongbin_Wang@amat.com,"Wang, Ben Zongbin",SPG,"Singapore,SGP",167058
25913,170257,MUHAMMADKHAIRULHUDA_BINAYUB@amat.com,"BIN AYUB, MUHAMMAD KHAIRUL HUDA",157692,WaiKeong_Leng@amat.com,"Leng, Wai Keong",WWO,"Singapore,SGP",170257
25951,170248,MAVERICKWENLONG_LIM@amat.com,"LIM, MAVERICK WEN LONG",111636,Wee_Kok_Peh@amat.com,"Peh, Wee Kok",WWO,"Singapore,SGP",170248
25988,x0113171,,,,,,,,
26036,x0113328,,,,,,,,
26079,x0113346,,,,,,,,
26094,170395,Jim_Ho@amat.com,"Ho, Jim",108124,Joe_Xie@amat.com,"Xie, Yong Liang (???)",WWO,"Singapore,SGP",170395
26124,x0113509,,,,,,,,
26204,x0113508,,,,,,,,
26223,170337,Sulaiman_Salleh@amat.com,"Salleh, Sulaiman",111634,Bok_Lim_Koh@amat.com,"Koh, Bok Lim",WWO,"Singapore,SGP",170337
26286,170338,MuhammadAfiq_Rasid@amat.com,"Rasid, Muhammad Afiq",111634,Bok_Lim_Koh@amat.com,"Koh, Bok Lim",WWO,"Singapore,SGP",170338
26348,170365,NAGARAJAN_PERUMALU@amat.com,"PERUMALU, NAGARAJAN",174335,Ganesh_Sivaraj@amat.com,"Sivaraj, Ganesh",WWO,"Singapore,SGP",170365
26395,x0113709,,,,,,,,
26409,x0113761,,,,,,,,
26545,x0113765,,,,,,,,
26593,x0113789,,,,,,,,
26659,x0113832,,,,,,,,
26694,x0113766,,,,,,,,
26718,x0113883,,,,,,,,
26862,x0113899,,,,,,,,
26912,x0113922,,,,,,,,
27015,x0114008,,,,,,,,
27039,x0114012,,,,,,,,
27079,x0114016,,,,,,,,
27115,x0114017,,,,,,,,
27147,x0114018,,,,,,,,
27162,x0113830,,,,,,,,
27177,x0113879,,,,,,,,
27191,x0114135,,,,,,,,
27226,x0114193,,,,,,,,
27287,170531,TianChor_Ee@amat.com,"Ee, Tian Chor",64665,George_Liu@amat.com,"Liu, George",WWO,"Singapore,SGP",170531
27318,170551,HsiaoYingShelly_Cheng@amat.com,"Cheng, Hsiao-Ying Shelly",161417,TzeHowe_Charn@amat.com,"Charn, Tze Howe",AIT,"Singapore,SGP",170551
27408,x0114264,,,,,,,,
27435,x0114302,,,,,,,,
27472,x0114321,,,,,,,,
27500,x0114459,,,,,,,,
27529,x0114496,,,,,,,,
27556,x0114499,,,,,,,,
27572,x0114505,,,,,,,,
27591,x0114506,,,,,,,,
27626,x0114507,,,,,,,,
27672,x0114699,,,,,,,,
27674,x0115155,,,,,,,,
27719,x0115361,,,,,,,,
27746,x0115412,,,,,,,,
27812,x0115413,,,,,,,,
27846,x0115420,,,,,,,,
27855,x0115427,,,,,,,,
27867,x0115448,,,,,,,,
27894,x0115494,,,,,,,,
27959,x0115648,,,,,,,,
27981,x0115766,,,,,,,,
28003,x0115767,,,,,,,,
28009,x0115816,,,,,,,,
28273,x0116109,,,,,,,,
28318,x0116125,,,,,,,,
28369,x0116239,,,,,,,,
28394,x0116271,,,,,,,,
28640,x0116270,,,,,,,,
28671,x0116437,,,,,,,,
28789,172356,,,,,,,,
28826,x0116665,,,,,,,,
28923,172405,ChuErn_Lim@amat.com,"Lim, Chu Ern",117276,Mohd_Fadillah@amat.com,"Mohamad Iskandar, Mohamad Fadillah",AGS,,172405
28924,x0116738,,,,,,,,
28962,172428,Richard_Hazlehurst@amat.com,"Hazlehurst, Richard",106703,Ananth_Jupudi@amat.com,"Jupudi, Ananthkrishna",SPG,,172428
28978,x0116864,,,,,,,,
28996,172493,,,,,,,,
29020,x0116974,,,,,,,,
29046,x0117034,,,,,,,,
29089,x0117035,,,,,,,,
29115,x0117036,,,,,,,,
29142,x0117207,,,,,,,,
29169,x0117289,,,,,,,,
29220,x0117348,,,,,,,,
29227,x0117400,,,,,,,,
29261,x095905,,,,,,,,
29274,172683,Vinodh_SHANMUGAM@amat.com,"SHANMUGAM, Vinodh",166598,Andy_Yong@amat.com,"YONG, Andy",SPG,,172683
29316,x0117509,,,,,,,,
29359,172666,Santosh_KumarRath@amat.com,"Kumar Rath, Santosh",166598,Andy_Yong@amat.com,"YONG, Andy",SPG,,172666
29394,172675,LihFang_Tang@amat.com,"Tang, Lih Fang",170811,JinKiat_Ng@amat.com,"Ng, Jin Kiat",CTO,,172675
29415,x0117981,,,,,,,,
29438,x0117983,,,,,,,,
29460,x0117984,,,,,,,,
29469,x0118008,,,,,,,,
29573,x0118009,,,,,,,,
29644,x0118010,,,,,,,,
29720,172668,,,,,,,,
29723,x0118032,,,,,,,,
29756,x0118033,,,,,,,,
29804,x0118113,,,,,,,,
29940,172949,HaoYing_Ong@amat.com,"Ong, Hao Ying",80686,Teow_Beng_Lim@amat.com,"Lim, Teow Beng",WWO,,172949
29967,x0118232,,,,,,,,
30024,x0118263,,,,,,,,
30061,x0118335,,,,,,,,
30117,x0118384,,,,,,,,
30191,x0118406,,,,,,,,
30223,x0118407,,,,,,,,
30251,172967,WeiJing_Ang@amat.com,"Ang, Wei Jing",119012,C_k_Sowmithri@amat.com,"Sowmithri, C k",WWO,,172967
30278,173026,ChongXin_Liyaw@amat.com,"Liyaw, Chong Xin",117288,CH_Lim@amat.com,"Lim, Cheng Hwee",WWO,,173026
30294,x0118550,,,,,,,,
30334,x0118618,,,,,,,,
30366,x0118619,,,,,,,,
30739,x0118641,,,,,,,,
30762,x0118706,,,,,,,,
30763,x0118710,,,,,,,,
30942,x0118711,,,,,,,,
31055,x0118713,,,,,,,,
31147,x0118714,,,,,,,,
31171,x0118754,,,,,,,,
31188,x0118826,,,,,,,,
31195,x0118821,,,,,,,,
31223,x0118755,,,,,,,,
31275,x0118829,,,,,,,,
31285,x0118827,,,,,,,,
31289,x0118841,,,,,,,,
31332,x0118828,,,,,,,,
31349,x0118779,,,,,,,,
31437,x0119016,,,,,,,,
31511,x0119027,,,,,,,,
31547,x0119093,,,,,,,,
31648,x0119094,,,,,,,,
31701,x0119128,,,,,,,,
31727,x0119124,,,,,,,,
31750,x0118739,,,,,,,,
31773,x089353,,,,,,,,
31801,173310,Abdulhadi_Binabdullahsamad@amat.com,"Bin Abdullah Samad, Abdul Hadi",157692,WaiKeong_Leng@amat.com,"Leng, Wai Keong",WWO,,173310
31841,x0119206,,,,,,,,
31932,x0119266,,,,,,,,
31995,x0119308,,,,,,,,
32023,173341,Jasmine_Chan@amat.com,"Chan, Jasmine",117288,CH_Lim@amat.com,"Lim, Cheng Hwee",WWO,,173341
32047,x0119329,,,,,,,,
32064,x0119155,,,,,,,,
32080,x0119396,,,,,,,,
32122,173182,Yao_Jiyi@amat.com,"Jiyi, Yao",80686,Teow_Beng_Lim@amat.com,"Lim, Teow Beng",WWO,,173182
32156,173271,Menghui_Chia@amat.com,"Chia, Meng Hui",170811,JinKiat_Ng@amat.com,"Ng, Jin Kiat",CTO,,173271
32161,x0119427,,,,,,,,
32204,x0119523,,,,,,,,
32238,x0119522,,,,,,,,
32288,x0119554,,,,,,,,
32329,x0119553,,,,,,,,
32348,x0119612,,,,,,,,
32359,x0119617,,,,,,,,
32382,x0119615,,,,,,,,
32420,173466,Chuikiong_Gian@amat.com,"Gian, Chui Kiong",111635,Jeff_Koh@amat.com,"Koh, Jeff",WWO,,173466
32448,173467,Arif_Binselamat@amat.com,"Bin Selamat, Arif",111635,Jeff_Koh@amat.com,"Koh, Jeff",WWO,,173467
32481,x0119692,,,,,,,,
32510,x0119700,,,,,,,,
32519,173435,Louisa_Koh@amat.com,"Koh, Fei Yuan Louisa",121380,WeiYang_Lim@amat.com,"Lim, Wei Yang",WWO,,173435
32548,x0119640,,,,,,,,
32570,x0119736,,,,,,,,
32579,x0119737,,,,,,,,
32614,x0119806,,,,,,,,
32663,x0119807,,,,,,,,
32702,x0119805,,,,,,,,
32738,x0119810,,,,,,,,
32783,x0119619,,,,,,,,
32825,x0119834,,,,,,,,
32851,x0119838,,,,,,,,
32896,x0119969,,,,,,,,
32924,x0119970,,,,,,,,
32956,x0120004,,,,,,,,
33012,x0119808,,,,,,,,
33020,x0120046,,,,,,,,
33027,x0120038,,,,,,,,
33096,x0120045,,,,,,,,
33121,x0120037,,,,,,,,
33156,x0120043,,,,,,,,
33199,x0120039,,,,,,,,
33244,x0120044,,,,,,,,
33254,x0120073,,,,,,,,
33334,x0119839,,,,,,,,
33363,x0120075,,,,,,,,
33651,x0120074,,,,,,,,
33693,x0119971,,,,,,,,
33694,x0119837,,,,,,,,
33716,x0120179,,,,,,,,
33773,x0120180,,,,,,,,
33798,x0120204,,,,,,,,
33872,x0120229,,,,,,,,
33892,x0120003,,,,,,,,
33909,173717,Afiq_Azlan@amat.com,"Azlan, Muhammad Afiq Bin",115051,Sai_kheong_Ng@amat.com,"Ng, Sai kheong",WWO,,173717
33928,x0120297,,,,,,,,
33947,x0120321,,,,,,,,
33980,x0120325,,,,,,,,
33990,x0120323,,,,,,,,
34012,x0120324,,,,,,,,
34033,173710,Alex_lei_wu@amat.com,"Wu, Lei",121380,WeiYang_Lim@amat.com,"Lim, Wei Yang",WWO,,173710
34067,x0120006,,,,,,,,
34094,x0119909,,,,,,,,
34121,x0120294,,,,,,,,
34148,x0120299,,,,,,,,
34180,x0120293,,,,,,,,
34224,173770,Diana_Bintesabtu@amat.com,"Binte Sabtu, Diana",157692,WaiKeong_Leng@amat.com,"Leng, Wai Keong",WWO,,173770
34229,x0120365,,,,,,,,
34236,x0120178,,,,,,,,
34256,x0120410,,,,,,,,
34276,173733,Pearlvinderkaur_Mindalsingh@amat.com,"Mindal Singh, Pearlvinder Kaur",172088,KokMeng_Leong@amat.com,"Leong, Kok Meng",WWO,,173733
34303,173795,Abdulrazak_Binabdulrahman@amat.com,"Bin Abdul Rahman, Abdul Razak",172088,KokMeng_Leong@amat.com,"Leong, Kok Meng",WWO,,173795
34322,x0120464,,,,,,,,
34367,x0120468,,,,,,,,
34422,x0120465,,,,,,,,
34452,x0120488,,,,,,,,
34465,173851,Mohamadhafis_Binabdullatiff@amat.com,"Bin Abdul Latiff, Mohamad Hafis",172506,KimSoon_Wong@amat.com,"Wong, Kim Soon",WWO,,173851
34475,x0120537,,,,,,,,
34508,x0120538,,,,,,,,
34536,x0120542,,,,,,,,
34589,173626,Yeming_Tan@amat.com,"Tan, Ye Ming",117288,CH_Lim@amat.com,"Lim, Cheng Hwee",WWO,,173626
34615,173746,Zhongjie_Tan@amat.com,"Tan, Zhong Jie",121380,WeiYang_Lim@amat.com,"Lim, Wei Yang",WWO,,173746
34650,x0120602,,,,,,,,
34672,x0120631,,,,,,,,
34688,x0120648,,,,,,,,
34720,x0120706,,,,,,,,
34753,x0120463,,,,,,,,
34778,174001,Muhammadkhairi_Binchesani@amat.com,"bin Che Sani, Muhammad Khairi",111634,Bok_Lim_Koh@amat.com,"Koh, Bok Lim",WWO,,174001
34808,174002,Lam_Kean@amat.com,"Kean, Lam",111634,Bok_Lim_Koh@amat.com,"Koh, Bok Lim",WWO,,174002
34851,x0120743,,,,,,,,
34857,x0120742,,,,,,,,
34893,x0120752,,,,,,,,
34923,174026,Lo_Jingnam@amat.com,"Jing Nam, Lo",172088,KokMeng_Leong@amat.com,"Leong, Kok Meng",WWO,,174026
34947,174028,Suhami_Binhamid@amat.com,"Bin Hamid, Suhaimi",175690,Kimhai_Ng@amat.com,"Ng, Kim Hai",WWO,,174028
34973,174027,Syedmuhammad_Binsyedismail@amat.com,"Bin Syed Ismail, Syed Muhammad",112962,Sherwin_Santos@amat.com,"Santos, Sherwin",WWO,,174027
35020,x0120807,,,,,,,,
35038,174041,Rebecca_Wang@amat.com,"Wang, Qian (WangQian)",164240,Derrick_Chin@amat.com,"Chin, Derrick",CSD,,174041
35055,x0120632,,,,,,,,
35065,x0120753,,,,,,,,
35095,x0120839,,,,,,,,
35104,x0120878,,,,,,,,
35132,x0120880,,,,,,,,
35167,174141,Alifridhwan_Binmohdsalleh@amat.com,"Bin Mohd Salleh, Alif Ridhwan",115051,Sai_kheong_Ng@amat.com,"Ng, Sai kheong",WWO,,174141
35180,x0120912,,,,,,,,
35193,x0120911,,,,,,,,
35208,x099137,,,,,,,,
35275,174154,Ewanie_Binteaminuddin@amat.com,"Binte Aminuddin, Ewanie",112962,Sherwin_Santos@amat.com,"Santos, Sherwin",WWO,,174154
35321,x0120962,,,,,,,,
35335,174155,Chuboon_Tan@amat.com,"Tan, Chu Boon",162321,BoonTiang_Soh@amat.com,"Soh, Boon Tiang",WWO,,174155
35363,x0120988,,,,,,,,
35371,174178,Priyan_Parvez_Sugumaran@amat.com,"Sugumaran, Priyan Parvez",172088,KokMeng_Leong@amat.com,"Leong, Kok Meng",WWO,,174178
35401,x0121023,,,,,,,,
35478,x0120647,,,,,,,,
35512,174191,Abdurraziin_Binabdulrahman@amat.com,"Bin Abdul Rahman, Abdur Razi'in",157692,WaiKeong_Leng@amat.com,"Leng, Wai Keong",WWO,,174191
35553,x0121056,,,,,,,,
35554,x0121098,,,,,,,,
35595,x0121096,,,,,,,,
35611,174229,Kianhengjayden_Soh@amat.com,"Soh, Kian Heng Jayden",112962,Sherwin_Santos@amat.com,"Santos, Sherwin",WWO,,174229
35626,x0121097,,,,,,,,
35667,x0121099,,,,,,,,
35731,x0121105,,,,,,,,
35749,174243,Siewpoh_Lim@amat.com,"Lim, Siew Poh",157692,WaiKeong_Leng@amat.com,"Leng, Wai Keong",WWO,,174243
35784,x0121123,,,,,,,,
35802,x0121129,,,,,,,,
35818,x0121147,,,,,,,,
35966,x0121150,,,,,,,,
35983,x0121196,,,,,,,,
35985,x0121124,,,,,,,,
36006,x0121127,,,,,,,,
36028,x0121195,,,,,,,,
36091,x0121279,,,,,,,,
36119,x0121278,,,,,,,,
36146,174335,Ganesh_Sivaraj@amat.com,"Sivaraj, Ganesh",113305,Steven_Chan@amat.com,"Chan, Steven",WWO,,174335
36203,174351,Chingkeat_Chia@amat.com,"Chia, Ching Keat",121012,Zongbin_Wang@amat.com,"Wang, Ben Zongbin",SPG,,174351
36232,x0121339,,,,,,,,
36287,x0121368,,,,,,,,
36288,x0121369,,,,,,,,
36294,x0121370,,,,,,,,
36295,x0121373,,,,,,,,
36339,x0121372,,,,,,,,
36380,x0121343,,,,,,,,
36424,x0121473,,,,,,,,
36442,x0121465,,,,,,,,
36478,174454,Yorktiong_Sim@amat.com,"Sim, York Tiong",12452,Sean_J_Gregory@amat.com,"Gregory, Sean J",AGS,,174454
36479,x0121606,,,,,,,,
36497,x0121513,,,,,,,,
36535,x0121647,,,,,,,,
36544,x0121641,,,,,,,,
36578,x0121640,,,,,,,,
36658,x0121645,,,,,,,,
36676,x0121646,,,,,,,,
36709,x0121649,,,,,,,,
36731,x0121688,,,,,,,,
36744,x0121703,,,,,,,,
36790,x0121701,,,,,,,,
36811,x0121728,,,,,,,,
36825,x0121708,,,,,,,,
36851,x0121727,,,,,,,,
36889,x0121729,,,,,,,,
36955,x0121785,,,,,,,,
37020,x0121468,,,,,,,,
37028,x0121842,,,,,,,,
37044,x0121844,,,,,,,,
37070,x0121835,,,,,,,,
37105,x0121658,,,,,,,,
37143,174713,Darryl_Lim@amat.com,"Lim, Darryl",113503,Saravanan_Ganesan@amat.com,"Munirathnan Ganesan, Saravanan",WWO,,174713
37182,x0121910,,,,,,,,
37194,174704,Muhddzul_Na@amat.com,"Dzul, Muhd",172506,KimSoon_Wong@amat.com,"Wong, Kim Soon",WWO,,174704
37254,x0121843,,,,,,,,
37283,174742,Desmond_Sieng@amat.com,"Sieng Shee Keong, Desmond",111636,Wee_Kok_Peh@amat.com,"Peh, Wee Kok",WWO,,174742
37300,174772,Tauhid_Muhd@amat.com,"Bin Muhamad, Nur Tauhid",113634,Li_Zhou@amat.com,"Zhou, Li",WWO,,174772
37318,174782,Noorhakym_Binrahmat@amat.com,"Bin Rahmat, Noor Hakym",113503,Saravanan_Ganesan@amat.com,"Munirathnan Ganesan, Saravanan",WWO,,174782
37366,174785,Muhammadhamni_Binabdulsamad@amat.com,"Bin Abdul Samad, Muhammad Hamni",111634,Bok_Lim_Koh@amat.com,"Koh, Bok Lim",WWO,,174785
37386,174777,Rhenhwa_Lai@amat.com,"Lai, Rhen Hwa",117288,CH_Lim@amat.com,"Lim, Cheng Hwee",WWO,,174777
37416,x0122075,,,,,,,,
37440,x0122091,,,,,,,,
37511,x0122117,,,,,,,,
37615,x0122119,,,,,,,,
37637,x0122107,,,,,,,,
37660,x0122109,,,,,,,,
37679,174848,Grace_Ho@amat.com,"Ho, Grace",88965,Timothy_Chan@amat.com,"Chan, Timothy",SPG,,174848
37680,x0122158,,,,,,,,
37699,174951,Kokwey_Yeng@amat.com,"Yeng, Kok Wey",164240,Derrick_Chin@amat.com,"Chin, Derrick",CSD,,174951
37734,175003,Canlasmichaeljustine_Santos@amat.com,"Santos, Canlas Michael Justine",113503,Saravanan_Ganesan@amat.com,"Munirathnan Ganesan, Saravanan",WWO,,175003
37745,x0122284,,,,,,,,
37772,x0122285,,,,,,,,
37806,x0122302,,,,,,,,
37857,x0122320,,,,,,,,
37888,x0122420,,,,,,,,
37944,x0122428,,,,,,,,
37993,175138,Kimseong_Sim@amat.com,"Sim, Kim Seong",120923,Zadig_Lam@amat.com,"Lam, Zadig",AGS,,175138
37994,x0122454,,,,,,,,
38053,x0122455,,,,,,,,
38074,175173,Adolfod_Soriano@amat.com,"Soriano, Adolfo D",113503,Saravanan_Ganesan@amat.com,"Munirathnan Ganesan, Saravanan",WWO,,175173
38099,x0122493,,,,,,,,
38125,x0121953,,,,,,,,
38158,x0122276,,,,,,,,
38177,x0122523,,,,,,,,
38235,175249,Muhammadfauzie_Binrahmat@amat.com,"Bin Rahmat, Muhammad Fauzie",113503,Saravanan_Ganesan@amat.com,"Munirathnan Ganesan, Saravanan",WWO,,175249
38275,175248,Chieng_Chongsiong@amat.com,"Chong Siong, Chieng",71936,Kok_Wah_Ang@amat.com,"Ang, Kok Wah",QUA,,175248
38359,175250,Huiminggary_Soh@amat.com,"Soh, Hui Ming Gary",170848,Zhen_Li@amat.com,"Li, Zhen",AIT,,175250
38376,175262,Sheikmohamed_Jegabarali@amat.com,"JEGABAR ALI, SHEIK MOHAMED",113503,Saravanan_Ganesan@amat.com,"Munirathnan Ganesan, Saravanan",WWO,,175262
38395,175261,Selvakumar_Gabriel@amat.com,"Gabriel, Selvakumar",113503,Saravanan_Ganesan@amat.com,"Munirathnan Ganesan, Saravanan",WWO,,175261
38457,x0122562,,,,,,,,
38496,x0122560,,,,,,,,
38550,175267,Abdulfattaah_Binisa@amat.com,"Bin Isa, Abdul Fattaah",111635,Jeff_Koh@amat.com,"Koh, Jeff",WWO,,175267
38605,x0122577,,,,,,,,
38633,x0122564,,,,,,,,
38678,175309,Mselvin_Arivanantham@amat.com,"Arivanantham, M Selvin",113503,Saravanan_Ganesan@amat.com,"Munirathnan Ganesan, Saravanan",WWO,,175309
38700,x0122673,,,,,,,,
38744,x0122668,,,,,,,,
38758,x0122669,,,,,,,,
38798,x0122670,,,,,,,,
38857,x0122689,,,,,,,,
38866,x0122687,,,,,,,,
38903,x0122688,,,,,,,,
38979,175329,Weijie_Lim@amat.com,"Lim, Wei Jie",172088,KokMeng_Leong@amat.com,"Leong, Kok Meng",WWO,,175329
39004,175328,Ashok_Arumugamvenkada@amat.com,"Arumugam Venkada, Ashok",71936,Kok_Wah_Ang@amat.com,"Ang, Kok Wah",QUA,,175328
39084,x0122720,,,,,,,,
39103,x0122719,,,,,,,,
39122,x0122570,,,,,,,,
39144,x0122748,,,,,,,,
39180,x0122788,,,,,,,,
39229,x0122667,,,,,,,,
39261,x0122805,,,,,,,,
39348,x0122836,,,,,,,,
39545,x0122837,,,,,,,,
39577,x0122845,,,,,,,,
39584,x0122672,,,,,,,,
39620,x0122671,,,,,,,,
39651,x0122789,,,,,,,,
39692,x0122716,,,,,,,,
39714,x0122962,,,,,,,,
39763,x0122105,,,,,,,,
39787,175609,Eebeng_Tan@amat.com,"Tan, Ee Beng",115051,Sai_kheong_Ng@amat.com,"Ng, Sai kheong",WWO,,175609
39878,x0122997,,,,,,,,
39921,175657,Chunil_Jang@amat.com,"JANG, CHUN IL",166865,Teck_Koon_Lee@amat.com,"Lee, Teck Koon",AGS,,175657
39926,x0123042,,,,,,,,
39944,175671,Zhiwei_Thia@amat.com,"Thia, Zhi Wei",175690,Kimhai_Ng@amat.com,"Ng, Kim Hai",WWO,,175671
39998,x0123050,,,,,,,,
40019,175687,Saravanakumar_Velusamy@amat.com,"Velusamy, Saravanakumar",175690,Kimhai_Ng@amat.com,"Ng, Kim Hai",WWO,,175687
40050,175693,Shyju_Kurunthazha@amat.com,"Kurunthazha, Shyju",113503,Saravanan_Ganesan@amat.com,"Munirathnan Ganesan, Saravanan",WWO,,175693
40074,175692,Govindan_Sasikumar@amat.com,"Sasi Kumar, Govindan",113503,Saravanan_Ganesan@amat.com,"Munirathnan Ganesan, Saravanan",WWO,,175692
40097,175690,Kimhai_Ng@amat.com,"Ng, Kim Hai",71970,Matthew_Lousma@amat.com,"Lousma, Matthew O",WWO,,175690
40143,x0121990,,,,,,,,
40173,x0123058,,,,,,,,
40197,x0123106,,,,,,,,
40219,x0123107,,,,,,,,
40269,x0123129,,,,,,,,
40288,x0123136,,,,,,,,
40302,x0123133,,,,,,,,
40320,x0123159,,,,,,,,
40527,x0122963,,,,,,,,
40535,x0123227,,,,,,,,
40541,x0123238,,,,,,,,
40568,x0123049,,,,,,,,
40591,x0123298,,,,,,,,
40622,175893,Ray_Ang@amat.com,"Swe Liam, Ang",113305,Steven_Chan@amat.com,"Chan, Steven",WWO,,175893
40651,x0123359,,,,,,,,
40675,x0123362,,,,,,,,
40806,x0123360,,,,,,,,
40808,x0123361,,,,,,,,
40854,x0123368,,,,,,,,
40905,x0123447,,,,,,,,
40927,x0123449,,,,,,,,
40980,x0123457,,,,,,,,
41020,x0123450,,,,,,,,
41154,175971,Mohamedmalik@amat.com,"Shahul Hameed, Mohamed Moosha Malik",113503,Saravanan_Ganesan@amat.com,"Munirathnan Ganesan, Saravanan",WWO,,175971
41180,175977,Dickson_Wong@amat.com,"Wong, Dickson",104605,Soon_Kiat_Chia@amat.com,"Chia, Soon Kiat",WWO,,175977
41215,x0123483,,,,,,,,
41263,176053,Prabu_Rajasekaran@amat.com,"Rajasekaran, Prabu",113503,Saravanan_Ganesan@amat.com,"Munirathnan Ganesan, Saravanan",WWO,,176053
41287,159353,Heehuat_Goh@amat.com,"GOH, HEE HUAT",111636,Wee_Kok_Peh@amat.com,"Peh, Wee Kok",WWO,,159353
41307,176014,Alagesan_Malaikkolundhu@amat.com,"MALAIKKOLUNDHU, ALAGESAN",113503,Saravanan_Ganesan@amat.com,"Munirathnan Ganesan, Saravanan",WWO,,176014
41327,176009,Nur_Syafiah@amat.com,"SYAFIAH, NUR",83267,Robert_Lonier@amat.com,"Lonier, Robert A",QUA,,176009
41342,176012,Thanarajan_Thanakody@amat.com,"Thanakody, Thanarajan",113503,Saravanan_Ganesan@amat.com,"Munirathnan Ganesan, Saravanan",WWO,,176012
41348,176051,Chua_Zane@amat.com,"Zane, Chua",120032,Cheng_Sun@amat.com,"Sun, Cheng",SPG,,176051
41369,176021,Jeff_Tee@amat.com,"Tee, Jeff",170811,JinKiat_Ng@amat.com,"Ng, Jin Kiat",CTO,,176021
41370,176011,Tiban_Sarga@amat.com,"Sarga, Tiban",113503,Saravanan_Ganesan@amat.com,"Munirathnan Ganesan, Saravanan",WWO,,176011
41377,176010,Jiunshyan_Yee@amat.com,"YEE, JIUN SHYAN",108124,Joe_Xie@amat.com,"Xie, Yong Liang (???)",WWO,,176010
41411,176055,Jianzhen_Tan@amat.com,"Tan, Jian Zhen",80686,Teow_Beng_Lim@amat.com,"Lim, Teow Beng",WWO,,176055
41420,x0123513,,,,,,,,
41437,x0123514,,,,,,,,
41446,x0123515,,,,,,,,
41495,x0123516,,,,,,,,
41525,176069,Syedmuhammadnoh_Binsyedabdulaziz@amat.com,"Bin Syed Abdul Aziz, Syed Muhammad Noh",157692,WaiKeong_Leng@amat.com,"Leng, Wai Keong",WWO,,176069
41551,x0123566,,,,,,,,
41560,x075926,,,,,,,,
41593,x0123568,,,,,,,,
41690,x0123563,,,,,,,,
41708,176081,Muhammadshaifudin_Saleh@amat.com,"Saleh, Muhammad Shaifudin",111634,Bok_Lim_Koh@amat.com,"Koh, Bok Lim",WWO,,176081
41754,176080,Muhammadaslam_Rasid@amat.com,"Rasid, Muhammad Aslam",111634,Bok_Lim_Koh@amat.com,"Koh, Bok Lim",WWO,,176080
41809,176122,Kojijack_Hirayama@amat.com,"Hirayama, Koji Jack",113634,Li_Zhou@amat.com,"Zhou, Li",WWO,,176122
41842,x0123594,,,,,,,,
41849,x0123620,,,,,,,,
41853,x0123678,,,,,,,,
41878,x0123716,,,,,,,,
41883,176199,Mohamadfauzi_Binahmad@amat.com,"Bin Ahmad, Mohamad Fauzi",113051,Mohd_Hassan@amat.com,"Mohd Hassan, Abu Talib",WWO,,176199
41898,176200,Hockseng_Keuk@amat.com,"Keuk, Hock Seng",111636,Wee_Kok_Peh@amat.com,"Peh, Wee Kok",WWO,,176200
41916,x0123752,,,,,,,,
41947,x0123753,,,,,,,,
41974,x0123807,,,,,,,,
41998,x0123801,,,,,,,,
42042,x0123803,,,,,,,,
42205,x0123802,,,,,,,,
42206,x0123808,,,,,,,,
42244,176222,Sarreanraj_Ganasan@amat.com,"Ganasan, Sarrean Raj",175690,Kimhai_Ng@amat.com,"Ng, Kim Hai",WWO,,176222
42248,176233,Law_Kokchun@amat.com,"Kok Chun, Law",104605,Soon_Kiat_Chia@amat.com,"Chia, Soon Kiat",WWO,,176233
42294,176237,Jeffiery_roy@amat.com,"William George, Jeffiery Roy",111570,Selvakumar_Ramasamy@amat.com,"Ramasamy, Selvakumar",AGS,,176237
42298,x0123839,,,,,,,,
42332,176236,Santhosh_Rai@amat.com,"Rai, Santhosh",113503,Saravanan_Ganesan@amat.com,"Munirathnan Ganesan, Saravanan",WWO,,176236
42347,x0123840,,,,,,,,
42362,176256,Yusribin_Isnin@amat.com,"Isnin, Yusri Bin",111636,Wee_Kok_Peh@amat.com,"Peh, Wee Kok",WWO,,176256
42391,176264,Melvin_Koh@amat.com,"Koh, Melvin",80686,Teow_Beng_Lim@amat.com,"Lim, Teow Beng",WWO,,176264
42408,176301,Zhiwendesmond_Tay@amat.com,"Tay, Zhi Wen, Desmond",113051,Mohd_Hassan@amat.com,"Mohd Hassan, Abu Talib",WWO,,176301
42423,x0123946,,,,,,,,
42507,x0124269,,,,,,,,
42510,x0124272,,,,,,,,
42511,x0124273,,,,,,,,
42513,x0124270,,,,,,,,
42514,x0124271,,,,,,,,
